{
  "after_reward": -0.981333,
  "before_reward": -0.981333,
  "cds": 0.455742,
  "goal_rate_after": 0.766667,
  "goal_rate_before": 0.766667,
  "spi": 1.0
}