{
  "after_reward": -0.718333,
  "before_reward": -0.718333,
  "cds": 0.0,
  "goal_rate_after": 0.766667,
  "goal_rate_before": 0.766667,
  "spi": 0.0
}