{
  "after_reward": 0.122,
  "before_reward": 0.122,
  "cds": 0.193714,
  "goal_rate_after": 0.933333,
  "goal_rate_before": 0.933333,
  "spi": 1.0
}