{
  "after_reward": 0.342333,
  "before_reward": 0.342333,
  "cds": 0.0,
  "goal_rate_after": 0.966667,
  "goal_rate_before": 0.966667,
  "spi": 0.0
}