{
  "after_reward": -0.713667,
  "before_reward": -0.713667,
  "cds": 0.0,
  "goal_rate_after": 0.866667,
  "goal_rate_before": 0.866667,
  "spi": 0.0
}