{
  "after_reward": -0.505667,
  "before_reward": -0.505333,
  "cds": 0.057692,
  "goal_rate_after": 0.933333,
  "goal_rate_before": 0.966667,
  "spi": 0.363002
}