{
  "after_reward": -1.155333,
  "before_reward": -1.155333,
  "cds": 0.0,
  "goal_rate_after": 0.666667,
  "goal_rate_before": 0.666667,
  "spi": 0.0
}