{
  "after_reward": -0.076333,
  "before_reward": -0.076333,
  "cds": 0.0,
  "goal_rate_after": 0.933333,
  "goal_rate_before": 0.933333,
  "spi": 0.0
}