{
  "after_reward": -0.874667,
  "before_reward": -0.749333,
  "cds": 0.480014,
  "goal_rate_after": 0.9,
  "goal_rate_before": 0.933333,
  "spi": 1.0
}