{
  "after_reward": -0.716667,
  "before_reward": -0.716667,
  "cds": 0.28378,
  "goal_rate_after": 0.766667,
  "goal_rate_before": 0.766667,
  "spi": 1.0
}