{
  "after_reward": 0.378667,
  "before_reward": 0.345333,
  "cds": 0.224291,
  "goal_rate_after": 1.0,
  "goal_rate_before": 1.0,
  "spi": 0.990119
}