{
  "after_reward": -0.842333,
  "before_reward": -0.842333,
  "cds": 0.005941,
  "goal_rate_after": 0.933333,
  "goal_rate_before": 0.933333,
  "spi": 1.0
}