{
  "after_reward": -0.912333,
  "before_reward": -0.912333,
  "cds": 0.181943,
  "goal_rate_after": 0.666667,
  "goal_rate_before": 0.666667,
  "spi": 1.0
}