{
  "after_reward": -0.613667,
  "before_reward": -0.613667,
  "cds": 0.36285,
  "goal_rate_after": 0.833333,
  "goal_rate_before": 0.833333,
  "spi": 1.0
}