{
  "after_reward": -1.135333,
  "before_reward": -1.135333,
  "cds": 0.095169,
  "goal_rate_after": 0.633333,
  "goal_rate_before": 0.633333,
  "spi": 1.0
}