{
  "after_reward": -1.008333,
  "before_reward": -1.071333,
  "cds": 0.115993,
  "goal_rate_after": 0.8,
  "goal_rate_before": 0.766667,
  "spi": 0.165474
}