{
  "after_reward": -1.261333,
  "before_reward": -1.261333,
  "cds": 0.007463,
  "goal_rate_after": 0.666667,
  "goal_rate_before": 0.666667,
  "spi": 0.75
}