{
  "after_reward": 0.748667,
  "before_reward": 0.757333,
  "cds": 0.005495,
  "goal_rate_after": 1.0,
  "goal_rate_before": 1.0,
  "spi": 0.965517
}