{
  "agent": {
    "action_size": 4,
    "cue_exploration_bias": 0.0,
    "cue_regularization": 0.025,
    "epsilon": 0.05,
    "state_size": 6,
    "target_weights": [
      [
        0.07926149258315122,
        0.03633456854893621,
        0.03524686385493479,
        -0.013720192678376738,
        9.4e-323,
        -9.4e-323,
        0.09520380684522632
      ],
      [
        0.2697259182258183,
        0.19944739638834172,
        -0.025534216007318145,
        0.009697745794825812,
        -9.4e-323,
        9.4e-323,
        0.19015658945503727
      ],
      [
        0.06475202215071132,
        0.06896849895617653,
        0.00856397591812078,
        0.0032669576835069746,
        9.4e-323,
        -9.4e-323,
        0.09153721360419709
      ],
      [
        0.19239290953210644,
        0.26242396813399843,
        0.019045256808549786,
        -0.06992453551756705,
        -9.4e-323,
        9.4e-323,
        0.20502162776454125
      ]
    ],
    "weights": [
      [
        0.08141811358332723,
        0.03834270399117751,
        0.03591572318551412,
        -0.012902847789862696,
        9.4e-323,
        -9.4e-323,
        0.09802928717598167
      ],
      [
        0.2724121954928169,
        0.2017210461879044,
        -0.025681825100370512,
        0.009962764169209345,
        -9.4e-323,
        9.4e-323,
        0.1926952576289835
      ],
      [
        0.06475202215071132,
        0.06896849895617653,
        0.008698923836288326,
        0.0034019056016745203,
        9.4e-323,
        -9.4e-323,
        0.09167216152236464
      ],
      [
        0.1932524098062382,
        0.2635066454859982,
        0.019512103164342695,
        -0.06968086623964224,
        -9.4e-323,
        9.4e-323,
        0.20634797439446595
      ]
    ]
  },
  "cues": [],
  "env": {
    "delay": 0,
    "grid_size": 10,
    "max_steps": 200,
    "noise": 0.0,
    "num_cues": 0,
    "reward_sparse_prob": 1.0
  },
  "seed": 15
}