{
  "agent": {
    "action_size": 4,
    "cue_exploration_bias": 0.0,
    "cue_regularization": 0.025,
    "epsilon": 0.05,
    "state_size": 6,
    "target_weights": [
      [
        0.09689563503762953,
        0.12246865709468815,
        0.048371946087042914,
        0.0023444263761383923,
        -9.4e-323,
        -9.4e-323,
        0.12325160050456911
      ],
      [
        0.27500267704385806,
        0.2188710831197237,
        -0.02317016367910694,
        0.023180086834779307,
        9.4e-323,
        -9.4e-323,
        0.22352749542246808
      ],
      [
        0.08602815924849036,
        0.15927918488347056,
        0.015697239763638855,
        0.03266830170295763,
        -9.4e-323,
        9.4e-323,
        0.13867987559164993
      ],
      [
        0.19801919565525616,
        0.2943984522043657,
        0.012175626978114818,
        -0.055405460737341886,
        9.4e-323,
        9.4e-323,
        0.22026038697044759
      ]
    ],
    "weights": [
      [
        0.09698333662547326,
        0.12276081919815364,
        0.04902145211191146,
        0.0027894718853851974,
        -9.4e-323,
        -9.4e-323,
        0.12398880811728138
      ],
      [
        0.277145068253945,
        0.22050393354077527,
        -0.023361560853724407,
        0.023498230449197265,
        9.4e-323,
        -9.4e-323,
        0.22547848945793775
      ],
      [
        0.08697750375559359,
        0.16024668946833182,
        0.015876212618404696,
        0.03282911447996547,
        -9.4e-323,
        9.4e-323,
        0.139808192953519
      ],
      [
        0.1998786343268053,
        0.296583987821567,
        0.012552458173470903,
        -0.05535472648763816,
        9.4e-323,
        9.4e-323,
        0.2224966568373529
      ]
    ]
  },
  "cues": [],
  "env": {
    "delay": 0,
    "grid_size": 10,
    "max_steps": 200,
    "noise": 0.0,
    "num_cues": 0,
    "reward_sparse_prob": 1.0
  },
  "seed": 12
}