{
  "agent": {
    "action_size": 4,
    "cue_exploration_bias": 0.0,
    "cue_regularization": 0.025,
    "epsilon": 0.05,
    "state_size": 6,
    "target_weights": [
      [
        0.01881007343189937,
        0.04198520845954599,
        -0.04071425819183904,
        0.014955118820958324,
        -9.4e-323,
        -9.4e-323,
        0.0468613221078996
      ],
      [
        0.17125124350704118,
        0.14995162274192592,
        -0.05839180607982986,
        -0.011504017021779002,
        -9.4e-323,
        -9.4e-323,
        0.15257883016551
      ],
      [
        0.028515088260091487,
        0.033050686101610355,
        -0.031221125542776052,
        -0.012273113934606922,
        -9.4e-323,
        9.4e-323,
        0.04346507218792487
      ],
      [
        0.15192143082503537,
        0.17812361454330103,
        -0.006897098611000687,
        -0.08013255858633155,
        9.4e-323,
        -9.4e-323,
        0.1483549230496325
      ]
    ],
    "weights": [
      [
        0.019206524055944873,
        0.04248022878989228,
        -0.040369807169496875,
        0.0152010001369997,
        -9.4e-323,
        -9.4e-323,
        0.04760222375428727
      ],
      [
        0.17425673613963732,
        0.15249411741306687,
        -0.058227347318250175,
        -0.010876560298744193,
        -9.4e-323,
        -9.4e-323,
        0.1557487815596858
      ],
      [
        0.029277041091690874,
        0.03372797750747648,
        -0.031221125542776052,
        -0.012188452508873657,
        -9.4e-323,
        9.4e-323,
        0.04422702501952425
      ],
      [
        0.15357644723422414,
        0.18031306726840104,
        -0.006623507594392067,
        -0.0803934038856342,
        9.4e-323,
        -9.4e-323,
        0.15028353047542992
      ]
    ]
  },
  "cues": [],
  "env": {
    "delay": 0,
    "grid_size": 10,
    "max_steps": 200,
    "noise": 0.0,
    "num_cues": 0,
    "reward_sparse_prob": 1.0
  },
  "seed": 8
}