{
  "agent": {
    "action_size": 4,
    "cue_exploration_bias": 0.0,
    "cue_regularization": 0.025,
    "epsilon": 0.05,
    "state_size": 6,
    "target_weights": [
      [
        0.07987654431240435,
        0.09119173366544304,
        -0.0019343889987487588,
        0.02505004231132685,
        -9.4e-323,
        9.4e-323,
        0.12574722729580332
      ],
      [
        0.24816527919723058,
        0.19504350707572662,
        -0.03666963213044021,
        0.010314232618853413,
        -9.4e-323,
        9.4e-323,
        0.22676902090179532
      ],
      [
        0.10176511135732823,
        0.08186645942268544,
        0.024616426509715173,
        0.0028167055559119095,
        9.4e-323,
        9.4e-323,
        0.13402259103227374
      ],
      [
        0.2061733819901892,
        0.260385741744795,
        0.024773780604907435,
        -0.0915368032533674,
        -9.4e-323,
        9.4e-323,
        0.21327126267997917
      ]
    ],
    "weights": [
      [
        0.08132633643756104,
        0.0929108089439704,
        -0.0014778023847364615,
        0.025237345771968487,
        -9.4e-323,
        9.4e-323,
        0.1276536060349723
      ],
      [
        0.24943264567920678,
        0.1962692440309773,
        -0.03612589143112538,
        0.010899602844893677,
        -9.4e-323,
        9.4e-323,
        0.22858012808308625
      ],
      [
        0.1019489806332022,
        0.08218767639703083,
        0.025032902058696516,
        0.0030958334064218364,
        9.4e-323,
        9.4e-323,
        0.13462293585712906
      ],
      [
        0.207520926706565,
        0.26229370617523695,
        0.024832514758950177,
        -0.09203848881339054,
        -9.4e-323,
        9.4e-323,
        0.21467754155039787
      ]
    ]
  },
  "cues": [],
  "env": {
    "delay": 0,
    "grid_size": 10,
    "max_steps": 200,
    "noise": 0.0,
    "num_cues": 0,
    "reward_sparse_prob": 1.0
  },
  "seed": 9
}