{
  "agent": {
    "action_size": 4,
    "cue_exploration_bias": 0.0,
    "cue_regularization": 0.025,
    "epsilon": 0.05,
    "state_size": 6,
    "target_weights": [
      [
        0.1025147185594209,
        0.08502282549657658,
        0.03641059061615546,
        0.008390030660904008,
        9.4e-323,
        -9.4e-323,
        0.11027673631497628
      ],
      [
        0.30400293056042144,
        0.1857702654182122,
        -0.057018551302659266,
        -0.004187195755280794,
        -9.4e-323,
        9.4e-323,
        0.21162859223367225
      ],
      [
        0.08928797066470366,
        0.06989405142427826,
        0.02953155287462219,
        0.020641051030922924,
        -9.4e-323,
        -9.4e-323,
        0.09300924664326495
      ],
      [
        0.21362024829062262,
        0.25919857785112516,
        0.011915388784526559,
        -0.01882297311454498,
        -9.4e-323,
        9.4e-323,
        0.20937988062753554
      ]
    ],
    "weights": [
      [
        0.1044341815639874,
        0.08689935468092172,
        0.0370660699130989,
        0.009088443778068852,
        9.4e-323,
        -9.4e-323,
        0.11285167861648626
      ],
      [
        0.30664267429334063,
        0.18813601334474495,
        -0.05784316216811402,
        -0.00473781081434888,
        -9.4e-323,
        9.4e-323,
        0.21344372510113688
      ],
      [
        0.09079481024059652,
        0.0711139284457455,
        0.03030183101359381,
        0.02169829172432017,
        -9.4e-323,
        -9.4e-323,
        0.09528636435812943
      ],
      [
        0.2179675931985635,
        0.2638638088424272,
        0.012764866065286597,
        -0.01829138191714649,
        -9.4e-323,
        9.4e-323,
        0.21457670281623645
      ]
    ]
  },
  "cues": [],
  "env": {
    "delay": 0,
    "grid_size": 10,
    "max_steps": 200,
    "noise": 0.0,
    "num_cues": 0,
    "reward_sparse_prob": 1.0
  },
  "seed": 29
}