{
  "agent": {
    "action_size": 4,
    "cue_exploration_bias": 0.0,
    "cue_regularization": 0.025,
    "epsilon": 0.05,
    "state_size": 6,
    "target_weights": [
      [
        0.14709291451995196,
        0.14319695655428258,
        0.022791886040207814,
        0.05910161222100763,
        9.4e-323,
        -9.4e-323,
        0.16419969243505372
      ],
      [
        0.32268711277292345,
        0.2415761103413068,
        -0.050729366118833615,
        0.04137356471449952,
        -9.4e-323,
        9.4e-323,
        0.26623093658745905
      ],
      [
        0.16081972990497698,
        0.13320576504261836,
        0.02534183960742686,
        0.03763978041003388,
        9.4e-323,
        9.4e-323,
        0.18001053010481838
      ],
      [
        0.24166297912644571,
        0.31351964976796126,
        0.01934174269870142,
        -0.02825291486416251,
        -9.4e-323,
        9.4e-323,
        0.2800618058755771
      ]
    ],
    "weights": [
      [
        0.1477395507728634,
        0.14392442233880795,
        0.022872715571821745,
        0.05910161222100763,
        9.4e-323,
        -9.4e-323,
        0.1649271582195791
      ],
      [
        0.3233546819771525,
        0.24214885948728862,
        -0.05064639600328443,
        0.04155135488829601,
        -9.4e-323,
        9.4e-323,
        0.2669814759072373
      ],
      [
        0.16177387715814937,
        0.1340953526418084,
        0.025531447838927423,
        0.03789394829551676,
        9.4e-323,
        9.4e-323,
        0.18115428558949132
      ],
      [
        0.24142962498249415,
        0.31329285909709564,
        0.019468670810300303,
        -0.028132550225649658,
        -9.4e-323,
        9.4e-323,
        0.2799553798432244
      ]
    ]
  },
  "cues": [],
  "env": {
    "delay": 0,
    "grid_size": 10,
    "max_steps": 200,
    "noise": 0.0,
    "num_cues": 0,
    "reward_sparse_prob": 1.0
  },
  "seed": 3
}