{
  "agent": {
    "action_size": 4,
    "cue_exploration_bias": 0.0,
    "cue_regularization": 0.025,
    "epsilon": 0.05,
    "state_size": 6,
    "target_weights": [
      [
        0.08463162841426242,
        0.08508725290797946,
        0.021250916806982934,
        -0.003283935886327797,
        -9.4e-323,
        -9.4e-323,
        0.11832353979230939
      ],
      [
        0.25798965384373884,
        0.1768095332413234,
        -0.03586284853861663,
        0.013348454503309532,
        -9.4e-323,
        -9.4e-323,
        0.2031844462018654
      ],
      [
        0.06907459497712595,
        0.13362897051484476,
        0.0004338132960431463,
        0.029732044594109,
        -9.4e-323,
        9.4e-323,
        0.1053231993279569
      ],
      [
        0.19780592551794055,
        0.26058733551518565,
        0.014774839262281916,
        -0.05199597560123171,
        9.4e-323,
        -9.4e-323,
        0.18569911555396504
      ]
    ],
    "weights": [
      [
        0.08503716917468114,
        0.08559581226191962,
        0.021710167048728746,
        -0.0029277042381034234,
        -9.4e-323,
        -9.4e-323,
        0.11918833079447393
      ],
      [
        0.26156141577561787,
        0.179883776392884,
        -0.03574835248592738,
        0.013960469336317382,
        -9.4e-323,
        -9.4e-323,
        0.2068707041864337
      ],
      [
        0.06912376835465077,
        0.1337273172698944,
        0.0006059201173800233,
        0.029854978037921056,
        -9.4e-323,
        9.4e-323,
        0.1055444795268186
      ],
      [
        0.20030853797860831,
        0.26349515127261774,
        0.014937698366334514,
        -0.052238319793943576,
        9.4e-323,
        -9.4e-323,
        0.18836458711868526
      ]
    ]
  },
  "cues": [],
  "env": {
    "delay": 0,
    "grid_size": 10,
    "max_steps": 200,
    "noise": 0.0,
    "num_cues": 0,
    "reward_sparse_prob": 1.0
  },
  "seed": 28
}