{
  "agent": {
    "action_size": 4,
    "cue_exploration_bias": 0.0,
    "cue_regularization": 0.025,
    "epsilon": 0.05,
    "state_size": 6,
    "target_weights": [
      [
        0.10477455606763618,
        0.13524956931591453,
        0.05103836030561382,
        0.015788861226679426,
        9.4e-323,
        9.4e-323,
        0.1151319014513843
      ],
      [
        0.30555647742156483,
        0.21559127393950064,
        -0.054793153731717587,
        0.00042549681007356555,
        9.4e-323,
        -9.4e-323,
        0.2464315795584848
      ],
      [
        0.1239698289384169,
        0.10710018869998088,
        0.03545428753017511,
        0.022959787944971458,
        9.4e-323,
        -9.4e-323,
        0.11334267588782294
      ],
      [
        0.2381519017864023,
        0.28426710042362985,
        0.0370746159238239,
        -0.051189813758430285,
        -9.4e-323,
        9.4e-323,
        0.24354202607362377
      ]
    ],
    "weights": [
      [
        0.10562228484364486,
        0.1360031060057,
        0.05103836030561382,
        0.01588305331290261,
        9.4e-323,
        9.4e-323,
        0.11597963022739298
      ],
      [
        0.30737147296415895,
        0.21719221049077586,
        -0.05471544234555119,
        0.0007172671875588748,
        9.4e-323,
        -9.4e-323,
        0.24832428648724533
      ],
      [
        0.12397778947830301,
        0.10710018869998088,
        0.035517971849264036,
        0.023031432803946497,
        9.4e-323,
        -9.4e-323,
        0.11341432074679798
      ],
      [
        0.2391140703190373,
        0.28534220552772444,
        0.037268311127730706,
        -0.051109055125982995,
        -9.4e-323,
        9.4e-323,
        0.24469788981016566
      ]
    ]
  },
  "cues": [],
  "env": {
    "delay": 0,
    "grid_size": 10,
    "max_steps": 200,
    "noise": 0.0,
    "num_cues": 0,
    "reward_sparse_prob": 1.0
  },
  "seed": 25
}