{
  "agent": {
    "action_size": 4,
    "cue_exploration_bias": 0.0,
    "cue_regularization": 0.025,
    "epsilon": 0.05,
    "state_size": 6,
    "target_weights": [
      [
        0.04552398299443863,
        0.042955583549017524,
        -0.03613035144301712,
        -0.03235512144146216,
        9.4e-323,
        9.4e-323,
        0.01882231726087161
      ],
      [
        0.17141580736937684,
        0.13385898112121147,
        -0.057899472287729244,
        -0.004010046545934996,
        -9.4e-323,
        -9.4e-323,
        0.1122319528201701
      ],
      [
        0.053055845009610816,
        0.05426059553650045,
        0.0061076799303110725,
        -0.003101727233677225,
        -9.4e-323,
        -9.4e-323,
        -0.00902546855634937
      ],
      [
        0.11976332630810135,
        0.17438467778690595,
        -0.027261277223090033,
        -0.05194270075868324,
        9.4e-323,
        9.4e-323,
        0.13537807164993113
      ]
    ],
    "weights": [
      [
        0.04552398299443863,
        0.042955583549017524,
        -0.03613035144301712,
        -0.03235512144146216,
        9.4e-323,
        9.4e-323,
        0.01882231726087161
      ],
      [
        0.17289628584920103,
        0.1351989048750287,
        -0.05788285883088741,
        -0.003852878363086206,
        -9.4e-323,
        -9.4e-323,
        0.1137290447568361
      ],
      [
        0.053055845009610816,
        0.05426059553650045,
        0.0061076799303110725,
        -0.003101727233677225,
        -9.4e-323,
        -9.4e-323,
        -0.00902546855634937
      ],
      [
        0.11962984162773471,
        0.17425482227303982,
        -0.027282607747016106,
        -0.05196766044910982,
        9.4e-323,
        9.4e-323,
        0.13522325644563837
      ]
    ]
  },
  "cues": [],
  "env": {
    "delay": 0,
    "grid_size": 10,
    "max_steps": 200,
    "noise": 0.0,
    "num_cues": 0,
    "reward_sparse_prob": 1.0
  },
  "seed": 2
}