{
  "agent": {
    "action_size": 4,
    "cue_exploration_bias": 0.0,
    "cue_regularization": 0.025,
    "epsilon": 0.05,
    "state_size": 6,
    "target_weights": [
      [
        0.10727948651972495,
        0.11566161701723228,
        0.04841406193829854,
        0.01896187055959431,
        9.4e-323,
        9.4e-323,
        0.11417776083730313
      ],
      [
        0.2615888252452686,
        0.19843284284457757,
        -0.024275252289605816,
        0.004027970004140156,
        -9.4e-323,
        -9.4e-323,
        0.2375991143239875
      ],
      [
        0.1245495823320063,
        0.09990455021833429,
        0.04559713819585441,
        0.030102543158850168,
        9.4e-323,
        9.4e-323,
        0.10905845203586928
      ],
      [
        0.17711892211174632,
        0.28301077982310213,
        0.002009889875585785,
        -0.06523970662477367,
        -9.4e-323,
        -9.4e-323,
        0.23249176913361955
      ]
    ],
    "weights": [
      [
        0.10842691650829014,
        0.11686351866649361,
        0.04902995067479067,
        0.019523287635390286,
        9.4e-323,
        9.4e-323,
        0.11594107956236044
      ],
      [
        0.2615617480410828,
        0.19831451965060146,
        -0.024320453411099698,
        0.004074014872436515,
        -9.4e-323,
        -9.4e-323,
        0.23752683599830773
      ],
      [
        0.12461392752647625,
        0.10006541320450915,
        0.04585548681005349,
        0.03026437398134433,
        9.4e-323,
        9.4e-323,
        0.1093811458445383
      ],
      [
        0.17761086254739125,
        0.2836295376100319,
        0.0023045733080888663,
        -0.06507184054355537,
        -9.4e-323,
        -9.4e-323,
        0.2332783930017675
      ]
    ]
  },
  "cues": [],
  "env": {
    "delay": 0,
    "grid_size": 10,
    "max_steps": 200,
    "noise": 0.0,
    "num_cues": 0,
    "reward_sparse_prob": 1.0
  },
  "seed": 11
}