{
  "agent": {
    "action_size": 4,
    "cue_exploration_bias": 0.0,
    "cue_regularization": 0.025,
    "epsilon": 0.05,
    "state_size": 6,
    "target_weights": [
      [
        0.11384238319803418,
        0.10570683482318366,
        0.03208335606480355,
        0.028530953253960743,
        -9.4e-323,
        9.4e-323,
        0.1274385119851479
      ],
      [
        0.3057130511223001,
        0.21179255471658048,
        -0.028166828543574444,
        0.012712947064742526,
        9.4e-323,
        9.4e-323,
        0.24059438078649195
      ],
      [
        0.08504622573880655,
        0.0931443969413467,
        0.016428311338942868,
        0.038592748824458845,
        9.4e-323,
        -9.4e-323,
        0.13579904993526656
      ],
      [
        0.22402174608466796,
        0.2895702962289657,
        0.021514339778990126,
        -0.04906550934162846,
        9.4e-323,
        9.4e-323,
        0.24097251671485292
      ]
    ],
    "weights": [
      [
        0.11384238319803418,
        0.10570683482318366,
        0.03208335606480355,
        0.028530953253960743,
        -9.4e-323,
        9.4e-323,
        0.1274385119851479
      ],
      [
        0.3057130511223001,
        0.21179255471658048,
        -0.028166828543574444,
        0.012712947064742526,
        9.4e-323,
        9.4e-323,
        0.24059438078649195
      ],
      [
        0.08504622573880655,
        0.0931443969413467,
        0.016428311338942868,
        0.038592748824458845,
        9.4e-323,
        -9.4e-323,
        0.13579904993526656
      ],
      [
        0.22402174608466796,
        0.2895702962289657,
        0.021514339778990126,
        -0.04906550934162846,
        9.4e-323,
        9.4e-323,
        0.24097251671485292
      ]
    ]
  },
  "cues": [],
  "env": {
    "delay": 0,
    "grid_size": 10,
    "max_steps": 200,
    "noise": 0.0,
    "num_cues": 0,
    "reward_sparse_prob": 1.0
  },
  "seed": 6
}