{
  "agent": {
    "action_size": 4,
    "cue_exploration_bias": 0.0,
    "cue_regularization": 0.025,
    "epsilon": 0.05,
    "state_size": 6,
    "target_weights": [
      [
        0.0727820237108725,
        0.05543663663420449,
        0.002126248246825417,
        0.010535225610603011,
        -9.4e-323,
        9.4e-323,
        0.09362594558933474
      ],
      [
        0.24432705616579503,
        0.20915827775927218,
        -0.06926054810940115,
        0.012370124578873676,
        9.4e-323,
        9.4e-323,
        0.1969465234067187
      ],
      [
        0.11198243897139892,
        0.07359587446840427,
        0.030482856172897067,
        0.008821276052827464,
        9.4e-323,
        -9.4e-323,
        0.07127606915409775
      ],
      [
        0.19531761281530158,
        0.2417764625010306,
        0.01179837990796406,
        -0.05572010514706935,
        9.4e-323,
        -9.4e-323,
        0.20197845732935368
      ]
    ],
    "weights": [
      [
        0.0727820237108725,
        0.05543663663420449,
        0.002126248246825417,
        0.010535225610603011,
        -9.4e-323,
        9.4e-323,
        0.09362594558933474
      ],
      [
        0.24595257971235238,
        0.21042118670061885,
        -0.06929080556257448,
        0.012702481730910969,
        9.4e-323,
        9.4e-323,
        0.19854178950010282
      ],
      [
        0.11198243897139892,
        0.07359587446840427,
        0.030482856172897067,
        0.008821276052827464,
        9.4e-323,
        -9.4e-323,
        0.07127606915409775
      ],
      [
        0.1975218496665525,
        0.24418155627000393,
        0.01267971813481666,
        -0.055039623837938964,
        9.4e-323,
        -9.4e-323,
        0.20506403240745735
      ]
    ]
  },
  "cues": [],
  "env": {
    "delay": 0,
    "grid_size": 10,
    "max_steps": 200,
    "noise": 0.0,
    "num_cues": 0,
    "reward_sparse_prob": 1.0
  },
  "seed": 26
}