{
  "agent": {
    "action_size": 4,
    "cue_exploration_bias": 0.0,
    "cue_regularization": 0.025,
    "epsilon": 0.05,
    "state_size": 6,
    "target_weights": [
      [
        0.08314785918576881,
        0.09958972635658196,
        0.007592240798621325,
        -0.05595815482323206,
        9.4e-323,
        -9.4e-323,
        0.0435074648509989
      ],
      [
        0.21078245510060245,
        0.17567642659308463,
        -0.03499247772243649,
        -0.009596860280355802,
        -9.4e-323,
        -9.4e-323,
        0.17644383164751148
      ],
      [
        0.062157136104873806,
        0.09658870755511022,
        -0.00402142735459224,
        -0.042484079859202994,
        -9.4e-323,
        -9.4e-323,
        0.061763322641676166
      ],
      [
        0.1748101520968917,
        0.2576396200584492,
        -0.013332583591063278,
        -0.07105007156649232,
        -9.4e-323,
        9.4e-323,
        0.14099170111731707
      ]
    ],
    "weights": [
      [
        0.08409390797444675,
        0.10082332797804099,
        0.008163084583126992,
        -0.055674863871507475,
        9.4e-323,
        -9.4e-323,
        0.04502435742418251
      ],
      [
        0.21488486051544492,
        0.17887882940484426,
        -0.03497394607582484,
        -0.008678326030660927,
        -9.4e-323,
        -9.4e-323,
        0.18056476870896612
      ],
      [
        0.0626908770049815,
        0.09727494585524868,
        -0.003868929954561472,
        -0.042484079859202994,
        -9.4e-323,
        -9.4e-323,
        0.06244956094181462
      ],
      [
        0.17885442957524655,
        0.26290757039234214,
        -0.012977617150919732,
        -0.07191877798188719,
        -9.4e-323,
        9.4e-323,
        0.1453909450358156
      ]
    ]
  },
  "cues": [],
  "env": {
    "delay": 0,
    "grid_size": 10,
    "max_steps": 200,
    "noise": 0.0,
    "num_cues": 0,
    "reward_sparse_prob": 1.0
  },
  "seed": 23
}