{
  "agent": {
    "action_size": 4,
    "cue_exploration_bias": 0.0,
    "cue_regularization": 0.025,
    "epsilon": 0.05,
    "state_size": 6,
    "target_weights": [
      [
        0.11201692109336946,
        0.11325439475868744,
        0.054577315421120993,
        0.00825093511894485,
        9.4e-323,
        -9.4e-323,
        0.14158813772859197
      ],
      [
        0.2960478216534961,
        0.20598275499497126,
        -0.03907416859810655,
        0.0009670779703084353,
        -9.4e-323,
        -9.4e-323,
        0.2801198955246044
      ],
      [
        0.0935517964855408,
        0.12276567691279844,
        0.026065427389039622,
        0.02203431037230897,
        9.4e-323,
        -9.4e-323,
        0.16311841919684167
      ],
      [
        0.21130966760233086,
        0.3141103318989445,
        0.0031491363914624344,
        -0.059659633377751,
        -9.4e-323,
        -9.4e-323,
        0.27325486752402717
      ]
    ],
    "weights": [
      [
        0.1125446795128292,
        0.11393013407733749,
        0.05502876632226394,
        0.00855440512089751,
        9.4e-323,
        -9.4e-323,
        0.14256734704919466
      ],
      [
        0.2990538495650581,
        0.20879069979167278,
        -0.03819802051425517,
        0.0020413091690201332,
        -9.4e-323,
        -9.4e-323,
        0.2840020715200177
      ],
      [
        0.0947360007132473,
        0.1240917263753926,
        0.026897442855585176,
        0.02272448060396687,
        9.4e-323,
        -9.4e-323,
        0.16513463889109373
      ],
      [
        0.2134256919565113,
        0.3164200894959819,
        0.0026889730747176113,
        -0.06031352993735254,
        -9.4e-323,
        -9.4e-323,
        0.274910728561463
      ]
    ]
  },
  "cues": [],
  "env": {
    "delay": 0,
    "grid_size": 10,
    "max_steps": 200,
    "noise": 0.0,
    "num_cues": 0,
    "reward_sparse_prob": 1.0
  },
  "seed": 7
}