{
  "agent": {
    "action_size": 4,
    "cue_exploration_bias": 0.0,
    "cue_regularization": 0.025,
    "epsilon": 0.05,
    "state_size": 6,
    "target_weights": [
      [
        0.12789324865212018,
        0.14298255601267032,
        0.032254375971686663,
        0.023093733085757514,
        -9.4e-323,
        9.4e-323,
        0.13565400233008
      ],
      [
        0.2821915503955395,
        0.23018955286414378,
        -0.04228216949038582,
        0.020504744204456884,
        -9.4e-323,
        -9.4e-323,
        0.26491754624542746
      ],
      [
        0.12229443872081497,
        0.13289773553374337,
        0.018246410982016698,
        0.015283018028583444,
        -9.4e-323,
        9.4e-323,
        0.1630927982639436
      ],
      [
        0.2368030231288851,
        0.3023412965145981,
        0.019737918742245036,
        -0.060529767771182866,
        9.4e-323,
        9.4e-323,
        0.24143025173180452
      ]
    ],
    "weights": [
      [
        0.13054285937229657,
        0.14551103090429815,
        0.032929694251022615,
        0.023890187193642037,
        -9.4e-323,
        9.4e-323,
        0.13897893132959233
      ],
      [
        0.2830161182110358,
        0.23098768395269326,
        -0.04200232042499145,
        0.02081102999679817,
        -9.4e-323,
        -9.4e-323,
        0.26602196312631804
      ],
      [
        0.12313364844308795,
        0.13367880145278058,
        0.018486185188380407,
        0.015580936038182936,
        -9.4e-323,
        9.4e-323,
        0.16417178219258027
      ],
      [
        0.23720609329360848,
        0.30302354806213516,
        0.020322266933784777,
        -0.06022460096245677,
        9.4e-323,
        9.4e-323,
        0.24241767008806758
      ]
    ]
  },
  "cues": [],
  "env": {
    "delay": 0,
    "grid_size": 10,
    "max_steps": 200,
    "noise": 0.0,
    "num_cues": 0,
    "reward_sparse_prob": 1.0
  },
  "seed": 19
}