{
  "agent": {
    "action_size": 4,
    "cue_exploration_bias": 0.0,
    "cue_regularization": 0.025,
    "epsilon": 0.05,
    "state_size": 6,
    "target_weights": [
      [
        0.11889045464682232,
        0.10215995584033807,
        0.01618822257417805,
        0.041844592452590965,
        -9.4e-323,
        9.4e-323,
        0.1339014760432207
      ],
      [
        0.29970028779371,
        0.20675601726620443,
        -0.046593424081981985,
        0.01083997217083922,
        -9.4e-323,
        9.4e-323,
        0.24549098109963682
      ],
      [
        0.13948342511489734,
        0.12649161410136836,
        0.008184793854791587,
        0.06959646942571807,
        9.4e-323,
        9.4e-323,
        0.11674550027667335
      ],
      [
        0.20853323309661123,
        0.27890251268394317,
        0.016423017028285816,
        -0.04806204542995883,
        -9.4e-323,
        -9.4e-323,
        0.25704492406005325
      ]
    ],
    "weights": [
      [
        0.11889045464682232,
        0.10215995584033807,
        0.01618822257417805,
        0.041844592452590965,
        -9.4e-323,
        9.4e-323,
        0.1339014760432207
      ],
      [
        0.2993586062967545,
        0.20642050979921622,
        -0.04666421344369261,
        0.010763008779161263,
        -9.4e-323,
        9.4e-323,
        0.2450785102409707
      ],
      [
        0.13948342511489734,
        0.12649161410136836,
        0.008184793854791587,
        0.06959646942571807,
        9.4e-323,
        9.4e-323,
        0.11674550027667335
      ],
      [
        0.20667435314365598,
        0.2772351528046683,
        0.016407379275419343,
        -0.04826920325650567,
        -9.4e-323,
        -9.4e-323,
        0.25517040635423155
      ]
    ]
  },
  "cues": [],
  "env": {
    "delay": 0,
    "grid_size": 10,
    "max_steps": 200,
    "noise": 0.0,
    "num_cues": 0,
    "reward_sparse_prob": 1.0
  },
  "seed": 16
}