{
  "agent": {
    "action_size": 4,
    "cue_exploration_bias": 0.0,
    "cue_regularization": 0.025,
    "epsilon": 0.05,
    "state_size": 6,
    "target_weights": [
      [
        0.11733156710663155,
        0.10752567971599858,
        0.037056851951304835,
        0.04198602708010631,
        -9.4e-323,
        9.4e-323,
        0.13835622478569512
      ],
      [
        0.3066620930558901,
        0.2310236571749299,
        -0.046480367142285046,
        0.025735384944368955,
        9.4e-323,
        -9.4e-323,
        0.2468395671728447
      ],
      [
        0.13782715005107982,
        0.11489702122697758,
        0.029872376397389443,
        0.029259288750210253,
        9.4e-323,
        -9.4e-323,
        0.1538203332224787
      ],
      [
        0.24057234708054015,
        0.30328000154084034,
        0.034048478185501545,
        -0.042623958427032684,
        9.4e-323,
        -9.4e-323,
        0.24310447825753193
      ]
    ],
    "weights": [
      [
        0.11733156710663155,
        0.10752567971599858,
        0.037056851951304835,
        0.04198602708010631,
        -9.4e-323,
        9.4e-323,
        0.13835622478569512
      ],
      [
        0.3088540548418781,
        0.23295516428399257,
        -0.04641330698821102,
        0.02606289977536844,
        9.4e-323,
        -9.4e-323,
        0.24909858911290683
      ],
      [
        0.13782715005107982,
        0.11489702122697758,
        0.029872376397389443,
        0.029259288750210253,
        9.4e-323,
        -9.4e-323,
        0.1538203332224787
      ],
      [
        0.240571292036546,
        0.3032731143601079,
        0.034109677037389353,
        -0.042556927438406535,
        9.4e-323,
        -9.4e-323,
        0.2431646220654256
      ]
    ]
  },
  "cues": [],
  "env": {
    "delay": 0,
    "grid_size": 10,
    "max_steps": 200,
    "noise": 0.0,
    "num_cues": 0,
    "reward_sparse_prob": 1.0
  },
  "seed": 20
}