{
  "agent": {
    "action_size": 4,
    "cue_exploration_bias": 0.0,
    "cue_regularization": 0.025,
    "epsilon": 0.05,
    "state_size": 6,
    "target_weights": [
      [
        0.04706474795113818,
        0.040041163265418775,
        -0.004190790053514876,
        0.024967873194429988,
        -9.4e-323,
        9.4e-323,
        0.07334825080055409
      ],
      [
        0.24554235952060197,
        0.17279684116412086,
        -0.06751761625949,
        -0.009186967046219805,
        -9.4e-323,
        9.4e-323,
        0.16726987286408096
      ],
      [
        0.046422603297894875,
        0.015473287905219452,
        -0.015726937321916042,
        -0.029889092339567252,
        9.4e-323,
        9.4e-323,
        0.05161127883519702
      ],
      [
        0.184252829720887,
        0.2112137003119094,
        0.0008947659288086214,
        -0.050857928137861504,
        -9.4e-323,
        9.4e-323,
        0.18056522797971072
      ]
    ],
    "weights": [
      [
        0.04814719080879714,
        0.04109796999571963,
        -0.0036111144336482427,
        0.025573184941654725,
        -9.4e-323,
        9.4e-323,
        0.07501036927807968
      ],
      [
        0.2457578017773804,
        0.17283505288674497,
        -0.06748118937272878,
        -0.008973309625304347,
        -9.4e-323,
        9.4e-323,
        0.1675217420076206
      ],
      [
        0.046422603297894875,
        0.015473287905219452,
        -0.015726937321916042,
        -0.029889092339567252,
        9.4e-323,
        9.4e-323,
        0.05161127883519702
      ],
      [
        0.18492896367210993,
        0.21193511563997738,
        0.0012837323390259884,
        -0.05051424310448913,
        -9.4e-323,
        9.4e-323,
        0.18163032834115103
      ]
    ]
  },
  "cues": [],
  "env": {
    "delay": 0,
    "grid_size": 10,
    "max_steps": 200,
    "noise": 0.0,
    "num_cues": 0,
    "reward_sparse_prob": 1.0
  },
  "seed": 21
}