{
  "agent": {
    "action_size": 4,
    "cue_exploration_bias": 0.0,
    "cue_regularization": 0.025,
    "epsilon": 0.05,
    "state_size": 6,
    "target_weights": [
      [
        0.1091292053926242,
        0.1286267586341465,
        0.06868797724484343,
        0.0067241296485141145,
        -9.4e-323,
        9.4e-323,
        0.13146852837640993
      ],
      [
        0.2637902775548509,
        0.23832982180121556,
        -0.056916849582882977,
        0.038673873117637904,
        -9.4e-323,
        -9.4e-323,
        0.258599600637731
      ],
      [
        0.11286567463025653,
        0.10936869868971223,
        0.044312962536843165,
        0.014328091853931298,
        9.4e-323,
        9.4e-323,
        0.16204627355128703
      ],
      [
        0.21045545402636995,
        0.31437523516814475,
        0.012023497071015054,
        -0.05754518242043466,
        9.4e-323,
        -9.4e-323,
        0.25220671086274615
      ]
    ],
    "weights": [
      [
        0.11054532165016706,
        0.1301395519361659,
        0.06921620808623358,
        0.007155683445427735,
        -9.4e-323,
        9.4e-323,
        0.13341287547534292
      ],
      [
        0.2682735954893554,
        0.2422621841590546,
        -0.05640018541004252,
        0.039741492867143575,
        -9.4e-323,
        -9.4e-323,
        0.2635995827450758
      ],
      [
        0.11416832573432684,
        0.11087455704384991,
        0.044953296199326,
        0.014765218266346757,
        9.4e-323,
        9.4e-323,
        0.16398925831784017
      ],
      [
        0.2093931748373459,
        0.31364110622740193,
        0.011967539753735448,
        -0.057929289985995315,
        9.4e-323,
        -9.4e-323,
        0.2510884743564422
      ]
    ]
  },
  "cues": [],
  "env": {
    "delay": 0,
    "grid_size": 10,
    "max_steps": 200,
    "noise": 0.0,
    "num_cues": 0,
    "reward_sparse_prob": 1.0
  },
  "seed": 27
}