{
  "agent": {
    "action_size": 4,
    "cue_exploration_bias": 0.0,
    "cue_regularization": 0.025,
    "epsilon": 0.05,
    "state_size": 11,
    "target_weights": [
      [
        0.10530073984610515,
        0.11447247117847734,
        0.027181751609670235,
        0.026935891349226762,
        2.6674537264004542e-06,
        5.707758723785502e-09,
        2.1842353955815823e-37,
        9.4e-323,
        -9.4e-323,
        5.6750268595531676e-195,
        1.1311354642782579e-21,
        0.12429099841656112
      ],
      [
        0.3059544657329838,
        0.2183919204004639,
        -0.03682220185473453,
        0.03475976621865327,
        9.847252652751347e-07,
        5.55259493758803e-06,
        3.86037737201037e-10,
        -1.171738218945402e-13,
        -3.452021619169877e-09,
        -9.4e-323,
        -3.809542811816934e-05,
        0.22494642838100576
      ],
      [
        0.09165898886852765,
        0.11327004033596924,
        0.00706578857745427,
        0.022357427600254245,
        3.5554196187719606e-05,
        1.0817291164487796e-09,
        9.655811556092436e-09,
        3.592415889511957e-164,
        1.0919619191667416e-07,
        -9.4e-323,
        0.00031405308410058236,
        0.14972477789167987
      ],
      [
        0.22808093832965667,
        0.2712971221503841,
        0.021346141524990942,
        -0.042705013133921874,
        0.0001627292285132061,
        1.784647092102083e-05,
        -2.6997438482073753e-05,
        1.4604439105986384e-43,
        7.346990109026082e-114,
        1.9920394983264478e-187,
        1.172078584350818e-07,
        0.24741110005110853
      ]
    ],
    "weights": [
      [
        0.10659548275215308,
        0.11581499445199339,
        0.02781979693458205,
        0.027526156306670452,
        -3.7371912129032377e-06,
        -2.014457156233494e-05,
        3.3456542635494805e-40,
        9.4e-323,
        -9.4e-323,
        8.692596890806445e-198,
        1.7325917327271056e-24,
        0.12622378664752085
      ],
      [
        0.30773512017904286,
        0.2196900441945657,
        -0.03686934993386991,
        0.03519514879147507,
        0.0001317219181338167,
        7.243317371319777e-05,
        5.913047668627075e-13,
        -1.7947841042722128e-16,
        -2.4530083371702453e-06,
        -9.4e-323,
        -2.017236927017114e-05,
        0.22667993474792908
      ],
      [
        0.09170231561822208,
        0.11331336708566367,
        0.00721743220138475,
        0.022509071224184725,
        9.157718433825882e-06,
        2.2758164269357693e-06,
        1.4790075816013095e-11,
        5.502603593688378e-167,
        1.6725885213123426e-10,
        -9.4e-323,
        4.810438663925272e-07,
        0.14991974826530477
      ],
      [
        0.2293055347233552,
        0.2729958516220708,
        0.021982827300732963,
        -0.042542460436168036,
        0.00015246202198033456,
        5.0381571276068825e-06,
        -3.0423488700653496e-05,
        2.237002662832593e-46,
        1.1253589623280541e-116,
        3.0512624482766816e-190,
        2.8564805525060444e-06,
        0.24927238222054895
      ]
    ]
  },
  "cues": [
    [
      5,
      7
    ],
    [
      7,
      4
    ],
    [
      6,
      3
    ],
    [
      7,
      0
    ],
    [
      6,
      4
    ]
  ],
  "env": {
    "delay": 0,
    "grid_size": 10,
    "max_steps": 200,
    "noise": 0.0,
    "num_cues": 5,
    "reward_sparse_prob": 1.0
  },
  "seed": 16
}