{
  "agent": {
    "action_size": 4,
    "cue_exploration_bias": 0.0,
    "cue_regularization": 0.025,
    "epsilon": 0.05,
    "state_size": 11,
    "target_weights": [
      [
        0.07754392921760174,
        0.09936535569721432,
        0.009619041883638635,
        0.020211383619156614,
        -9.464770203710518e-06,
        6.929607071564155e-06,
        2.303905813960639e-290,
        3.5281234122451543e-280,
        3.15402483284436e-98,
        2.752591888202921e-05,
        3.9771718253929267e-237,
        0.10890359393418893
      ],
      [
        0.26971175848064866,
        0.1903348291545739,
        -0.024950797361451713,
        0.003512534418882375,
        -9.1228893241996e-05,
        -2.9986905389868994e-05,
        3.9020713018557644e-98,
        -6.191533233981412e-231,
        -2.1288385433239342e-11,
        -0.00020874605116102902,
        1.1257242036802789e-122,
        0.2216951605859636
      ],
      [
        0.09260625371560942,
        0.07288567030123848,
        0.02219309795835084,
        0.0021316379911552963,
        -5.493645788488424e-05,
        6.012013166257752e-05,
        1.3289060479768233e-122,
        7.44729266611547e-227,
        7.913717035694858e-76,
        5.1400601089775555e-06,
        1.3144558061621254e-232,
        0.130926861186552
      ],
      [
        0.2055888259165809,
        0.25578823146588403,
        0.012272552225281529,
        -0.07995050949850321,
        -3.4076182320551326e-05,
        -9.553680705285886e-05,
        -1.7184150097880538e-83,
        4.3203173077552856e-139,
        -9.855292203533494e-06,
        0.0007954407825579423,
        -7.153453011808707e-159,
        0.22207569335386199
      ]
    ],
    "weights": [
      [
        0.07924518663009872,
        0.1009886550873073,
        0.009860333141432675,
        0.02053063289935465,
        -7.200825287549233e-05,
        0.00013945735316869018,
        3.528956780430466e-293,
        5.404125013441502e-283,
        4.8311077875088537e-101,
        4.216221752109156e-08,
        6.091944989725673e-240,
        0.11084614260447995
      ],
      [
        0.27179221624470756,
        0.19206185091807598,
        -0.025036470043395407,
        0.0037802977374954273,
        -1.1715935560481708e-05,
        1.3239258715569237e-05,
        5.976911423620498e-101,
        -9.483744107471805e-234,
        -5.8353792671570276e-06,
        -0.00015794703403560747,
        1.7243031539743622e-125,
        0.22368994566807884
      ],
      [
        0.09429693427929395,
        0.0748076252230151,
        0.022945695598225197,
        0.002652961272937575,
        -3.5526452408438022e-06,
        9.18624540495696e-06,
        2.03552245067731e-125,
        1.1407225846944815e-229,
        1.2121661060229687e-78,
        2.7303946197240787e-05,
        2.0133886123398903e-235,
        0.1333701393901109
      ],
      [
        0.20741320293610185,
        0.2580903735971796,
        0.012499490620386956,
        -0.08020133621517214,
        -1.77138228502089e-05,
        -8.357161703466249e-05,
        -2.6321441890717163e-86,
        6.617550493787057e-142,
        -4.118687617165009e-05,
        0.0007670753855687372,
        -1.095714345462576e-161,
        0.22412700876848848
      ]
    ]
  },
  "cues": [
    [
      3,
      9
    ],
    [
      8,
      2
    ],
    [
      5,
      9
    ],
    [
      7,
      9
    ],
    [
      1,
      9
    ]
  ],
  "env": {
    "delay": 0,
    "grid_size": 10,
    "max_steps": 200,
    "noise": 0.0,
    "num_cues": 5,
    "reward_sparse_prob": 1.0
  },
  "seed": 3
}