{
  "agent": {
    "action_size": 4,
    "cue_exploration_bias": 0.0,
    "cue_regularization": 0.025,
    "epsilon": 0.05,
    "state_size": 11,
    "target_weights": [
      [
        0.08589035246961713,
        0.09558853892161336,
        0.008721299624171664,
        0.0049517776467967204,
        -5.848859985731526e-05,
        4.956979510230814e-05,
        -9.4e-323,
        -9.4e-323,
        1.4354400646793649e-164,
        1.755329686866126e-29,
        2.7762499870936236e-236,
        0.06883078371427045
      ],
      [
        0.2479710426815328,
        0.1815030870584773,
        -0.07904208742915392,
        0.015987713191893967,
        0.00010602330975728368,
        3.5370055126361445e-05,
        1.061107725744107e-217,
        1.5043518682228357e-209,
        7.504379504058192e-19,
        3.0725101692305594e-09,
        7.572508200499136e-182,
        0.19867267027964094
      ],
      [
        0.06823982915940095,
        0.09096526056754739,
        0.011069461827992613,
        0.0044862300992749736,
        -6.840332372127608e-05,
        3.605411792213522e-05,
        -9.4e-323,
        -9.4e-323,
        6.863839175536534e-250,
        -2.4535884676196423e-119,
        1.6263756928103553e-206,
        0.09072311367318898
      ],
      [
        0.19273127849305796,
        0.2400152317764752,
        0.01140000556098286,
        -0.046782323959552036,
        8.334213647178398e-05,
        1.5856964183389696e-05,
        -2.730861162270257e-250,
        -2.5901147945575984e-211,
        -2.032642566664858e-13,
        -1.545944973236872e-05,
        -6.941121759882789e-199,
        0.1956434486134158
      ]
    ],
    "weights": [
      [
        0.08793490056440917,
        0.09765624616341202,
        0.009286327522126993,
        0.005493646397745439,
        -2.1253603939336697e-05,
        2.9507136520874286e-06,
        -9.4e-323,
        -9.4e-323,
        2.900921243551076e-168,
        3.547395187972002e-33,
        5.610601768153414e-240,
        0.07144035970701784
      ],
      [
        0.25226137996946096,
        0.18463399853839063,
        -0.07955253223878787,
        0.01663669419027479,
        -9.656890089736261e-05,
        4.037731194123174e-05,
        2.144422479941592e-221,
        3.04018704764115e-213,
        1.516581183614542e-22,
        5.734452086162302e-05,
        1.5303495037042507e-185,
        0.2024525627579349
      ],
      [
        0.06944866226822896,
        0.0922364298918196,
        0.011381069886417653,
        0.004735501942255813,
        -3.5927189667616624e-05,
        1.6559765992343334e-05,
        -9.4e-323,
        -9.4e-323,
        1.3871325850919216e-253,
        -4.958526018458063e-123,
        3.286788430503032e-210,
        0.09224355484044204
      ],
      [
        0.19369757148116085,
        0.24125820508801443,
        0.012153851854066927,
        -0.046305157989904235,
        -5.333836227377676e-05,
        -1.2548482382678292e-05,
        -5.518874214081459e-254,
        -5.234435916658356e-215,
        -4.1078245948927003e-17,
        -2.6644519099783555e-05,
        -1.4027508401624774e-202,
        0.19736358789460262
      ]
    ]
  },
  "cues": [
    [
      0,
      8
    ],
    [
      1,
      8
    ],
    [
      3,
      6
    ],
    [
      5,
      8
    ],
    [
      4,
      9
    ]
  ],
  "env": {
    "delay": 0,
    "grid_size": 10,
    "max_steps": 200,
    "noise": 0.0,
    "num_cues": 5,
    "reward_sparse_prob": 1.0
  },
  "seed": 19
}