{
  "agent": {
    "action_size": 4,
    "cue_exploration_bias": 0.0,
    "cue_regularization": 0.025,
    "epsilon": 0.05,
    "state_size": 11,
    "target_weights": [
      [
        0.10026463137729023,
        0.0876561903475818,
        0.010930259272234852,
        -0.01892759405286372,
        -7.835415181832242e-06,
        -6.021893882394374e-05,
        1.047830178735166e-292,
        -9.4e-323,
        1.289312384922445e-18,
        4.690310908737678e-278,
        9.4e-323,
        0.07433240705368485
      ],
      [
        0.20868286041293135,
        0.1812588061951819,
        -0.047305134070868914,
        0.0012514458879147787,
        9.612229296639054e-05,
        6.305248501416576e-05,
        -1.318222441434965e-26,
        -1.643432838470127e-10,
        5.389518613231352e-06,
        1.6729593169583792e-17,
        -4.893981595923649e-06,
        0.1912824677311584
      ],
      [
        0.05430312908669964,
        0.0914849297883833,
        -0.0019076343662310436,
        0.0012297862886541076,
        -2.3944139180648304e-06,
        -1.1197244923908542e-07,
        6.248748584848279e-299,
        3.250177861639989e-213,
        7.264247410445542e-05,
        1.7074173297436205e-16,
        1.0450949553687196e-162,
        0.09348841648365834
      ],
      [
        0.18028917656812068,
        0.2309027368480522,
        0.01039659972916917,
        -0.08838398208014224,
        -0.00016958378922205932,
        -5.021575752987235e-05,
        9.155030469285639e-82,
        1.5568902116425484e-10,
        1.3388788052739299e-08,
        -3.923520982121581e-05,
        7.899071647366091e-16,
        0.17135309224013753
      ]
    ],
    "weights": [
      [
        0.10026463137729023,
        0.0876704289399998,
        0.011058406603996774,
        -0.01881368531351979,
        5.168136311852814e-06,
        -1.0482662654947417e-06,
        1.8240192367831296e-294,
        -9.4e-323,
        4.774078767282511e-05,
        8.164698342968401e-280,
        9.4e-323,
        0.07446055438544677
      ],
      [
        0.21193682610818082,
        0.1839937454185745,
        -0.04722379270467451,
        0.0018518137259661209,
        -0.0001301064973152446,
        4.3463556942481697e-05,
        -2.2947068526304766e-28,
        -2.8608195989822303e-12,
        -4.58762342114722e-06,
        2.912218065880795e-19,
        -8.519239812507377e-08,
        0.19461777479260248
      ],
      [
        0.05562709299647041,
        0.09295121565007666,
        -0.0013852409727659627,
        0.0016098577301965947,
        -0.00017179069435860504,
        -4.521631033036741e-05,
        1.0877561894946507e-300,
        5.657774573504028e-215,
        1.2645300055586223e-06,
        2.9722011427735307e-18,
        1.819257873598002e-164,
        0.09533477378689419
      ],
      [
        0.18145021814321072,
        0.23219521045663677,
        0.0104673275011755,
        -0.08844468634163032,
        -0.00015946609193294946,
        -7.091994911690526e-05,
        1.593669664054721e-83,
        2.7101697901307694e-12,
        2.3306645925094163e-10,
        -3.127272526578876e-05,
        1.3750375709655457e-17,
        0.17258486158723385
      ]
    ]
  },
  "cues": [
    [
      7,
      4
    ],
    [
      4,
      3
    ],
    [
      1,
      1
    ],
    [
      4,
      8
    ],
    [
      5,
      4
    ]
  ],
  "env": {
    "delay": 0,
    "grid_size": 10,
    "max_steps": 200,
    "noise": 0.0,
    "num_cues": 5,
    "reward_sparse_prob": 1.0
  },
  "seed": 27
}