{
  "agent": {
    "action_size": 4,
    "cue_exploration_bias": 0.0,
    "cue_regularization": 0.025,
    "epsilon": 0.05,
    "state_size": 11,
    "target_weights": [
      [
        0.08115384301320805,
        0.08263368871089255,
        -0.015447845329461992,
        -0.007497268019553224,
        -0.00033851541240549274,
        -2.8837524489009083e-05,
        4.943230027534782e-07,
        2.0361054310355697e-124,
        9.4e-323,
        9.441813938127008e-241,
        3.2149885125109505e-14,
        0.055963576379604245
      ],
      [
        0.22225733755148752,
        0.19898378052675192,
        -0.04421778803332219,
        0.01322781595218879,
        0.00031655572063683243,
        1.9109416510809335e-05,
        6.857850578233372e-06,
        8.704649145428892e-94,
        -1.3385442960658504e-34,
        1.2795993508418562e-102,
        2.590382963395666e-05,
        0.16582482358504969
      ],
      [
        0.09250066100012579,
        0.07744336133994703,
        0.003938260136168568,
        -0.01453939393267305,
        -0.0001393489434970118,
        -4.167343730229902e-05,
        1.1599625237387979e-20,
        5.696760386266487e-144,
        9.4750033e-316,
        -9.4e-323,
        2.3481121365858825e-06,
        0.05154062640558947
      ],
      [
        0.16495516294434973,
        0.2305289433084366,
        -0.0038575370665201785,
        -0.05739950682011781,
        -0.00014670349998577333,
        0.0003015238047041019,
        -2.2221651253210696e-08,
        -1.941325300714566e-108,
        5.548199146982054e-59,
        -2.0205231346044904e-06,
        -1.951045999753385e-06,
        0.18217416680380336
      ]
    ],
    "weights": [
      [
        0.08115384301320805,
        0.08263368871089255,
        -0.015447845329461992,
        -0.007497268019553224,
        -0.00033851541240549274,
        -2.8837524489009083e-05,
        4.943230027534782e-07,
        2.0361054310355697e-124,
        9.4e-323,
        9.441813938127008e-241,
        3.2149885125109505e-14,
        0.055963576379604245
      ],
      [
        0.22225733755148752,
        0.19898378052675192,
        -0.04421778803332219,
        0.01322781595218879,
        0.00031655572063683243,
        1.9109416510809335e-05,
        6.857850578233372e-06,
        8.704649145428892e-94,
        -1.3385442960658504e-34,
        1.2795993508418562e-102,
        2.590382963395666e-05,
        0.16582482358504969
      ],
      [
        0.09250066100012579,
        0.07744336133994703,
        0.003938260136168568,
        -0.01453939393267305,
        -0.0001393489434970118,
        -4.167343730229902e-05,
        1.1599625237387979e-20,
        5.696760386266487e-144,
        9.4750033e-316,
        -9.4e-323,
        2.3481121365858825e-06,
        0.05154062640558947
      ],
      [
        0.16495516294434973,
        0.2305289433084366,
        -0.0038575370665201785,
        -0.05739950682011781,
        -0.00014670349998577333,
        0.0003015238047041019,
        -2.2221651253210696e-08,
        -1.941325300714566e-108,
        5.548199146982054e-59,
        -2.0205231346044904e-06,
        -1.951045999753385e-06,
        0.18217416680380336
      ]
    ]
  },
  "cues": [
    [
      2,
      3
    ],
    [
      0,
      9
    ],
    [
      7,
      2
    ],
    [
      1,
      5
    ],
    [
      1,
      3
    ]
  ],
  "env": {
    "delay": 0,
    "grid_size": 10,
    "max_steps": 200,
    "noise": 0.0,
    "num_cues": 5,
    "reward_sparse_prob": 1.0
  },
  "seed": 22
}