{
  "agent": {
    "action_size": 4,
    "cue_exploration_bias": 0.0,
    "cue_regularization": 0.025,
    "epsilon": 0.05,
    "state_size": 11,
    "target_weights": [
      [
        0.07676875131833774,
        0.10406336689740193,
        -0.002796265410863803,
        -0.007955802427702031,
        -2.2665349823819435e-05,
        -5.833005414649609e-05,
        1.5992830030887397e-178,
        -9.4e-323,
        9.4e-323,
        4.606169368823047e-08,
        6.074190537114655e-174,
        0.07823832219112473
      ],
      [
        0.27400946965642503,
        0.1704166867669132,
        -0.039389238935531666,
        -0.0004522184113737419,
        -7.956704897587679e-05,
        4.535418415576815e-05,
        6.437510314118785e-17,
        -3.237303974880112e-05,
        9.4e-323,
        -5.684327460705928e-05,
        6.263149537143856e-145,
        0.2016091803597838
      ],
      [
        0.10460347669623056,
        0.09426483593591797,
        0.01850901803823447,
        -0.029067940231613208,
        -0.00014112662170893205,
        -1.91975218064127e-05,
        8.434173033717676e-120,
        -9.4e-323,
        -9.4e-323,
        1.6787720041989784e-18,
        2.5725487049198402e-281,
        0.0952237269493054
      ],
      [
        0.1974135928188118,
        0.236177617679209,
        0.004205180682100947,
        -0.08140616464881689,
        -0.00011453976091923753,
        -9.033347930536908e-05,
        -2.1131476562340438e-09,
        7.530045415352985e-43,
        5.86742586886533e-156,
        -5.2830277440890216e-05,
        -1.4928712205139178e-98,
        0.21223655519321213
      ]
    ],
    "weights": [
      [
        0.07877193960393813,
        0.10629573767373626,
        -0.001878467361522791,
        -0.007267186869094939,
        -7.839395791460321e-06,
        -2.823962960423398e-06,
        3.673102851515436e-181,
        -9.4e-323,
        9.4e-323,
        1.3225624761234119e-05,
        1.395070574715908e-176,
        0.08115930852606613
      ],
      [
        0.275293406922676,
        0.17138512511950554,
        -0.03915490259583947,
        9.761684197710634e-05,
        -3.175857111481322e-05,
        7.37817042557969e-05,
        1.4785148998508854e-19,
        -7.435175912198824e-08,
        9.4e-323,
        -0.00010209757809731678,
        1.4384691377273498e-147,
        0.20312745396572685
      ],
      [
        0.10594246201252586,
        0.0956596049820759,
        0.019049693877241335,
        -0.028583048122468972,
        -2.3424118568524907e-05,
        8.087135313525912e-07,
        1.9370921194367254e-122,
        -9.4e-323,
        -9.4e-323,
        4.4073905774522575e-06,
        5.908420189205927e-284,
        0.09710338810460756
      ],
      [
        0.19861092928093932,
        0.2375994797883017,
        0.004545710640977637,
        -0.08129016033690532,
        2.785117534702161e-05,
        -1.6040929096958456e-05,
        -4.853305304186832e-12,
        1.7294394571664843e-45,
        1.3475825509532297e-158,
        -6.030092269399339e-05,
        -3.4287049424177085e-101,
        0.21377442161421628
      ]
    ]
  },
  "cues": [
    [
      2,
      6
    ],
    [
      6,
      4
    ],
    [
      7,
      3
    ],
    [
      7,
      8
    ],
    [
      2,
      8
    ]
  ],
  "env": {
    "delay": 0,
    "grid_size": 10,
    "max_steps": 200,
    "noise": 0.0,
    "num_cues": 5,
    "reward_sparse_prob": 1.0
  },
  "seed": 21
}