{
  "agent": {
    "action_size": 4,
    "cue_exploration_bias": 0.0,
    "cue_regularization": 0.025,
    "epsilon": 0.05,
    "state_size": 11,
    "target_weights": [
      [
        0.06095046718516473,
        0.061579195188955174,
        -0.00484994594324825,
        0.03282094671607562,
        -1.2062568479902503e-05,
        -5.147180152985796e-10,
        6.044053883641336e-09,
        1.7926593570700868e-12,
        0.0001084612891535056,
        -1.5138993516287703e-307,
        8.569114392731025e-10,
        0.07274889128587368
      ],
      [
        0.24647833725358428,
        0.16541165362976143,
        -0.04930158149160376,
        -0.01739695859753813,
        1.7256714516848024e-05,
        -2.4477812045948787e-05,
        -0.00026985457965736246,
        -0.00010363276307866269,
        1.5472775726853717e-05,
        1.313896276396774e-309,
        -0.0001802690365679354,
        0.18622972312488947
      ],
      [
        0.036218955787702165,
        0.035095531262225844,
        -0.019376901569927097,
        -0.0037947375008787233,
        -9.608482831219303e-09,
        -7.953664677631636e-06,
        1.0832156531766234e-07,
        6.842104923913895e-09,
        2.910442002568026e-09,
        9.4e-323,
        9.845517568417014e-05,
        0.05347171175244115
      ],
      [
        0.18305063194164758,
        0.21342129505929996,
        0.00817162861423729,
        -0.06490034437301953,
        -0.00017588744745768807,
        2.7265365984131765e-05,
        0.0016370337786364895,
        5.022618101216844e-07,
        1.2373222939530087e-06,
        -3.156333044804082e-278,
        -5.7769912689565894e-05,
        0.1994490920793037
      ]
    ],
    "weights": [
      [
        0.06095046718516473,
        0.061579195188955174,
        -0.004784290832597645,
        0.032886601826726224,
        3.9500106711387816e-07,
        1.102846147608011e-06,
        3.5468701203231996e-10,
        1.0519975552698108e-13,
        6.3649019865874555e-06,
        -8.88411069597175e-309,
        5.028667245914438e-11,
        0.0728145463965243
      ],
      [
        0.2483989846229575,
        0.16701061370125195,
        -0.04931456383019539,
        -0.017088253638247057,
        1.1325612867149014e-05,
        -3.237077474922861e-05,
        -0.0002797458395750557,
        -1.1626114841038168e-06,
        1.9919681220769122e-05,
        7.710420081741e-311,
        -0.0001104053255607529,
        0.18813738815567105
      ],
      [
        0.03661335063936449,
        0.03524552548574625,
        -0.018921638779995777,
        -0.003095074082805485,
        -1.8628878466818414e-05,
        6.76105440514403e-05,
        6.356702484928632e-09,
        4.015195427100622e-10,
        1.707952969079575e-10,
        9.4e-323,
        5.777706942198353e-06,
        0.05432136939403479
      ],
      [
        0.18252354564663936,
        0.21286855101072616,
        0.008517604649774779,
        -0.06452871058391645,
        -1.6436602817977758e-07,
        5.3851699341120844e-05,
        9.60670819153489e-05,
        2.693679524201604e-05,
        8.680896767866165e-05,
        -1.852250754531605e-279,
        1.0934593653690492e-05,
        0.19926798181983305
      ]
    ]
  },
  "cues": [
    [
      7,
      9
    ],
    [
      5,
      4
    ],
    [
      2,
      2
    ],
    [
      0,
      5
    ],
    [
      8,
      7
    ]
  ],
  "env": {
    "delay": 0,
    "grid_size": 10,
    "max_steps": 200,
    "noise": 0.0,
    "num_cues": 5,
    "reward_sparse_prob": 1.0
  },
  "seed": 9
}