{
  "agent": {
    "action_size": 4,
    "cue_exploration_bias": 0.0,
    "cue_regularization": 0.025,
    "epsilon": 0.05,
    "state_size": 11,
    "target_weights": [
      [
        0.10419150736787433,
        0.11109525784336542,
        0.03749248250077423,
        0.00951867114408643,
        1.5845163957489002e-05,
        -7.566662428144673e-06,
        3.9334351599122575e-06,
        7.542985707422385e-13,
        9.801607090044467e-09,
        1.1530847155361397e-30,
        2.993008721765221e-13,
        0.10729265737410713
      ],
      [
        0.2634563933236147,
        0.2116000197163648,
        -0.03278627847952605,
        0.023115046169959266,
        -0.00012938811423563335,
        -8.799287847929628e-06,
        -7.084735461925583e-06,
        -3.127095620337407e-05,
        -8.110478349099638e-05,
        -4.969433041646209e-06,
        -8.834912754260933e-07,
        0.21719663995223487
      ],
      [
        0.09586617680596253,
        0.10769926964741412,
        0.007001773723357897,
        0.024303878253853238,
        -3.333914401297708e-05,
        1.54472817606601e-05,
        2.1932488715924424e-10,
        6.495107994007203e-12,
        2.0234136655280454e-17,
        7.142135354163155e-29,
        1.5823663761680802e-21,
        0.13634027338779053
      ],
      [
        0.2206860630093218,
        0.29484286774079355,
        0.034667381906806315,
        -0.047551652032772465,
        4.4609689547060014e-05,
        3.283798299223173e-05,
        -0.00028695497443837235,
        -8.38974107085877e-05,
        0.0016246827284427513,
        2.9501289596170996e-05,
        -2.2870555336915938e-05,
        0.19827195182112756
      ]
    ],
    "weights": [
      [
        0.10532432962099324,
        0.11230825025481296,
        0.03777381309983554,
        0.009719831584819115,
        -3.6384856672389062e-06,
        1.8564594592042762e-08,
        3.766515785936701e-05,
        1.732411477978797e-15,
        2.2511532281868812e-11,
        2.6483109921725645e-33,
        6.874098486192936e-16,
        0.10870681022628736
      ],
      [
        0.26630367344365014,
        0.21440978155567816,
        -0.03180405455032931,
        0.024134788379878088,
        -7.612487992657155e-05,
        -2.0135020166612517e-05,
        2.7301120791959593e-05,
        2.2706029480369012e-05,
        -3.761132608460573e-05,
        -1.8219713093326032e-05,
        -1.395313683045881e-05,
        0.22102614400146697
      ],
      [
        0.09727689996169069,
        0.1093388953473412,
        0.007380853838222307,
        0.024454055824518713,
        1.547431325439058e-05,
        -3.106628970837471e-05,
        5.037275246951527e-13,
        1.491743465516265e-14,
        0.0005346800478385085,
        1.64034743598349e-31,
        3.6342501215981635e-24,
        0.1381300766583831
      ],
      [
        0.21861697439959732,
        0.29326718703808635,
        0.034685870894907336,
        -0.04802657095168861,
        0.00015624175079276923,
        1.4033683044868893e-05,
        -3.4132216007172406e-05,
        -4.836298417599743e-05,
        6.476496116371712e-05,
        6.775615743417342e-08,
        -2.983615012802899e-05,
        0.19622135219950398
      ]
    ]
  },
  "cues": [
    [
      7,
      8
    ],
    [
      7,
      7
    ],
    [
      8,
      9
    ],
    [
      3,
      2
    ],
    [
      8,
      7
    ]
  ],
  "env": {
    "delay": 0,
    "grid_size": 10,
    "max_steps": 200,
    "noise": 0.0,
    "num_cues": 5,
    "reward_sparse_prob": 1.0
  },
  "seed": 11
}