{
  "agent": {
    "action_size": 4,
    "cue_exploration_bias": 0.6333333333333333,
    "cue_regularization": 0.009166666666666668,
    "epsilon": 0.05,
    "state_size": 11,
    "target_weights": [
      [
        -0.022280268782934733,
        -0.016687592717109623,
        -0.04026031813465114,
        -0.03692712312854784,
        -7.233958340546233e-07,
        -3.954084752670183e-06,
        -2.9940182072543224e-300,
        1.485913382534506e-09,
        3.3797767876108126e-162,
        4.608660558233175e-11,
        -1.4498394170613343e-232,
        -0.07073207995680053
      ],
      [
        0.007357429255620091,
        -0.00010292327208372395,
        -0.030188908645490817,
        -0.038709133376919065,
        0.00010265787715688017,
        6.611348176371583e-05,
        4.4373941500195186e-18,
        2.1440515083572453e-06,
        -1.1881457145569645e-09,
        1.7005683310360833e-06,
        8.327644392126546e-06,
        -0.06701731488711332
      ],
      [
        -0.032257992241373754,
        -0.01794152166765276,
        -0.06005387277355356,
        -0.03746765285703343,
        -7.530658713219295e-05,
        -3.5286830396908585e-05,
        1.1536704099983936e-299,
        3.078595432025962e-15,
        1.5782638778411892e-152,
        1.8056679179420725e-10,
        -3.314545008264319e-302,
        -0.041311864569229424
      ],
      [
        -0.020742181803254316,
        -0.005803970845862225,
        -0.011791395875020273,
        -0.047564577670598365,
        9.67225011981175e-07,
        -7.054138360657473e-06,
        -4.604318438651107e-82,
        -1.1369023209099457e-05,
        -1.8934754916393026e-12,
        -0.00013147047717819327,
        -4.2975585000940116e-13,
        -0.034549557481813056
      ]
    ],
    "weights": [
      [
        -0.02190713367806149,
        -0.016312526102895894,
        -0.040184356345729276,
        -0.03685309284896646,
        -1.5872499446810715e-05,
        -1.6069052659873076e-05,
        -1.8215430622618922e-301,
        9.040209596988322e-11,
        2.0562363129755392e-163,
        2.8038819689971752e-12,
        -8.820737713428225e-234,
        -0.07028298306300541
      ],
      [
        0.006935540197297261,
        -0.0005133433590754127,
        -0.030121557755317854,
        -0.03865325145807725,
        6.736910272231211e-05,
        2.7657662522974663e-05,
        2.6996844938702033e-19,
        2.9598685180134244e-06,
        -7.22860862390072e-11,
        3.882846753712961e-06,
        1.0716272270172725e-05,
        -0.06737185305526325
      ],
      [
        -0.03190863250007743,
        -0.017573780558657794,
        -0.060023590888225085,
        -0.03745575233940359,
        -5.4799865412455675e-05,
        -3.405611706048263e-05,
        7.018862899289309e-301,
        1.8729993482106105e-16,
        9.602064577077451e-154,
        1.0985577377943019e-11,
        -2.0165496822063232e-303,
        -0.04093222294260462
      ],
      [
        -0.021568230065491162,
        -0.0064222861257941495,
        -0.011591079285536769,
        -0.04757199406341979,
        0.0001262621494482547,
        2.4872952159393046e-05,
        -2.801240248989913e-83,
        -1.6237831616759245e-05,
        -2.688120190143542e-06,
        -7.128653206131426e-05,
        -2.6146093071657494e-14,
        -0.03517528915456639
      ]
    ]
  },
  "cues": [
    [
      5,
      7
    ],
    [
      7,
      4
    ],
    [
      6,
      3
    ],
    [
      7,
      0
    ],
    [
      6,
      4
    ]
  ],
  "env": {
    "delay": 6,
    "grid_size": 10,
    "max_steps": 200,
    "noise": 0.0,
    "num_cues": 5,
    "reward_sparse_prob": 0.1
  },
  "seed": 16
}