{
  "agent": {
    "action_size": 4,
    "cue_exploration_bias": 0.6333333333333333,
    "cue_regularization": 0.009166666666666668,
    "epsilon": 0.05,
    "state_size": 11,
    "target_weights": [
      [
        -0.037218115499995826,
        -0.02100524617980693,
        -0.04691517604298485,
        -0.030714277148043333,
        -2.2551138803621644e-06,
        -8.985128976086457e-07,
        -6.9275909784047204e-06,
        1.0622262400354598e-130,
        -3.970338472267846e-07,
        -6.888774303098081e-08,
        -8.783756069341058e-06,
        -0.06239266871003226
      ],
      [
        -0.006288677755271776,
        -0.05162558149805533,
        -0.024539031170795825,
        -0.030115724973754428,
        -4.608634277923793e-05,
        -1.849839173590991e-05,
        -4.484049076372506e-06,
        -2.8617140182375186e-108,
        -1.5866130056661567e-05,
        -6.522100114466893e-05,
        -7.85218668573356e-06,
        -0.05389350945930143
      ],
      [
        -0.02755790727729595,
        -0.0469280294025627,
        -0.03532759353043785,
        -0.05573951478673783,
        -3.5908661319344334e-07,
        -9.466903210342507e-07,
        1.0274138023106079e-07,
        2.6008398078634306e-119,
        1.166004769849974e-06,
        2.327950928635768e-06,
        1.0529427969162445e-05,
        -0.046757991295142264
      ],
      [
        -0.022554813270768987,
        -0.03624699316887259,
        -0.03395710300123348,
        -0.06228857927761133,
        6.554430241597328e-05,
        -5.721671382698396e-05,
        -8.237308207578443e-05,
        4.1367765431088154e-104,
        -4.499508235103388e-05,
        0.0002982604475105747,
        -5.303481385215726e-05,
        -0.052297601060003085
      ]
    ],
    "weights": [
      [
        -0.037170654584257765,
        -0.02090717855096005,
        -0.04685514565045136,
        -0.030704853468618672,
        -5.290652538633594e-06,
        5.187490784253199e-06,
        -2.3655329788059595e-07,
        1.0054785721226533e-131,
        -3.758229751325149e-08,
        1.3236076464002937e-05,
        1.9181389064687248e-05,
        -0.06228517740176069
      ],
      [
        -0.006366935882490792,
        -0.05183995369260896,
        -0.0245930730172697,
        -0.030033652752893707,
        3.4386975519546665e-05,
        1.2400133083701962e-05,
        -1.0827037097502336e-06,
        -2.708831712521794e-109,
        -1.7522951577312487e-05,
        -1.355333742040405e-05,
        -1.2594489979912152e-06,
        -0.05402580943299436
      ],
      [
        -0.02750433224001799,
        -0.046815634238294046,
        -0.035263591291032854,
        -0.05573433267432353,
        -1.0840203991324532e-06,
        1.2489688883142266e-06,
        2.0621957013233653e-06,
        2.4618942723943446e-120,
        1.1037129068077054e-07,
        2.2035840270883933e-07,
        2.2764204836676278e-05,
        -0.04664041401845931
      ],
      [
        -0.022386996739613575,
        -0.036216532797557634,
        -0.033911261600653934,
        -0.06210538171719132,
        0.00010663849549122355,
        7.286780332902045e-06,
        -5.4335525037013534e-05,
        3.915776145406359e-105,
        -1.747950894051813e-05,
        0.00014335327768844373,
        -2.9190139035906964e-05,
        -0.05208394312826813
      ]
    ]
  },
  "cues": [
    [
      3,
      9
    ],
    [
      8,
      2
    ],
    [
      5,
      9
    ],
    [
      7,
      9
    ],
    [
      1,
      9
    ]
  ],
  "env": {
    "delay": 6,
    "grid_size": 10,
    "max_steps": 200,
    "noise": 0.0,
    "num_cues": 5,
    "reward_sparse_prob": 0.1
  },
  "seed": 3
}