{
  "agent": {
    "action_size": 4,
    "cue_exploration_bias": 0.6333333333333333,
    "cue_regularization": 0.009166666666666668,
    "epsilon": 0.05,
    "state_size": 11,
    "target_weights": [
      [
        -0.04083240111227875,
        -0.030664719105043453,
        -0.03621565512015138,
        -0.0404546726527656,
        -1.0645106746454487e-05,
        1.598365010236129e-05,
        0.0001263524138397996,
        3.6628232576410187e-06,
        7.316147339762638e-78,
        1.3313262190310053e-16,
        3.092068904418144e-11,
        -0.10282892461194858
      ],
      [
        -0.041915253393621295,
        -0.04194223118091089,
        -0.05134028723614959,
        -0.022751464450868425,
        -4.09307405302824e-07,
        8.137167896850245e-05,
        -0.0001282847971894889,
        -6.813929491850108e-06,
        -1.135109603056646e-78,
        6.535269955355802e-09,
        3.7115449027455105e-06,
        -0.06351182560251144
      ],
      [
        -0.047725693457549664,
        -0.03657980095707818,
        -0.05181348007229052,
        -0.04681717289333339,
        -3.2777908052460266e-05,
        -2.2079202841396938e-07,
        1.2713484549740516e-09,
        6.77006316609696e-06,
        1.375284453107621e-86,
        8.68695717808915e-33,
        -8.261273201987344e-56,
        -0.08812535084404578
      ],
      [
        -0.027354875407103994,
        -0.021610416353028336,
        -0.04708500318927695,
        -0.06372783848046953,
        -7.294728708249713e-05,
        -6.866702401260344e-05,
        -7.644295461805053e-06,
        -3.803580834432026e-05,
        3.3939527869807625e-70,
        -1.0754085413645656e-05,
        -4.428450707453036e-05,
        -0.08292771403700687
      ]
    ],
    "weights": [
      [
        -0.040828860921363494,
        -0.030524614636771523,
        -0.03607909084279471,
        -0.0404546726527656,
        -2.4391998921943393e-06,
        -6.9997756569978074e-06,
        0.00010818940327980238,
        1.7562200183102722e-05,
        1.6764083468087938e-78,
        3.0505760508390483e-17,
        7.085108978194352e-12,
        -0.10268882014367665
      ],
      [
        -0.0418983523234363,
        -0.04184131645095674,
        -0.05112235912923923,
        -0.022617550003727158,
        -6.969678359050865e-07,
        7.924808797456772e-05,
        -4.5061606045806165e-05,
        1.0253528484749986e-05,
        -2.6009689591198366e-79,
        1.4974795603504944e-09,
        9.07265901281312e-06,
        -0.0632769964254161
      ],
      [
        -0.047725693457549664,
        -0.03657980095707818,
        -0.05181348007229052,
        -0.04681717289333339,
        -7.510668675496941e-06,
        -5.059187331156614e-08,
        2.9131441216848303e-10,
        1.5512796384491523e-06,
        3.1513011279797215e-87,
        1.9905131547271017e-33,
        -1.8929727229261519e-56,
        -0.08812535084404578
      ],
      [
        -0.027502683582807032,
        -0.021798422977393338,
        -0.047166723825192984,
        -0.06376936066772357,
        2.9977161677485477e-05,
        -2.0133414273725305e-05,
        -9.11450990639798e-06,
        -1.8648815180267793e-05,
        7.77684007243368e-71,
        -1.8861766144941764e-05,
        -3.8636792433875646e-05,
        -0.08315724284862588
      ]
    ]
  },
  "cues": [
    [
      0,
      8
    ],
    [
      1,
      8
    ],
    [
      3,
      6
    ],
    [
      5,
      8
    ],
    [
      4,
      9
    ]
  ],
  "env": {
    "delay": 6,
    "grid_size": 10,
    "max_steps": 200,
    "noise": 0.0,
    "num_cues": 5,
    "reward_sparse_prob": 0.1
  },
  "seed": 19
}