{
  "agent": {
    "action_size": 4,
    "cue_exploration_bias": 0.6333333333333333,
    "cue_regularization": 0.009166666666666668,
    "epsilon": 0.05,
    "state_size": 11,
    "target_weights": [
      [
        -0.0068315905872092806,
        -0.059047044234118384,
        -0.02363307056784203,
        -0.06331159748846069,
        -5.069003055072014e-07,
        -0.00010680115491104898,
        2.5262121462604047e-08,
        1.0146625051107416e-11,
        2.67e-322,
        2.3526874997390928e-132,
        3.585066512012726e-30,
        -0.08225402140058925
      ],
      [
        -0.0039917778674868525,
        -0.04414258831214128,
        -0.07156912200724208,
        -0.05915734229901933,
        1.991276087850055e-05,
        7.609016026461527e-05,
        1.4629606226188705e-36,
        -9.862707990096104e-06,
        -2.67e-322,
        -5.123955006269167e-278,
        2.67e-322,
        -0.07651920660127416
      ],
      [
        -0.04115728358907446,
        -0.06303258320273117,
        -0.0522926486097986,
        -0.06315593955919306,
        -2.540979210033249e-07,
        -8.638639964951867e-05,
        6.047573256033634e-09,
        2.397851905997545e-07,
        4.1388405708288077e-196,
        1.0648693288808433e-134,
        2.67e-322,
        -0.0658224584793857
      ],
      [
        -0.060344754979035777,
        -0.03737100301418211,
        -0.03959512583700917,
        -0.009322576608706706,
        1.3963342698764235e-05,
        -4.4759217742745656e-07,
        6.572543941658756e-05,
        -1.1919015390543268e-05,
        -4.446571062448813e-192,
        -3.0289195189059025e-96,
        -9.263941719117e-08,
        -0.07855158436216908
      ]
    ],
    "weights": [
      [
        -0.006728318100666918,
        -0.058978652883095534,
        -0.02359420024922228,
        -0.06323784603432142,
        -1.0819144719844165e-05,
        -3.95149290849252e-05,
        2.770868247901778e-09,
        1.112929538364277e-12,
        2.67e-322,
        2.580538257609373e-133,
        3.9322694966284288e-31,
        -0.08211187859542714
      ],
      [
        -0.004732440553390272,
        -0.04496855310569211,
        -0.07174159025948154,
        -0.05924450844361154,
        3.481069954655977e-05,
        0.000279926641963667,
        1.6046439896767824e-37,
        -9.125447264139438e-06,
        -2.67e-322,
        -5.6201947455465386e-279,
        2.67e-322,
        -0.07743233753941707
      ],
      [
        -0.041063881506231276,
        -0.06298017292564144,
        -0.052215203714061915,
        -0.06303750285770293,
        -1.4777245194488817e-05,
        -1.858060318810675e-05,
        3.030999583232572e-05,
        2.6300767017270387e-08,
        4.5396749191526746e-197,
        1.1679987430700318e-135,
        2.67e-322,
        -0.06565161150080584
      ],
      [
        -0.06036708313637578,
        -0.037373671735901046,
        -0.03951231139017136,
        -0.009259421597489955,
        -4.812314449082438e-06,
        1.3961430784603337e-07,
        5.289331390862931e-05,
        -1.2543244565865604e-05,
        -4.877208189825651e-193,
        -3.3222613282143386e-97,
        -1.952922410231011e-06,
        -0.07849109807267127
      ]
    ]
  },
  "cues": [
    [
      3,
      0
    ],
    [
      8,
      0
    ],
    [
      2,
      3
    ],
    [
      2,
      5
    ],
    [
      3,
      1
    ]
  ],
  "env": {
    "delay": 6,
    "grid_size": 10,
    "max_steps": 200,
    "noise": 0.0,
    "num_cues": 5,
    "reward_sparse_prob": 0.1
  },
  "seed": 15
}