{
  "agent": {
    "action_size": 4,
    "cue_exploration_bias": 0.6333333333333333,
    "cue_regularization": 0.009166666666666668,
    "epsilon": 0.05,
    "state_size": 11,
    "target_weights": [
      [
        -0.02386205763821187,
        -0.013316296815126643,
        -0.03983945301311721,
        -0.01489498915882997,
        -1.8531980325758985e-05,
        -4.309593570219915e-06,
        9.443931596524575e-131,
        -1.1310197732062568e-187,
        -3.8549010199393904e-188,
        1.3148239725277698e-86,
        -3.6851833137281563e-178,
        -0.07745248340572035
      ],
      [
        -0.003714390876602254,
        -0.018532217432490804,
        -0.04305704427109983,
        -0.03377906499522084,
        0.0001969172675268151,
        1.5868859290061667e-05,
        8.518258161070858e-11,
        4.604300001970991e-13,
        7.07309962427239e-52,
        9.071219260171222e-81,
        3.133679378172778e-81,
        -0.040025221835569356
      ],
      [
        0.000561004717766363,
        0.004094373684939819,
        -0.034803364739407726,
        -0.012076043487269218,
        1.1108082172915797e-06,
        1.2076051563848165e-07,
        8.193147249940389e-48,
        2.1528273855978038e-178,
        3.5535359177978085e-122,
        4.221914739949917e-233,
        -6.716907115255055e-241,
        -0.06956264058067411
      ],
      [
        -0.005670825840939622,
        -0.003566331348259805,
        -0.0022982128901535195,
        -0.023371319834119903,
        9.492850104846475e-05,
        3.193083560073654e-05,
        -1.0138382372225597e-17,
        -1.9272974931344864e-100,
        3.999204262004292e-09,
        -1.7486950051015514e-220,
        -1.7581907158574986e-34,
        -0.05492693038962984
      ]
    ],
    "weights": [
      [
        -0.023655733404005376,
        -0.013241190513417695,
        -0.03980433430028899,
        -0.014728652513504204,
        -4.778993553996303e-05,
        7.744100912557621e-06,
        7.714687950838814e-132,
        -9.239228945416955e-189,
        -3.149044245634619e-189,
        1.0740713816761297e-87,
        -3.010402925568979e-179,
        -0.07721104045868563
      ],
      [
        -0.00451441577486335,
        -0.019144166690860043,
        -0.043035791992228345,
        -0.033945888356241204,
        0.0002274808564105715,
        2.3339066334484233e-05,
        6.958511179976317e-12,
        3.761223531132372e-14,
        5.777970317631026e-53,
        7.410221602157047e-82,
        2.5598828510657887e-82,
        -0.040803994454958935
      ],
      [
        0.0005553254158515114,
        0.0041007546109183704,
        -0.034793865207907754,
        -0.01207860418366265,
        7.175185300264129e-06,
        -1.8822381423328682e-07,
        6.6929301342911165e-49,
        1.758631066114372e-179,
        2.9028610010259292e-123,
        3.448855430692306e-234,
        -5.48699891134656e-242,
        -0.06955882035108898
      ],
      [
        -0.006118823822227632,
        -0.003920621916246724,
        -0.0022009556322282685,
        -0.02336776998949574,
        0.00013289914779553456,
        9.110899811880956e-06,
        -8.281980394350679e-19,
        -1.574397124333068e-101,
        3.266924650786509e-10,
        -1.428497882228795e-221,
        -1.436254868247255e-35,
        -0.055277671112992595
      ]
    ]
  },
  "cues": [
    [
      4,
      4
    ],
    [
      2,
      3
    ],
    [
      2,
      2
    ],
    [
      1,
      8
    ],
    [
      3,
      4
    ]
  ],
  "env": {
    "delay": 6,
    "grid_size": 10,
    "max_steps": 200,
    "noise": 0.0,
    "num_cues": 5,
    "reward_sparse_prob": 0.1
  },
  "seed": 13
}