{
  "agent": {
    "action_size": 4,
    "cue_exploration_bias": 0.6333333333333333,
    "cue_regularization": 0.009166666666666668,
    "epsilon": 0.05,
    "state_size": 11,
    "target_weights": [
      [
        -0.012729636487677663,
        0.0054285861948475565,
        -0.023785061958233336,
        -0.029681450665500108,
        -4.4625684629102415e-06,
        -7.4394749009213776e-06,
        -9.137515627481686e-116,
        -5.404482886537847e-06,
        -5.70948787341312e-79,
        1.0916358414578014e-05,
        5.4003823075973926e-188,
        -0.03443700615694859
      ],
      [
        0.026316744443353593,
        -0.025274268584914758,
        -0.031548563160453125,
        -0.008998821581435838,
        -0.00012278510081132815,
        -8.187376522471815e-05,
        7.993200499701202e-108,
        3.294851072962307e-05,
        2.2735722285465326e-92,
        -2.0547999060231467e-05,
        -2.3518451733105163e-06,
        -0.024819601046571365
      ],
      [
        -0.012550057554719628,
        -0.0017755446127234555,
        -0.03257244449068277,
        -0.019456874003662417,
        -6.622390878608108e-06,
        -3.3019213091521383e-06,
        -1.6079282356562595e-114,
        1.3467585173685556e-06,
        -4.502462967383884e-111,
        3.805152494991162e-31,
        -3.3811126768199537e-188,
        -0.02857153081177651
      ],
      [
        0.009352339603645895,
        -0.00039659984495899944,
        -0.008894115081139626,
        -0.04339588063540635,
        9.663545780227527e-05,
        8.642238309452978e-05,
        -1.0792808188765473e-111,
        5.7157042335229637e-05,
        -1.5727371320751113e-104,
        -2.903230017319971e-05,
        7.019627697319382e-188,
        -0.03300769579551007
      ]
    ],
    "weights": [
      [
        -0.012663486581503333,
        0.005486635275501623,
        -0.023763165791351158,
        -0.029651453673097662,
        -2.571778357680344e-06,
        -1.5393403876667218e-06,
        -2.661103854395307e-117,
        -1.785262534730734e-05,
        -1.6627648921187448e-80,
        3.179153353853172e-07,
        1.5727445795806892e-189,
        -0.03434896008389208
      ],
      [
        0.025205903855990384,
        -0.026355807720807038,
        -0.0316654584801604,
        -0.009145018352614036,
        5.470605335028519e-05,
        4.6680560027797235e-05,
        2.3278468159043406e-109,
        1.0017368835460899e-05,
        6.621287521998757e-94,
        -2.973296383798545e-05,
        -6.84924054938385e-08,
        -0.026047336953641833
      ],
      [
        -0.0124426161741692,
        -0.0016931467697658292,
        -0.03262318092241946,
        -0.0194825668978063,
        -9.391261315753541e-06,
        -5.7228930675046294e-06,
        -4.682743318793301e-116,
        3.922142984610021e-08,
        -1.3112449866287728e-112,
        1.0246652030923111e-06,
        -9.846759604295361e-190,
        -0.02851482586296277
      ],
      [
        0.010043146114786744,
        0.0006153165139194806,
        -0.00846378678196853,
        -0.04328666218397284,
        3.6166185156530345e-05,
        -3.1278135862201996e-05,
        -3.143172021998342e-113,
        2.17692019940825e-05,
        -4.580256838662351e-106,
        -3.307533377268538e-05,
        2.0443147878812353e-189,
        -0.0318865609851981
      ]
    ]
  },
  "cues": [
    [
      2,
      9
    ],
    [
      1,
      4
    ],
    [
      1,
      7
    ],
    [
      7,
      7
    ],
    [
      6,
      3
    ]
  ],
  "env": {
    "delay": 6,
    "grid_size": 10,
    "max_steps": 200,
    "noise": 0.0,
    "num_cues": 5,
    "reward_sparse_prob": 0.1
  },
  "seed": 1
}