{
  "agent": {
    "action_size": 4,
    "cue_exploration_bias": 0.6333333333333333,
    "cue_regularization": 0.009166666666666668,
    "epsilon": 0.05,
    "state_size": 11,
    "target_weights": [
      [
        -0.011639406449938846,
        -0.028493168088893503,
        -0.01318032068078222,
        -0.04141546567868609,
        -6.1977251329166015e-06,
        -4.434460167988993e-05,
        1.0733539586745382e-22,
        1.9614403409113756e-62,
        -7.815642512525541e-161,
        -8.983950071558162e-213,
        -1.5751050340907815e-175,
        -0.04786298060247023
      ],
      [
        -0.01631491378586731,
        -0.0014656160441292405,
        -0.035745970609424645,
        -0.02048907201194881,
        7.236755835349474e-05,
        4.8838696868065344e-05,
        -7.338292959455712e-05,
        1.801752087095447e-44,
        3.8124665333024057e-154,
        -1.1840075596416933e-256,
        -5.974229783289154e-144,
        -0.03758359623292059
      ],
      [
        -0.025826218287738324,
        -0.010818217689485043,
        -0.039010050364581814,
        -0.025147149578493542,
        -5.1365561687250456e-05,
        -2.973380563234211e-06,
        6.502168204288838e-06,
        -8.340161798671564e-61,
        1.2327413917339426e-157,
        -1.1416881020239106e-256,
        -6.7406766735017884e-177,
        -0.04964296033072282
      ],
      [
        -0.03015088486861704,
        0.00233487971603124,
        -0.016334452339929556,
        -0.047703795387470174,
        0.00010995060223885643,
        8.720118763380668e-05,
        5.950881192792711e-07,
        1.3683893558561294e-60,
        -2.298754922777734e-159,
        -3.436868573329308e-125,
        8.382011501687405e-175,
        -0.023649916087655334
      ]
    ],
    "weights": [
      [
        -0.011503360455353466,
        -0.02838101848449381,
        -0.013129905135983345,
        -0.04134115374370153,
        -2.279899080292187e-05,
        -5.318134067639214e-05,
        1.3320092015615884e-05,
        4.494407789466411e-63,
        -1.7908617384538012e-161,
        -2.0585655520385124e-213,
        -3.609166277856845e-176,
        -0.04767651906308599
      ],
      [
        -0.016393679918113257,
        -0.0015558069965522852,
        -0.035640038242760914,
        -0.020371714825107967,
        8.242782703130038e-05,
        3.557899633125435e-05,
        -4.068870467483947e-05,
        4.128501105043314e-45,
        8.735814659747815e-155,
        -2.7130128242229237e-257,
        -1.3689238624306563e-144,
        -0.037556429998502776
      ],
      [
        -0.025643941587208154,
        -0.01065619395568045,
        -0.039010050364581814,
        -0.025126896611767965,
        -8.883086792305255e-05,
        -6.81314872836689e-07,
        1.4898946868910648e-06,
        -1.911049108735209e-61,
        2.824680617526379e-158,
        -2.6160428088744163e-257,
        -1.5445460723819093e-177,
        -0.049460683630192646
      ],
      [
        -0.030969797396562783,
        0.001538759751719793,
        -0.016285443024705554,
        -0.047677578635880465,
        0.00036386497127663766,
        8.51490856497422e-05,
        -4.854446455724139e-06,
        3.135501830825551e-61,
        -5.2673241268230523e-160,
        -7.875176504306169e-126,
        1.9206384715773037e-175,
        -0.02441981930037708
      ]
    ]
  },
  "cues": [
    [
      5,
      2
    ],
    [
      6,
      0
    ],
    [
      1,
      8
    ],
    [
      1,
      5
    ],
    [
      9,
      0
    ]
  ],
  "env": {
    "delay": 6,
    "grid_size": 10,
    "max_steps": 200,
    "noise": 0.0,
    "num_cues": 5,
    "reward_sparse_prob": 0.1
  },
  "seed": 7
}