{
  "agent": {
    "action_size": 4,
    "cue_exploration_bias": 0.6333333333333333,
    "cue_regularization": 0.009166666666666668,
    "epsilon": 0.05,
    "state_size": 11,
    "target_weights": [
      [
        -0.013858627868956298,
        -0.01699387769640502,
        -0.049635645537632236,
        -0.03706997270259058,
        -5.3738850669054775e-06,
        -2.5173819747010585e-06,
        7.724840101398936e-227,
        -1.544224602927164e-305,
        9.200545223329748e-51,
        2.6439139543413996e-276,
        -2.67e-322,
        -0.07323669471072981
      ],
      [
        0.01070524364711438,
        -0.005743193319102924,
        -0.07802199478665027,
        -0.027401510859657727,
        0.00024573091045615697,
        1.489347596642535e-05,
        1.2474306812488166e-225,
        -7.86e-322,
        -2.4180354110165373e-06,
        3.599226201803627e-286,
        4.775288993464013e-283,
        -0.079531477072651
      ],
      [
        0.00043919346811801597,
        -0.02116545856699603,
        -0.0321740078979989,
        -0.044104309591904985,
        -4.039910227704486e-06,
        -3.1953950683420815e-07,
        7.619562902756424e-223,
        3.70576324724938e-310,
        2.0553261047095163e-05,
        -1.241589690651549e-293,
        2.92089450002938e-286,
        -0.07663310916058624
      ],
      [
        -0.037930262368444545,
        -0.028675320774661145,
        -0.026354941581678695,
        -0.023578072564974045,
        -4.984169064004123e-06,
        7.713829641644952e-06,
        -1.6509201273912535e-200,
        -2.62876137252723e-297,
        1.117671298084604e-06,
        -1.016160840878991e-270,
        -9.20432837339155e-225,
        -0.04320866302414941
      ]
    ],
    "weights": [
      [
        -0.013796853354068939,
        -0.01699387769640502,
        -0.04958622592572235,
        -0.036958778575793334,
        2.0859189438855425e-05,
        2.142405072042995e-05,
        1.5275541243216828e-227,
        -3.0536381725923574e-306,
        1.81936850697535e-51,
        5.228226878863751e-277,
        -2.67e-322,
        -0.07312550058393257
      ],
      [
        0.01002145210996739,
        -0.006433995426153537,
        -0.07797315629516212,
        -0.02734566179826598,
        0.000334375096152016,
        3.7481555069274705e-05,
        2.466740873512648e-226,
        -2.67e-322,
        1.0968750487136084e-05,
        7.117316030834244e-287,
        9.442929952003639e-284,
        -0.08016643011830984
      ],
      [
        0.00041820614749432395,
        -0.02119385437804383,
        -0.032181416388423006,
        -0.044104309591904985,
        1.1716528378091039e-05,
        -6.318757218805282e-08,
        1.5067360081053618e-223,
        7.327988486222e-311,
        4.064319554661675e-06,
        -2.4551905641730864e-294,
        5.775944073483643e-287,
        -0.07666150497163406
      ],
      [
        -0.03792597710345627,
        -0.028687562421074023,
        -0.026285754238860093,
        -0.023492358310754278,
        -3.907643067351567e-06,
        1.276531270553585e-05,
        -3.264624013467263e-201,
        -5.1982632957467825e-298,
        2.2101472375019373e-07,
        -2.0094146455896038e-271,
        -1.8201166087359006e-225,
        -0.04313519041634253
      ]
    ]
  },
  "cues": [
    [
      2,
      3
    ],
    [
      0,
      9
    ],
    [
      7,
      2
    ],
    [
      1,
      5
    ],
    [
      1,
      3
    ]
  ],
  "env": {
    "delay": 6,
    "grid_size": 10,
    "max_steps": 200,
    "noise": 0.0,
    "num_cues": 5,
    "reward_sparse_prob": 0.1
  },
  "seed": 22
}