{
  "agent": {
    "action_size": 4,
    "cue_exploration_bias": 0.6333333333333333,
    "cue_regularization": 0.009166666666666668,
    "epsilon": 0.05,
    "state_size": 11,
    "target_weights": [
      [
        -0.04631203739486331,
        -0.05602840236915221,
        -0.04563413940617312,
        -0.05080511117924223,
        -4.861591119048707e-07,
        8.098449484094969e-07,
        -2.67e-322,
        3.1440874465363032e-06,
        -2.67e-322,
        2.0502796709822056e-61,
        -2.67e-322,
        -0.10756457139334878
      ],
      [
        -0.05968530054269982,
        -0.06088957468459112,
        -0.05607684633873451,
        -0.048506349930166164,
        -2.3836154610872557e-07,
        4.3315082685826573e-07,
        -2.67e-322,
        7.281117010315806e-09,
        2.67e-322,
        1.2990851034691609e-118,
        -2.67e-322,
        -0.09873552143101073
      ],
      [
        -0.04848431047685856,
        -0.05214209413160389,
        -0.040450170720545534,
        -0.04847596922946062,
        4.214838412070134e-06,
        -4.570064632975034e-06,
        -2.67e-322,
        -4.311660640868124e-05,
        -2.67e-322,
        -5.0046534778952206e-68,
        -2.67e-322,
        -0.1124708522419554
      ],
      [
        -0.05163032492301068,
        -0.06147243701511252,
        -0.03356408296643116,
        -0.05237634608009278,
        2.6251257048378174e-06,
        -1.7431206401037534e-05,
        -2.67e-322,
        -2.636675776010995e-05,
        -2.67e-322,
        4.882057063338573e-165,
        -2.67e-322,
        -0.11381674326533171
      ]
    ],
    "weights": [
      [
        -0.046313520066141686,
        -0.05602902037927035,
        -0.04563559799027967,
        -0.05080743442450902,
        4.3403507532903825e-08,
        2.1630436016321426e-07,
        -2.67e-322,
        1.4246201948906604e-07,
        -2.67e-322,
        9.290040032674084e-63,
        -2.67e-322,
        -0.10756751264873371
      ],
      [
        -0.059685490883168234,
        -0.06088966985482533,
        -0.05607751253037397,
        -0.04850711129203983,
        1.0465097646553994e-08,
        -1.2271742807807913e-08,
        -2.67e-322,
        3.299153255322166e-10,
        2.67e-322,
        5.886295800463897e-120,
        -2.67e-322,
        -0.09873637796311861
      ],
      [
        -0.04849073745267798,
        -0.052133640733421444,
        -0.04054264930736074,
        -0.04858332819027768,
        4.797240327987352e-06,
        -1.9283824128948947e-05,
        -2.67e-322,
        -5.816335431735691e-05,
        -2.67e-322,
        -2.2676628860605663e-69,
        -2.67e-322,
        -0.11256975780459007
      ],
      [
        -0.05164458027408593,
        -0.06151849275005791,
        -0.03362586694428559,
        -0.052406329674077025,
        2.2094349852488106e-06,
        -5.61706978553493e-06,
        -2.67e-322,
        -4.949386217221366e-05,
        -2.67e-322,
        2.2121131181331506e-166,
        -2.67e-322,
        -0.11389278259426132
      ]
    ]
  },
  "cues": [
    [
      6,
      6
    ],
    [
      0,
      4
    ],
    [
      8,
      7
    ],
    [
      6,
      4
    ],
    [
      7,
      5
    ]
  ],
  "env": {
    "delay": 6,
    "grid_size": 10,
    "max_steps": 200,
    "noise": 0.0,
    "num_cues": 5,
    "reward_sparse_prob": 0.1
  },
  "seed": 0
}