{
  "agent": {
    "action_size": 4,
    "cue_exploration_bias": 0.6333333333333333,
    "cue_regularization": 0.009166666666666668,
    "epsilon": 0.05,
    "state_size": 11,
    "target_weights": [
      [
        -0.02990649720162431,
        -0.04872852218135569,
        -0.04620248785770897,
        -0.07448899132901841,
        4.579258913202633e-06,
        2.239549392985206e-06,
        2.67e-322,
        -2.4382902437297563e-05,
        5.483652341074315e-25,
        -1.9298513457248323e-06,
        2.67e-322,
        -0.12784492326894192
      ],
      [
        -0.06588869754207961,
        -0.08997894785670137,
        -0.04724254478448523,
        -0.03681745766050735,
        7.96846876476229e-06,
        2.4685532789979633e-06,
        -2.67e-322,
        -1.8249603483521089e-06,
        -6.8200444926242395e-06,
        2.3813363235560036e-06,
        -2.67e-322,
        -0.08995826508235058
      ],
      [
        -0.03336954300268682,
        -0.06386688873141647,
        -0.03998338979437195,
        -0.06942877446021328,
        -2.6193251050547437e-06,
        4.0113257634158506e-07,
        2.67e-322,
        9.766619741938287e-08,
        2.431796223622571e-112,
        1.9476457243607249e-07,
        -2.67e-322,
        -0.12033714963000788
      ],
      [
        -0.05960075326523669,
        -0.0729616167954115,
        -0.05977463641928655,
        -0.06534238397011453,
        7.062851837858638e-07,
        -4.823747339614237e-06,
        -2.67e-322,
        1.4548088867460491e-06,
        2.400832570621254e-07,
        1.6322199132372774e-14,
        -2.67e-322,
        -0.08939070380481805
      ]
    ],
    "weights": [
      [
        -0.029967400031406657,
        -0.04882850534554717,
        -0.04625889198670546,
        -0.07450631512360582,
        2.654898677618699e-06,
        5.952275393269001e-07,
        2.67e-322,
        -8.07715324605451e-06,
        6.991892202803827e-07,
        -8.068878461660705e-06,
        2.67e-322,
        -0.12796223022772069
      ],
      [
        -0.06591664993726509,
        -0.0900214929806189,
        -0.0472354709250444,
        -0.03679579107233447,
        1.2837711552520179e-05,
        -3.454537248078158e-06,
        -2.67e-322,
        -4.1686554372246175e-06,
        -2.380827266821488e-06,
        9.311828172537218e-08,
        -2.67e-322,
        -0.08997914361809525
      ],
      [
        -0.03334996930693615,
        -0.06384067998141224,
        -0.039968784278442124,
        -0.06942080399853696,
        -2.4207976438947143e-06,
        2.517427708531734e-07,
        2.67e-322,
        4.801219027981816e-07,
        9.509143400283635e-114,
        2.096466338668431e-07,
        -2.67e-322,
        -0.12030297041832738
      ],
      [
        -0.05942557452951776,
        -0.07286149579693328,
        -0.05977526758234555,
        -0.06526795739593264,
        -8.359637087458178e-05,
        1.4105971003173381e-05,
        -2.67e-322,
        -1.5388139161500884e-06,
        -1.689359852876376e-06,
        6.382530355545425e-16,
        -2.67e-322,
        -0.08921615623215824
      ]
    ]
  },
  "cues": [
    [
      4,
      1
    ],
    [
      0,
      9
    ],
    [
      4,
      6
    ],
    [
      6,
      8
    ],
    [
      5,
      2
    ]
  ],
  "env": {
    "delay": 6,
    "grid_size": 10,
    "max_steps": 200,
    "noise": 0.0,
    "num_cues": 5,
    "reward_sparse_prob": 0.1
  },
  "seed": 23
}