{
  "agent": {
    "action_size": 4,
    "cue_exploration_bias": 0.6333333333333333,
    "cue_regularization": 0.009166666666666668,
    "epsilon": 0.05,
    "state_size": 11,
    "target_weights": [
      [
        -0.04023212770796252,
        -0.06495337431915686,
        -0.037916463458312316,
        -0.05870766986521369,
        -8.267689393162997e-05,
        7.433264664385753e-07,
        3.049369146260631e-43,
        -6.607009072667905e-238,
        -2.67e-322,
        -3.235658930669516e-07,
        -1.2771155618605567e-189,
        -0.11075280583291076
      ],
      [
        -0.04301796935610764,
        -0.068495464946154,
        -0.027081581164490137,
        -0.053060209293044294,
        -2.41832094679093e-05,
        -1.768262204914874e-05,
        7.393537745511716e-282,
        -2.67e-322,
        -2.67e-322,
        1.0146015747537162e-06,
        6.116382059712611e-242,
        -0.12470654751723577
      ],
      [
        -0.04307862923492423,
        -0.06607089849746092,
        -0.04383277829879399,
        -0.060890769941833386,
        -8.682293075625018e-06,
        -3.272678267206873e-06,
        -1.1149836153069207e-216,
        -2.67e-322,
        -2.67e-322,
        -3.180985579142199e-06,
        -7.761421841080834e-214,
        -0.10421836404185668
      ],
      [
        -0.07125913065913073,
        -0.041289846236970955,
        -0.06393793608527393,
        -0.03404326384497791,
        -1.2190337491153937e-05,
        -6.212646575231371e-06,
        2.003842242752043e-258,
        -2.67e-322,
        -2.67e-322,
        -1.5791267502352772e-11,
        -2.5025256000014232e-228,
        -0.10890441790154828
      ]
    ],
    "weights": [
      [
        -0.04028927597863847,
        -0.0649484272750231,
        -0.03808305153392142,
        -0.0589363532556325,
        -7.483088507061017e-05,
        -1.4156152121915724e-05,
        1.1924061815096117e-44,
        -2.5835633803799033e-239,
        -2.67e-322,
        -1.2652517701631307e-08,
        -4.99395257649298e-191,
        -0.11097654217919582
      ],
      [
        -0.04302246294060511,
        -0.06851623756182242,
        -0.02722444780199428,
        -0.05318679689937744,
        -2.2022835346961003e-05,
        -1.5483507782257103e-05,
        2.8911226185205473e-283,
        -2.67e-322,
        -2.67e-322,
        3.96743434945974e-08,
        2.3917116710580287e-243,
        -0.12485390773923735
      ],
      [
        -0.043089486275844066,
        -0.06608934496793255,
        -0.043860864293360474,
        -0.06091126650684812,
        -5.096280222902082e-06,
        -4.937648589067455e-07,
        -4.3599619836262114e-218,
        -2.67e-322,
        -2.67e-322,
        -3.610839918874599e-06,
        -3.0349777074242986e-215,
        -0.104257307077343
      ],
      [
        -0.0712740309792579,
        -0.041288389464117684,
        -0.06395622903926766,
        -0.03407791389195212,
        -1.2819924285507796e-05,
        -1.8791040828770778e-06,
        7.835699000095383e-260,
        -2.67e-322,
        -2.67e-322,
        -6.174918181607356e-13,
        -9.785719116647414e-230,
        -0.10893761117566926
      ]
    ]
  },
  "cues": [
    [
      8,
      1
    ],
    [
      5,
      9
    ],
    [
      9,
      4
    ],
    [
      1,
      8
    ],
    [
      5,
      6
    ]
  ],
  "env": {
    "delay": 6,
    "grid_size": 10,
    "max_steps": 200,
    "noise": 0.0,
    "num_cues": 5,
    "reward_sparse_prob": 0.1
  },
  "seed": 29
}