{
  "agent": {
    "action_size": 4,
    "cue_exploration_bias": 0.6333333333333333,
    "cue_regularization": 0.009166666666666668,
    "epsilon": 0.05,
    "state_size": 11,
    "target_weights": [
      [
        -0.026352433034717123,
        -0.0225359502005797,
        -0.040182400272910354,
        -0.055686834292740975,
        3.2657077454399654e-06,
        -4.9694175945438564e-06,
        3.6661403863103314e-308,
        -2.67e-322,
        3.0084767092905333e-11,
        3.9252904934229445e-196,
        2.67e-322,
        -0.06512238701942807
      ],
      [
        -0.016080210081150962,
        -0.03353743810102146,
        -0.022543033929641337,
        -0.015410118093169162,
        2.307750889844184e-05,
        -2.5664172361567385e-05,
        -1.860951083293259e-307,
        -2.67e-322,
        1.214612514504612e-07,
        -2.3944612472173385e-26,
        -2.873570539349463e-306,
        -0.0645761260718806
      ],
      [
        -0.03307411870227175,
        -0.01798313005299815,
        -0.04673258279887906,
        -0.04096882974207663,
        3.5534513965338356e-05,
        -7.46999569764766e-06,
        -4.493488622562466e-306,
        -2.67e-322,
        1.566322461765192e-13,
        -1.1108881429303131e-195,
        2.67e-322,
        -0.06435742822777998
      ],
      [
        -0.021929022525462655,
        0.011855794771135257,
        -0.0382478322575319,
        -0.06138279304865446,
        0.00012633384956550287,
        8.319344277689627e-05,
        -7.434707653976512e-306,
        2.67e-322,
        -0.00010664578500358073,
        -7.096330767728561e-67,
        6.621533169975403e-309,
        -0.08811083649502799
      ]
    ],
    "weights": [
      [
        -0.02631023367515516,
        -0.022502619986236094,
        -0.040182400272910354,
        -0.055677965147522615,
        -3.564776506185532e-06,
        -5.306112149399622e-06,
        6.25642059371919e-309,
        -2.67e-322,
        5.1340902574309214e-12,
        6.698670997729438e-197,
        2.67e-322,
        -0.06508018765986612
      ],
      [
        -0.016118266550208708,
        -0.03368212934304087,
        -0.022610307352418802,
        -0.015370756742984965,
        2.9613027630214298e-05,
        -2.5197173065875043e-05,
        -3.175790192021985e-308,
        -2.67e-322,
        2.0727866225503807e-08,
        -4.08624740991713e-27,
        -4.903867284248893e-307,
        -0.06468145596371581
      ],
      [
        -0.033060309227834934,
        -0.017937115399396197,
        -0.04657658217540003,
        -0.04084503429776275,
        4.48221498290904e-05,
        -1.1408524599552469e-06,
        -7.668324666676609e-307,
        -2.67e-322,
        2.6729942319680774e-14,
        -1.895776681302294e-196,
        2.67e-322,
        -0.06418761812986415
      ],
      [
        -0.020740406291929775,
        0.013146022727911669,
        -0.0383163473539676,
        -0.06155291986833368,
        3.06762366852304e-05,
        -0.0003564489679513483,
        -1.2687636907825493e-306,
        2.67e-322,
        -0.00018220023242162872,
        -1.2110182719910198e-67,
        1.129992093082993e-309,
        -0.08699073535793081
      ]
    ]
  },
  "cues": [
    [
      9,
      1
    ],
    [
      7,
      4
    ],
    [
      2,
      9
    ],
    [
      7,
      5
    ],
    [
      5,
      0
    ]
  ],
  "env": {
    "delay": 6,
    "grid_size": 10,
    "max_steps": 200,
    "noise": 0.0,
    "num_cues": 5,
    "reward_sparse_prob": 0.1
  },
  "seed": 6
}