{
  "agent": {
    "action_size": 4,
    "cue_exploration_bias": 0.6333333333333333,
    "cue_regularization": 0.009166666666666668,
    "epsilon": 0.05,
    "state_size": 11,
    "target_weights": [
      [
        -0.05526782080939972,
        -0.05786222473955938,
        -0.051633403029595584,
        -0.06949349675328073,
        1.6566197683380786e-07,
        6.675616687973749e-06,
        2.0845417580500328e-132,
        -2.67e-322,
        -7.613784568260692e-08,
        2.67e-322,
        2.67e-322,
        -0.10568082767547901
      ],
      [
        -0.07459841897290678,
        -0.03834512064106388,
        -0.05747030623078359,
        -0.03141614518132095,
        -3.9709778111942066e-07,
        -3.6156209354433424e-05,
        -2.8884821526753068e-06,
        2.67e-322,
        -6.901799665288553e-06,
        -2.67e-322,
        2.67e-322,
        -0.11940667421091117
      ],
      [
        -0.059114796017638555,
        -0.038110285589032615,
        -0.06188937276914572,
        -0.05671582200663876,
        1.5279811935968657e-06,
        -6.66013635534441e-05,
        1.0701228822786494e-06,
        -2.67e-322,
        9.33837075215338e-06,
        -2.67e-322,
        2.67e-322,
        -0.1153753578446463
      ],
      [
        -0.08785891002971866,
        -0.08377735277463663,
        -0.04287956367275522,
        -0.04702097788834371,
        -2.8757792017154416e-06,
        5.839233401975983e-06,
        1.8948293284843302e-10,
        2.67e-322,
        -2.930993594109222e-07,
        -6.876074708762915e-10,
        2.67e-322,
        -0.09477385561608685
      ]
    ],
    "weights": [
      [
        -0.05526841162832743,
        -0.05789772986145326,
        -0.05166523554495753,
        -0.0694904149656765,
        4.7672758594960645e-07,
        3.883463207011975e-06,
        8.151261322237176e-134,
        -2.67e-322,
        -2.9772465544257128e-09,
        2.67e-322,
        2.67e-322,
        -0.10571325100976865
      ],
      [
        -0.07462601186254277,
        -0.038674392377231005,
        -0.057746805102885976,
        -0.031390965206892205,
        1.113849261918923e-06,
        2.9418243047212214e-05,
        -7.402931715338213e-07,
        2.67e-322,
        -3.1373880622184997e-06,
        -2.67e-322,
        2.67e-322,
        -0.11971076597264961
      ],
      [
        -0.059109957883573726,
        -0.03828556843196096,
        -0.062061423655972704,
        -0.05670775191647256,
        1.7089071571706279e-06,
        2.0650529545923486e-05,
        -1.93835956603707e-07,
        -2.67e-322,
        5.172799547906244e-06,
        -2.67e-322,
        2.67e-322,
        -0.11554257059740845
      ],
      [
        -0.08784950228059055,
        -0.08379945582575025,
        -0.04288559166028377,
        -0.046995495075630535,
        -2.9945054445517323e-07,
        5.57782690948718e-06,
        7.409421738791703e-12,
        2.67e-322,
        -1.1461173481953364e-08,
        -2.6887771188034506e-11,
        2.67e-322,
        -0.09477047585448725
      ]
    ]
  },
  "cues": [
    [
      7,
      4
    ],
    [
      8,
      5
    ],
    [
      2,
      6
    ],
    [
      0,
      5
    ],
    [
      7,
      9
    ]
  ],
  "env": {
    "delay": 6,
    "grid_size": 10,
    "max_steps": 200,
    "noise": 0.0,
    "num_cues": 5,
    "reward_sparse_prob": 0.1
  },
  "seed": 12
}