{
  "agent": {
    "action_size": 4,
    "cue_exploration_bias": 0.6333333333333333,
    "cue_regularization": 0.009166666666666668,
    "epsilon": 0.05,
    "state_size": 11,
    "target_weights": [
      [
        -0.064547590779835,
        -0.04485996490035295,
        -0.06096017028907562,
        -0.04234817550544372,
        -4.861094543512981e-06,
        -5.676558185272012e-06,
        -2.67e-322,
        2.67e-322,
        -4.110081090357431e-22,
        -5.534754787987499e-06,
        -2.67e-322,
        -0.10885939102495149
      ],
      [
        -0.04752057457904079,
        -0.07120456264299418,
        -0.042672603529646545,
        -0.06815067619545243,
        -4.015145913248415e-07,
        6.773249458741436e-07,
        2.67e-322,
        -2.67e-322,
        -2.8185194897885217e-06,
        -3.4162296472638504e-06,
        -2.67e-322,
        -0.10114021074577864
      ],
      [
        -0.06487523891622558,
        -0.05903259147132415,
        -0.06400044742311767,
        -0.055384355324446334,
        1.1568912766351524e-05,
        6.391924514065069e-06,
        -2.67e-322,
        2.67e-322,
        -2.7599672714944214e-06,
        -8.89602799915263e-06,
        -2.67e-322,
        -0.09224602880467618
      ],
      [
        -0.05582768697175547,
        -0.07485596226708703,
        -0.04671962200647237,
        -0.07039265658074573,
        -2.282418143017054e-06,
        -1.5766744436590467e-06,
        2.67e-322,
        2.67e-322,
        -6.609664807411763e-07,
        -2.740581717492968e-07,
        2.67e-322,
        -0.09432047745480897
      ]
    ],
    "weights": [
      [
        -0.06451457893378112,
        -0.044889432647085,
        -0.06087051896805634,
        -0.042196044591638546,
        9.107912116384941e-07,
        1.4450263915058566e-05,
        -2.67e-322,
        2.67e-322,
        -7.753291317945303e-07,
        -4.614054656055706e-06,
        -2.67e-322,
        -0.10873672785787834
      ],
      [
        -0.0475225231555265,
        -0.07124054302933341,
        -0.042760153448799375,
        -0.06820419430475176,
        -2.359289466126237e-06,
        -1.6678943538676308e-06,
        2.67e-322,
        -2.67e-322,
        -1.6764883698793106e-06,
        -6.195446831129471e-06,
        -2.67e-322,
        -0.1012297092414172
      ],
      [
        -0.06488192650247902,
        -0.05890961780381839,
        -0.06378858161891846,
        -0.05530215077400643,
        -1.1273173139263936e-05,
        4.3903077840080405e-06,
        -2.67e-322,
        2.67e-322,
        -7.932979339239593e-06,
        0.00012099525179322309,
        -2.67e-322,
        -0.09204085058673041
      ],
      [
        -0.05582804175473828,
        -0.0748654318499034,
        -0.04680227283800794,
        -0.07046619261244771,
        -7.795985905504054e-06,
        -3.474470115457146e-06,
        2.67e-322,
        2.67e-322,
        -5.181060471664125e-07,
        -1.0716598824639438e-08,
        2.67e-322,
        -0.0944034830693273
      ]
    ]
  },
  "cues": [
    [
      7,
      9
    ],
    [
      5,
      4
    ],
    [
      2,
      2
    ],
    [
      0,
      5
    ],
    [
      8,
      7
    ]
  ],
  "env": {
    "delay": 6,
    "grid_size": 10,
    "max_steps": 200,
    "noise": 0.0,
    "num_cues": 5,
    "reward_sparse_prob": 0.1
  },
  "seed": 9
}