{
  "agent": {
    "action_size": 4,
    "cue_exploration_bias": 0.6333333333333333,
    "cue_regularization": 0.009166666666666668,
    "epsilon": 0.05,
    "state_size": 11,
    "target_weights": [
      [
        -0.01804141245202034,
        0.008798870159338742,
        -0.0083639544471525,
        -0.019235716303568653,
        1.5178327563269872e-07,
        -6.0322580375332555e-06,
        3.5464253700664353e-87,
        5.896384657041589e-09,
        1.1480432154344589e-232,
        4.86374688407909e-149,
        1.115226700640447e-11,
        -0.07469872464730855
      ],
      [
        -0.01401787169358211,
        -0.012276292722362482,
        -0.00944794677861121,
        -0.022728478938040635,
        3.9790912569506714e-05,
        1.9500912483655877e-06,
        -4.754507914810153e-10,
        -9.424085228507228e-07,
        6.880786739321072e-233,
        -3.11724328316224e-56,
        1.231986150888693e-05,
        -0.04590956778934476
      ],
      [
        -0.024395392396396865,
        -0.019312673843635195,
        -0.04580326010620686,
        -0.028153382982614324,
        4.485549793772626e-06,
        -1.969010145729238e-06,
        1.1355460491003894e-69,
        2.7112038349280622e-12,
        -5.455804850164534e-233,
        -1.8257579342808507e-147,
        1.8724514114481434e-19,
        -0.0366824668276872
      ],
      [
        -0.04238063438110836,
        0.02386485652731353,
        -0.022630070021649535,
        -0.028148429464201794,
        2.4908292269091107e-05,
        2.7790266808878725e-05,
        3.9080075785941423e-81,
        -5.148011465629517e-05,
        -1.716127995375699e-05,
        8.538499275456127e-136,
        5.411912867159085e-30,
        -0.05254939189674101
      ]
    ],
    "weights": [
      [
        -0.01804141245202034,
        0.008798870159338742,
        -0.0083639544471525,
        -0.019235716303568653,
        1.5178327563269872e-07,
        -6.0322580375332555e-06,
        3.5464253700664353e-87,
        5.896384657041589e-09,
        1.1480432154344589e-232,
        4.86374688407909e-149,
        1.115226700640447e-11,
        -0.07469872464730855
      ],
      [
        -0.01401787169358211,
        -0.012276292722362482,
        -0.00944794677861121,
        -0.022728478938040635,
        3.9790912569506714e-05,
        1.9500912483655877e-06,
        -4.754507914810153e-10,
        -9.424085228507228e-07,
        6.880786739321072e-233,
        -3.11724328316224e-56,
        1.231986150888693e-05,
        -0.04590956778934476
      ],
      [
        -0.024395392396396865,
        -0.019312673843635195,
        -0.04580326010620686,
        -0.028153382982614324,
        4.485549793772626e-06,
        -1.969010145729238e-06,
        1.1355460491003894e-69,
        2.7112038349280622e-12,
        -5.455804850164534e-233,
        -1.8257579342808507e-147,
        1.8724514114481434e-19,
        -0.0366824668276872
      ],
      [
        -0.04238063438110836,
        0.02386485652731353,
        -0.022630070021649535,
        -0.028148429464201794,
        2.4908292269091107e-05,
        2.7790266808878725e-05,
        3.9080075785941423e-81,
        -5.148011465629517e-05,
        -1.716127995375699e-05,
        8.538499275456127e-136,
        5.411912867159085e-30,
        -0.05254939189674101
      ]
    ]
  },
  "cues": [
    [
      9,
      4
    ],
    [
      5,
      8
    ],
    [
      0,
      7
    ],
    [
      3,
      0
    ],
    [
      2,
      1
    ]
  ],
  "env": {
    "delay": 6,
    "grid_size": 10,
    "max_steps": 200,
    "noise": 0.0,
    "num_cues": 5,
    "reward_sparse_prob": 0.1
  },
  "seed": 5
}