{
  "agent": {
    "action_size": 4,
    "cue_exploration_bias": 0.6333333333333333,
    "cue_regularization": 0.009166666666666668,
    "epsilon": 0.05,
    "state_size": 11,
    "target_weights": [
      [
        -0.019946100336462665,
        -0.016920755019585898,
        -0.04224468835972029,
        -0.023134955114371206,
        -2.774129897249442e-06,
        -2.6507793352141e-06,
        1.300286439281031e-127,
        2.8926852186292895e-93,
        3.3648822927307265e-284,
        9.795637897015133e-10,
        -3.2881357901675976e-282,
        -0.05792495241253149
      ],
      [
        0.015956274836333,
        -0.04118296285163499,
        -0.03883625737834793,
        -0.046352782055734086,
        6.0963058379747595e-05,
        1.1048472250580533e-05,
        1.0471708608255544e-97,
        1.0600231688320216e-06,
        1.6821528773784319e-06,
        6.219313307978705e-05,
        1.73989691957702e-104,
        -0.0558910329031249
      ],
      [
        -0.00033380030159016596,
        -0.045120436838346684,
        -0.028358349818973404,
        -0.04148731231237734,
        -7.795432502409975e-06,
        3.439734489805469e-06,
        4.2301085356118365e-135,
        1.5802188061245475e-93,
        9.775911788034162e-44,
        2.337747859953816e-10,
        -1.0396045719894389e-282,
        -0.056580917905723255
      ],
      [
        -0.020957912488620174,
        -0.037862505150444044,
        -0.01412108309205594,
        -0.04406381090075326,
        2.5393883293381257e-05,
        1.8409565496982238e-05,
        -6.817534150688539e-100,
        -2.85931131468602e-11,
        -4.352310094324687e-06,
        -2.4852705025686153e-05,
        5.345375711847348e-283,
        -0.02446121388837635
      ]
    ],
    "weights": [
      [
        -0.019852780324319093,
        -0.016839892254303938,
        -0.042220640719597795,
        -0.023098450227387102,
        -1.991473703246315e-06,
        9.448660154785214e-06,
        1.9149860564036532e-128,
        4.2601781360597564e-94,
        4.955602456011014e-285,
        1.213069428012016e-05,
        -4.842574681632771e-283,
        -0.05780758476026542
      ],
      [
        0.015662406119478937,
        -0.04121793774075724,
        -0.038788941644865446,
        -0.046564360149983386,
        5.327885132796366e-05,
        -1.2107514455156575e-05,
        1.542212190001724e-98,
        1.5611403198979362e-07,
        4.84543908071585e-06,
        8.483333576866846e-05,
        2.562418740913703e-105,
        -0.056137585886496484
      ],
      [
        -0.0002697559127022962,
        -0.04506545574532767,
        -0.028319620350298703,
        -0.04143951954783378,
        1.0911200316481229e-06,
        2.7457699212028857e-06,
        6.229857220728847e-136,
        2.3272541252284037e-94,
        1.4397392910648809e-44,
        3.442898749043612e-11,
        -1.5310690009457088e-283,
        -0.056478144048160685
      ],
      [
        -0.021104039319680037,
        -0.03790769573586611,
        -0.013982482223110687,
        -0.04402614627744581,
        1.8309297780239073e-05,
        3.34633733833598e-05,
        -1.0040466810407602e-100,
        -4.211026996150567e-12,
        -6.409828551611371e-07,
        -2.7739421442104942e-05,
        7.872357693806601e-284,
        -0.024468739850490955
      ]
    ]
  },
  "cues": [
    [
      2,
      6
    ],
    [
      6,
      4
    ],
    [
      7,
      3
    ],
    [
      7,
      8
    ],
    [
      2,
      8
    ]
  ],
  "env": {
    "delay": 6,
    "grid_size": 10,
    "max_steps": 200,
    "noise": 0.0,
    "num_cues": 5,
    "reward_sparse_prob": 0.1
  },
  "seed": 21
}