{
  "agent": {
    "action_size": 4,
    "cue_exploration_bias": 0.08333333333333333,
    "cue_regularization": 0.02291666666666667,
    "epsilon": 0.05,
    "state_size": 11,
    "target_weights": [
      [
        0.11358652980347156,
        0.10889530370151973,
        0.010872173804961327,
        0.000676063159555454,
        -1.4910538476637356e-06,
        -4.11082522842202e-07,
        3.7651526315750546e-46,
        1.7171306553584464e-08,
        3.888437894268277e-06,
        4.076649757009244e-257,
        -1.04e-322,
        0.1088403090161224
      ],
      [
        0.23586793082634339,
        0.20419083348749062,
        -0.04031332643986083,
        -0.0022700068343302587,
        -2.759151043878371e-05,
        4.6436324780105256e-05,
        -1.9697696060626148e-05,
        -2.240626491276932e-05,
        -3.11028312174499e-06,
        -2.409654960595801e-08,
        -7.152537161968278e-15,
        0.21258122983690642
      ],
      [
        0.11097379454484427,
        0.10503485404887075,
        0.015607207930905842,
        0.009862566263219576,
        2.5002439759667055e-05,
        1.2425217865327704e-05,
        1.7084609411093516e-15,
        6.5745018247585805e-24,
        1.8810190965758142e-29,
        1.3614205295435845e-247,
        7.430120412299732e-242,
        0.1030446314312012
      ],
      [
        0.20538523873282744,
        0.26308519749492293,
        0.009671139693797843,
        -0.07668319427406033,
        -9.659568556458577e-06,
        7.767246813546682e-05,
        8.314322760224147e-05,
        1.9076801729042914e-05,
        -3.761407903367858e-05,
        7.100453550254701e-13,
        1.156048418160583e-30,
        0.18643404305073477
      ]
    ],
    "weights": [
      [
        0.11358652980347156,
        0.10889530370151973,
        0.010872173804961327,
        0.000676063159555454,
        -1.0289612343090766e-06,
        -2.836839063655294e-07,
        2.5982938880563157e-46,
        1.1849745610301028e-08,
        2.683371805444544e-06,
        2.813254915233636e-257,
        -1.04e-322,
        0.1088403090161224
      ],
      [
        0.2358114771358663,
        0.20414201503199247,
        -0.040269269457899055,
        -0.0022335850873474103,
        -2.5686033452572195e-05,
        4.8876485303382805e-05,
        -1.3593181549643012e-05,
        1.7784674999672155e-05,
        -1.062973076488443e-05,
        -1.6628786052217832e-08,
        -4.935893816411777e-15,
        0.21256883312839112
      ],
      [
        0.11097379454484427,
        0.10503485404887075,
        0.015607207930905842,
        0.009862566263219576,
        1.7253931718264294e-05,
        8.574517634825279e-06,
        1.1789916785950834e-15,
        4.5369974553035046e-24,
        1.2980723227428943e-29,
        9.395025878426927e-248,
        5.127451220144786e-242,
        0.1030446314312012
      ],
      [
        0.20513896093869877,
        0.26286740908669487,
        0.009748726780256402,
        -0.07663409657350231,
        -1.1194576026973626e-05,
        9.500042022910735e-05,
        5.737630349976234e-05,
        4.146426136319666e-05,
        -5.392116785596809e-05,
        4.899951440836242e-13,
        7.977773633966256e-31,
        0.18626535234306463
      ]
    ]
  },
  "cues": [
    [
      6,
      6
    ],
    [
      0,
      4
    ],
    [
      8,
      7
    ],
    [
      6,
      4
    ],
    [
      7,
      5
    ]
  ],
  "env": {
    "delay": 0,
    "grid_size": 10,
    "max_steps": 200,
    "noise": 0.05,
    "num_cues": 5,
    "reward_sparse_prob": 1.0
  },
  "seed": 0
}