{
  "agent": {
    "action_size": 4,
    "cue_exploration_bias": 0.10000000000000002,
    "cue_regularization": 0.022500000000000003,
    "epsilon": 0.05,
    "state_size": 11,
    "target_weights": [
      [
        0.055091596405927604,
        0.0728322867147925,
        0.0029065373155198397,
        -0.029721489740702562,
        -1.29761477645077e-05,
        -4.899259429234428e-05,
        1.5435197655191216e-27,
        6.907337009024446e-14,
        1.4633591014417472e-05,
        1.3727466142794313e-267,
        -1.1e-322,
        0.042379739129137325
      ],
      [
        0.16587155600651743,
        0.13088163257644686,
        -0.04906181112922458,
        -0.007705665432476445,
        8.964340174015978e-05,
        0.00016441766086738803,
        -5.060875955557512e-05,
        1.1702174067572441e-05,
        -2.3433433630550515e-05,
        -4.091395848676861e-21,
        -4.200341750617335e-14,
        0.133836370327717
      ],
      [
        0.04403824231145567,
        0.05681609833465233,
        0.004661079136868029,
        -0.019800359049988753,
        2.5192845423767944e-05,
        -0.00013826328977904274,
        1.0467961407985014e-47,
        7.059575824613774e-15,
        3.5647447138718486e-05,
        1.3877611467169625e-154,
        1.1e-322,
        0.02516295040377479
      ],
      [
        0.14382086450064732,
        0.19094664271345219,
        0.0014569881818396176,
        -0.07432316523672892,
        -5.087742639885057e-06,
        -2.5785901480284235e-05,
        -6.0193364640721546e-05,
        -3.5225377103747794e-05,
        -3.711581659645033e-05,
        1.496092449162444e-99,
        1.7210070630312075e-13,
        0.1166555173065957
      ]
    ],
    "weights": [
      [
        0.056076455840108265,
        0.0738662216213119,
        0.003180423261166639,
        -0.02949667926739449,
        1.278138051780248e-05,
        -3.106317354199278e-05,
        4.047573706969095e-29,
        1.8113118009537746e-15,
        3.837368302735964e-07,
        3.599755070463615e-269,
        -1.1e-322,
        0.043638484508964785
      ],
      [
        0.1687290028780443,
        0.1335606256747123,
        -0.04860826777262106,
        -0.007073668302611513,
        -1.4686301817383775e-05,
        5.557360512063334e-06,
        -5.359429168443732e-06,
        1.0824928215475463e-05,
        6.669700920316311e-06,
        -1.0728872173747235e-22,
        -1.1014561141279179e-15,
        0.1371473605558473
      ],
      [
        0.0444276776998601,
        0.05752723253284176,
        0.005325037979015869,
        -0.019458099017625928,
        -1.490100048961103e-05,
        -8.762962423071527e-06,
        2.7450147582837955e-49,
        8.145764797566163e-06,
        9.347834279966017e-07,
        3.6391276966354296e-156,
        1.1e-322,
        0.026216344634327052
      ],
      [
        0.1435650580963805,
        0.19093354161114293,
        0.0014847627578255171,
        -0.07453809596270045,
        1.825300946069054e-05,
        -0.00020580038978647565,
        -4.018064806214369e-05,
        1.7799532957537257e-06,
        -5.542490773510642e-05,
        3.923204999184626e-101,
        4.512998857186917e-15,
        0.11642748547831472
      ]
    ]
  },
  "cues": [
    [
      6,
      6
    ],
    [
      0,
      4
    ],
    [
      8,
      7
    ],
    [
      6,
      4
    ],
    [
      7,
      5
    ]
  ],
  "env": {
    "delay": 0,
    "grid_size": 10,
    "max_steps": 200,
    "noise": 0.0,
    "num_cues": 5,
    "reward_sparse_prob": 0.7
  },
  "seed": 0
}