{
  "agent": {
    "action_size": 4,
    "cue_exploration_bias": 0.3333333333333333,
    "cue_regularization": 0.01666666666666667,
    "epsilon": 0.05,
    "state_size": 11,
    "target_weights": [
      [
        0.0949851369368795,
        0.06828358162041094,
        0.025944575523908064,
        0.043709721127486174,
        4.5469260882579417e-07,
        0.00011591918914634896,
        1.152156367438893e-21,
        3.244641980764536e-28,
        4.231631936567598e-242,
        1.6080912405243448e-97,
        3.1252110854191554e-242,
        0.15100667617004934
      ],
      [
        0.26484878823810276,
        0.17903393023186023,
        -0.005789137567192623,
        0.04189836760233878,
        -3.5781442228588366e-05,
        2.707101534367825e-05,
        -1.4489752083452072e-07,
        9.539258704535992e-08,
        -1.4144966359122053e-91,
        7.551582345272592e-95,
        7.81879055363249e-242,
        0.23660602044957157
      ],
      [
        0.10061620007950717,
        0.13675088390371634,
        0.007449818393453388,
        0.05538270292227353,
        -5.266629385246526e-06,
        3.616273716955792e-09,
        9.024253359766648e-08,
        1.8158493564270411e-28,
        -1.1359503337441088e-241,
        3.4464611631515425e-137,
        1.4103503075402864e-242,
        0.16331859168526694
      ],
      [
        0.21415582118272827,
        0.2430348544944161,
        0.0695598858846183,
        -0.023776992610211666,
        -8.651894044834222e-05,
        -5.3824107288958776e-05,
        8.168775596449759e-05,
        -2.4987213698239998e-05,
        -1.6598663003987355e-242,
        -1.9375805104582906e-62,
        -1.0177497773971339e-241,
        0.21630023320386252
      ]
    ],
    "weights": [
      [
        0.09500941349016384,
        0.06835641128026394,
        0.026138787950182717,
        0.043855380447192165,
        1.742465521501502e-05,
        2.0527593390236107e-06,
        2.040300454732953e-23,
        5.745786505971483e-30,
        7.493601396860098e-244,
        2.847694446707045e-99,
        5.5342918538835767e-244,
        0.15122516514960832
      ],
      [
        0.2663982559813022,
        0.18020194419779612,
        -0.005533830652119362,
        0.04253512829467561,
        -2.907885964016065e-05,
        3.618425682121333e-05,
        1.3995209143399656e-05,
        1.6892632304713905e-09,
        -2.5048667099632796e-93,
        1.3372748116874114e-96,
        1.384593478183783e-243,
        0.23841079510784427
      ],
      [
        0.10070196087592151,
        0.1368652316322688,
        0.00762133998628208,
        0.0555256375829641,
        -9.32643053782223e-08,
        -1.5093662539882118e-05,
        0.00013584513727253093,
        3.215603690912315e-30,
        -2.011601938757741e-243,
        6.10317876733038e-139,
        2.4975241687060525e-244,
        0.16357587407450996
      ],
      [
        0.21536457537369097,
        0.24458901035714867,
        0.07045285821489358,
        -0.02322942195170602,
        -8.200456618669221e-05,
        -3.189411138654507e-05,
        5.199484412650717e-05,
        -1.3096625575961555e-06,
        -2.93938050702919e-244,
        -3.431171764781682e-64,
        -1.8022860371319042e-243,
        0.2184019597251005
      ]
    ]
  },
  "cues": [
    [
      3,
      3
    ],
    [
      6,
      9
    ],
    [
      8,
      0
    ],
    [
      2,
      7
    ],
    [
      0,
      9
    ]
  ],
  "env": {
    "delay": 10,
    "grid_size": 10,
    "max_steps": 200,
    "noise": 0.0,
    "num_cues": 5,
    "reward_sparse_prob": 1.0
  },
  "seed": 26
}