{
  "agent": {
    "action_size": 4,
    "cue_exploration_bias": 0.3333333333333333,
    "cue_regularization": 0.01666666666666667,
    "epsilon": 0.05,
    "state_size": 11,
    "target_weights": [
      [
        0.0723084549559685,
        0.09910114202237467,
        0.05373001768908355,
        0.005867269741480671,
        6.319530670712032e-05,
        -7.731581170158796e-05,
        0.0001356435683957344,
        2.8408287200435096e-18,
        7.948528519664656e-06,
        2.0233390131693013e-166,
        3.704858841100413e-79,
        0.0916471401505109
      ],
      [
        0.22435195944845518,
        0.1882672170714121,
        -0.001613756134551439,
        0.03851593728472782,
        -0.00012864573546574244,
        1.0849551386794564e-05,
        -1.977465506128535e-05,
        -3.0527156313219185e-05,
        -6.975790946601376e-05,
        1.084660215104947e-08,
        -3.394057823800673e-06,
        0.20926472842205038
      ],
      [
        0.08622985172644222,
        0.10209276033036713,
        0.010024069082994708,
        0.023296357851016605,
        -1.7010173216390922e-06,
        -3.1263431608300397e-06,
        1.0567442146160257e-14,
        1.7657654912432788e-06,
        1.1885743048520281e-08,
        2.151674498421993e-170,
        6.868692124405213e-11,
        0.12972624366790708
      ],
      [
        0.19993297379230376,
        0.26881641237653336,
        0.020268497388061555,
        -0.056677170404275605,
        -3.934475156921179e-05,
        -4.139082887980878e-06,
        -4.750594315233651e-05,
        1.025095974350818e-06,
        0.0014462616407398582,
        3.1005830704810105e-65,
        8.054040028379333e-07,
        0.16311997808536463
      ]
    ],
    "weights": [
      [
        0.07389520631686748,
        0.10121671123231282,
        0.05459981824672444,
        0.006208252450082406,
        -4.6249185156802775e-06,
        -5.5598906204448245e-05,
        3.1197457634199185e-05,
        1.715838753651936e-20,
        4.800850249197491e-08,
        1.2220812420252407e-168,
        2.2377063184128623e-81,
        0.09410369206905077
      ],
      [
        0.22803891418276068,
        0.1913143538297693,
        -0.0014874529379736926,
        0.03928205845725412,
        -0.00022087313253449917,
        3.5171017061397914e-05,
        -0.0002074879432934108,
        -1.73027048985828e-06,
        -0.00022848125168826482,
        6.55126449014853e-11,
        -2.049984888255968e-08,
        0.21307798635293393
      ],
      [
        0.08870170397795754,
        0.10451286228546128,
        0.010545217359321285,
        0.023869256423764345,
        5.8549430754051783e-05,
        -7.246572015914487e-07,
        4.3743406051379685e-05,
        1.066508810742402e-08,
        7.178897620511191e-11,
        1.2995948905995656e-172,
        4.8377432934112315e-05,
        0.13271924419574896
      ],
      [
        0.2016897320711869,
        0.27093810698114495,
        0.019988796376175958,
        -0.05732180774188965,
        1.9941873466641146e-05,
        1.0735938468206207e-05,
        -0.00018432841048207697,
        2.2400182936067718e-07,
        0.000807910723344294,
        1.872728388625609e-67,
        -1.3781579517483754e-05,
        0.1645970353523622
      ]
    ]
  },
  "cues": [
    [
      7,
      8
    ],
    [
      7,
      7
    ],
    [
      8,
      9
    ],
    [
      3,
      2
    ],
    [
      8,
      7
    ]
  ],
  "env": {
    "delay": 6,
    "grid_size": 10,
    "max_steps": 200,
    "noise": 0.0,
    "num_cues": 5,
    "reward_sparse_prob": 1.0
  },
  "seed": 11
}