{
  "agent": {
    "action_size": 4,
    "cue_exploration_bias": 0.16666666666666666,
    "cue_regularization": 0.020833333333333336,
    "epsilon": 0.05,
    "state_size": 11,
    "target_weights": [
      [
        0.09809516072587326,
        0.05842115876059944,
        0.01478598984312973,
        0.009371085171545078,
        -1.7965487609398067e-06,
        -0.00016398203591989414,
        1.656955202033938e-12,
        3.5291033515220585e-263,
        4.848441265191478e-225,
        2.605696173935258e-252,
        2.415270916314567e-205,
        0.0898378970972538
      ],
      [
        0.24872118950119676,
        0.1968774628664323,
        -0.05962066889204451,
        0.022329254081933723,
        -0.0009180001534709732,
        0.00020131429341267422,
        -1.731623069089219e-05,
        -1.6244521354415854e-124,
        6.244782889938138e-193,
        3.747346198960428e-224,
        -6.944720314442743e-134,
        0.2035778087715244
      ],
      [
        0.09193517839857465,
        0.08591189284687512,
        -0.007829661451086168,
        0.027064525484954974,
        -0.0007783694598119806,
        -0.00012629957550273484,
        2.208736933538647e-32,
        6.285458939910213e-156,
        1.3501841153592545e-250,
        1.2895921998165298e-256,
        2.6248304787013544e-224,
        0.09929882526908564
      ],
      [
        0.1762516697630367,
        0.2419121527115692,
        0.020228150575086975,
        -0.044315910836337805,
        3.958963601599195e-06,
        1.9043980876207338e-05,
        9.503475422377324e-11,
        1.222289100703539e-71,
        -2.0327804641392183e-188,
        -2.9862425279819286e-89,
        2.925607995348298e-194,
        0.21931524145901427
      ]
    ],
    "weights": [
      [
        0.09920996824953969,
        0.05951165568864258,
        0.01592175042850156,
        0.010531156352540184,
        1.8484474942045698e-05,
        -2.991870265626421e-06,
        1.0019388209255187e-15,
        2.1340019613130676e-266,
        2.9317880885430704e-228,
        1.5756298957256618e-255,
        1.460482269609573e-208,
        0.09208846520629203
      ],
      [
        0.2514618659633547,
        0.19871817048144988,
        -0.05993965148350448,
        0.02291024033761411,
        -0.0007645309621282603,
        0.00016030112050745827,
        -7.652450846445395e-05,
        -9.822846479110469e-128,
        3.776137337931671e-196,
        2.2659705148197646e-227,
        -4.1993802095367366e-137,
        0.20599950264222244
      ],
      [
        0.09265007826685763,
        0.08668928643103804,
        -0.007595207622211588,
        0.02723648559794959,
        -0.00010463894335576697,
        -1.4873931975444021e-05,
        1.3355939111738455e-35,
        3.800733605530762e-159,
        8.164384160264749e-254,
        7.797992888237749e-260,
        1.587200155882989e-227,
        0.10024817896624319
      ],
      [
        0.18081595474732515,
        0.2470905814653748,
        0.021240845992486556,
        -0.04391735918845552,
        -0.0004225119074955908,
        2.6768097020399888e-05,
        7.947165010703338e-07,
        7.391019979814351e-75,
        -1.229195369277317e-191,
        -1.805741225719976e-92,
        1.7690763285279886e-197,
        0.22489222186070204
      ]
    ]
  },
  "cues": [
    [
      5,
      2
    ],
    [
      6,
      0
    ],
    [
      1,
      8
    ],
    [
      1,
      5
    ],
    [
      9,
      0
    ]
  ],
  "env": {
    "delay": 3,
    "grid_size": 10,
    "max_steps": 200,
    "noise": 0.0,
    "num_cues": 5,
    "reward_sparse_prob": 1.0
  },
  "seed": 7
}