{
  "agent": {
    "action_size": 4,
    "cue_exploration_bias": 0.3333333333333333,
    "cue_regularization": 0.01666666666666667,
    "epsilon": 0.05,
    "state_size": 11,
    "target_weights": [
      [
        0.06648916093130294,
        0.08893685813223957,
        0.0491984415743098,
        0.005680683492176512,
        7.274221973968145e-05,
        -2.6036407637036457e-05,
        3.366948252713914e-08,
        5.624070549491785e-07,
        4.596114515070445e-09,
        1.7834977797822003e-161,
        2.4077082509092775e-111,
        0.08129627001107143
      ],
      [
        0.21429709953300494,
        0.18621388803282976,
        0.006773856677940219,
        0.03890201922035175,
        -2.576357469862473e-05,
        -5.7475289503950375e-05,
        -6.97102700001181e-05,
        -4.078138440830662e-05,
        -7.470318670384358e-05,
        -5.858591913913574e-163,
        -1.5772770223748737e-05,
        0.20759748131909234
      ],
      [
        0.07366155066051971,
        0.09283479720886295,
        0.009393309309953017,
        0.019355260133556703,
        2.3397859636346464e-05,
        -1.0414217377081476e-05,
        1.1598352986188801e-05,
        1.849815161489833e-10,
        3.621223063021024e-06,
        3.353663776396946e-166,
        6.100742989459829e-14,
        0.11652718282894284
      ],
      [
        0.18731718797179972,
        0.2647512885085989,
        0.0434131305064841,
        -0.04208319923842232,
        4.748341622106574e-05,
        6.083374393174267e-05,
        -0.00024319672158486507,
        -2.8172628252713437e-05,
        0.0011691800778314814,
        -2.1333068126376633e-166,
        -0.0001128439938993224,
        0.1736488253832837
      ]
    ],
    "weights": [
      [
        0.06648916093130294,
        0.08902903100848306,
        0.04947496020304024,
        0.005865029244663474,
        5.787404315251615e-05,
        -1.9901529613072945e-05,
        1.1483787887751208e-08,
        1.9182247070192743e-07,
        1.5676155449178578e-09,
        6.083048702867687e-162,
        8.212068845056873e-112,
        0.08157278863980187
      ],
      [
        0.21504698823804622,
        0.1869439741536675,
        0.006999812544887768,
        0.03914777767150273,
        -6.932668624903769e-05,
        -3.57917158932944e-05,
        -1.512545453147516e-05,
        -2.4359780133633867e-06,
        -7.93124678010932e-05,
        -1.9982138664010674e-163,
        -5.379683144989492e-06,
        0.20857332589108113
      ],
      [
        0.07410244642502838,
        0.09327569297337161,
        0.009519279528384064,
        0.01948123035198775,
        7.98040352638616e-06,
        -3.5520196450580332e-06,
        3.9558976124239e-06,
        0.00047118214855691634,
        1.2351053366040443e-06,
        1.1438477981933404e-166,
        2.0808053225103945e-14,
        0.11709404881188255
      ],
      [
        0.18683878780679117,
        0.26442209477274586,
        0.04346863238589259,
        -0.04217690378816917,
        0.00010845628065156925,
        3.664363280949801e-06,
        -0.00022186607271772147,
        -9.60895335512951e-06,
        0.0009195961984535347,
        -7.276156654940765e-167,
        -7.160110428075038e-05,
        0.1732259270976837
      ]
    ]
  },
  "cues": [
    [
      7,
      8
    ],
    [
      7,
      7
    ],
    [
      8,
      9
    ],
    [
      3,
      2
    ],
    [
      8,
      7
    ]
  ],
  "env": {
    "delay": 10,
    "grid_size": 10,
    "max_steps": 200,
    "noise": 0.0,
    "num_cues": 5,
    "reward_sparse_prob": 1.0
  },
  "seed": 11
}