{
  "agent": {
    "action_size": 4,
    "cue_exploration_bias": 0.16666666666666666,
    "cue_regularization": 0.020833333333333336,
    "epsilon": 0.05,
    "state_size": 11,
    "target_weights": [
      [
        0.1389704668193334,
        0.13121464251768167,
        0.02584135850385848,
        0.010427431056316872,
        -1.3106591723843204e-05,
        -1.3791058919387898e-05,
        4.339475361015137e-17,
        2.0122268915716832e-07,
        4.005743022459313e-08,
        4.195421135101639e-123,
        4.496695215667602e-16,
        0.1210061303318032
      ],
      [
        0.28174084197856725,
        0.21031684769013015,
        -0.05754725304713803,
        0.008758652762549788,
        -4.224763526617952e-05,
        -5.178980287867823e-05,
        -7.020234666937557e-05,
        4.989727417938225e-06,
        -3.2630594340163535e-05,
        -1.2625100241655627e-13,
        6.190005122291649e-05,
        0.20685127226592184
      ],
      [
        0.12377957504828925,
        0.07570950111542304,
        0.005081602748915677,
        0.028990570886857817,
        -9.247876377808766e-09,
        -5.442463684103068e-08,
        5.820776752824969e-13,
        1.1215492215249942e-38,
        6.9914014472005504e-09,
        8.34524325060467e-60,
        2.0705826600626495e-12,
        0.11788436015922926
      ],
      [
        0.21526761739102557,
        0.26502830396253646,
        -4.961774040331094e-05,
        -0.02215297875985283,
        4.148285231722276e-05,
        -0.00011752194778753799,
        -3.0903219698157425e-05,
        -5.5248298081450436e-05,
        -3.6905585374632224e-05,
        6.584768693276094e-14,
        -7.763371034243259e-05,
        0.2096820472814551
      ]
    ],
    "weights": [
      [
        0.13947711856866923,
        0.13157223589838157,
        0.026167494267959963,
        0.010902625189054329,
        -4.413924072017665e-06,
        -4.505642615740612e-06,
        9.821867340572847e-07,
        8.687870020087807e-11,
        3.0257920355604523e-07,
        1.8113898414717564e-126,
        1.9414661297542428e-19,
        0.12183891784524054
      ],
      [
        0.2826418541687559,
        0.21058071408812998,
        -0.05755550125087333,
        0.009387550351003263,
        -0.00015863279106945378,
        -0.00023408519363917957,
        -6.532760123912986e-05,
        6.30141804591127e-07,
        1.6219214220242265e-05,
        -2.3660680307268775e-06,
        3.6337533225859356e-05,
        0.2077440362523751
      ],
      [
        0.12377957504828925,
        0.07570950111542304,
        0.005081602748915677,
        0.028990570886857817,
        -3.992807583914598e-12,
        -2.3498054456276675e-11,
        2.51314362492162e-16,
        4.8423335850209244e-42,
        3.0185655149499547e-12,
        3.603092124001955e-63,
        8.939823382651156e-16,
        0.11788436015922926
      ],
      [
        0.21716000403392427,
        0.2671719004800561,
        0.0003894613223890817,
        -0.021965109571681518,
        5.600428964008707e-07,
        -8.679378122981344e-06,
        7.39147978857287e-05,
        -6.389109062403408e-06,
        1.7180272699910265e-05,
        2.8430001983942887e-17,
        6.447998555470081e-05,
        0.21201351298714605
      ]
    ]
  },
  "cues": [
    [
      8,
      6
    ],
    [
      4,
      5
    ],
    [
      4,
      2
    ],
    [
      8,
      4
    ],
    [
      1,
      0
    ]
  ],
  "env": {
    "delay": 0,
    "grid_size": 10,
    "max_steps": 200,
    "noise": 0.1,
    "num_cues": 5,
    "reward_sparse_prob": 1.0
  },
  "seed": 17
}