{
  "agent": {
    "action_size": 4,
    "cue_exploration_bias": 0.3333333333333333,
    "cue_regularization": 0.01666666666666667,
    "epsilon": 0.05,
    "state_size": 11,
    "target_weights": [
      [
        0.12450110374034627,
        0.12618455819072183,
        0.02888215672526733,
        -0.01526759207991539,
        -2.3831403553037537e-05,
        -3.820451342198675e-05,
        2.330787415733891e-221,
        2.4205881004850527e-05,
        -4.25959391047402e-19,
        3.2187547143333097e-09,
        1.825620117913303e-40,
        0.1165207768697735
      ],
      [
        0.2434556438885167,
        0.23066674378397972,
        -0.05745606960849158,
        -0.023534643762919024,
        -0.0002792972090107248,
        2.0748811943087012e-05,
        -0.00010334334514302006,
        6.123114926643178e-08,
        -5.074418785026943e-05,
        3.802343197926395e-05,
        -5.4842204835857985e-06,
        0.21590431566912413
      ],
      [
        0.12294948128348036,
        0.15041639335286647,
        -0.014796234709446184,
        -0.0019439254222635228,
        -7.733319730289665e-06,
        -5.791969321192066e-06,
        9.594470931526617e-228,
        2.6469558870016547e-190,
        -1.6538681303083517e-08,
        4.3767706501810714e-55,
        1.750783946481787e-136,
        0.14924616833722396
      ],
      [
        0.239308508312347,
        0.26341502250991755,
        -0.027906705820785607,
        -0.10018024154773228,
        0.00011349276380834173,
        -2.8607248277345872e-05,
        5.586519407478994e-06,
        5.199555766508158e-29,
        3.070716146951377e-06,
        -1.5453556936365047e-05,
        9.097614081449967e-25,
        0.19206911843440982
      ]
    ],
    "weights": [
      [
        0.1249512302106417,
        0.1269940484429045,
        0.02921358396325292,
        -0.015295528623817022,
        1.4833809210025783e-05,
        4.079795404191197e-05,
        6.283051617246756e-224,
        6.525125318926664e-08,
        8.040815940554529e-08,
        8.676725246109472e-12,
        4.9212834070162094e-43,
        0.11730233057805449
      ],
      [
        0.2460474768066799,
        0.23263841207526254,
        -0.058163994757725275,
        -0.023622404285272455,
        -0.00044534634495781064,
        5.6578439924637246e-05,
        -2.78580349048304e-07,
        1.650594424988331e-10,
        -0.00012880902131722454,
        8.960182653328918e-07,
        -1.4783690758808173e-08,
        0.21778822343805368
      ],
      [
        0.12338837964233083,
        0.15091657084134286,
        -0.014764706591207872,
        -0.001973676433651131,
        -3.642805327093461e-06,
        -4.638132875103356e-06,
        2.5863601157282784e-230,
        7.135339908882251e-193,
        -4.4582954072518273e-11,
        1.1798362959360498e-57,
        4.719549209908703e-139,
        0.14971659481431276
      ],
      [
        0.23969641003151526,
        0.263992171331243,
        -0.027773859305945073,
        -0.1002366421350487,
        -1.8527505533093113e-05,
        -7.296987291758067e-05,
        1.5059455684803105e-08,
        1.4016326434230957e-31,
        8.277660983995689e-09,
        -2.8763437297847695e-05,
        2.4699488833794295e-06,
        0.19258986666841862
      ]
    ]
  },
  "cues": [
    [
      7,
      4
    ],
    [
      4,
      3
    ],
    [
      1,
      1
    ],
    [
      4,
      8
    ],
    [
      5,
      4
    ]
  ],
  "env": {
    "delay": 0,
    "grid_size": 10,
    "max_steps": 200,
    "noise": 0.3,
    "num_cues": 5,
    "reward_sparse_prob": 1.0
  },
  "seed": 27
}