{
  "agent": {
    "action_size": 4,
    "cue_exploration_bias": 0.05555555555555555,
    "cue_regularization": 0.02361111111111111,
    "epsilon": 0.05,
    "state_size": 11,
    "target_weights": [
      [
        0.11306037209579672,
        0.0864579740778625,
        0.0074030971934089425,
        0.042931366283271856,
        2.6902939408967293e-05,
        6.042596800792663e-06,
        2.3176840353062344e-12,
        4.9328954366807214e-23,
        1.3784133518618264e-33,
        -1.04e-322,
        4.024118721182917e-74,
        0.11227197624999145
      ],
      [
        0.2944810534756093,
        0.21425836454437355,
        -0.04571287051441572,
        0.018529241157688208,
        0.00013236677246771767,
        8.63004170722889e-05,
        5.08876878275084e-07,
        -1.209024373275502e-10,
        -4.1448248175474915e-09,
        -1.04e-322,
        -5.777902274114553e-05,
        0.20458234746395065
      ],
      [
        0.05398732187417523,
        0.05533656513686708,
        0.0039824343450098176,
        0.03953588157255948,
        3.923114038924176e-05,
        1.276446945875732e-05,
        4.197881106543241e-49,
        8.390103380428903e-212,
        2.115339180582814e-180,
        -1.04e-322,
        7.309491357970199e-08,
        0.1089697566648829
      ],
      [
        0.2136280592237287,
        0.25845991452259137,
        0.01714637561046238,
        -0.04852045052658621,
        -0.0001222562044482655,
        -0.00015221240918259358,
        -3.5704829610564394e-06,
        9.85819516692079e-09,
        6.959725439274981e-87,
        1.04e-322,
        1.1512897638663526e-07,
        0.2287584550306527
      ]
    ],
    "weights": [
      [
        0.11319711269237843,
        0.08656052952529879,
        0.007734366902427667,
        0.043296821141436,
        2.55595224847898e-05,
        4.158918581526734e-07,
        1.595184904489825e-13,
        3.3951480081624325e-24,
        9.487161051901867e-35,
        -1.04e-322,
        2.769667193681004e-75,
        0.11273998655559189
      ],
      [
        0.2945109902531481,
        0.2141496691176655,
        -0.04550053930530861,
        0.018880204571042,
        3.6777664822436446e-05,
        3.124544474564336e-05,
        3.5024304525662547e-08,
        -8.321313000520906e-12,
        -2.8527451887258375e-10,
        -1.04e-322,
        -2.7048904153565422e-05,
        0.20482461545059644
      ],
      [
        0.05482560072896358,
        0.056174843991655427,
        0.004279112448134371,
        0.03983255967568404,
        6.488001473509711e-05,
        -7.056776075035374e-06,
        2.889262069372639e-50,
        5.774629352270982e-213,
        1.4559176649356036e-181,
        -1.04e-322,
        5.0308800061231204e-09,
        0.1101047136227958
      ],
      [
        0.21581961077656792,
        0.26098571964632894,
        0.017555714595279485,
        -0.04844536511266725,
        -0.00012779307568937137,
        -0.00015046132116775752,
        -8.788875952768949e-05,
        6.785068143988301e-10,
        4.790147747062662e-88,
        1.04e-322,
        7.92394486926085e-09,
        0.231359345568309
      ]
    ]
  },
  "cues": [
    [
      5,
      7
    ],
    [
      7,
      4
    ],
    [
      6,
      3
    ],
    [
      7,
      0
    ],
    [
      6,
      4
    ]
  ],
  "env": {
    "delay": 1,
    "grid_size": 10,
    "max_steps": 200,
    "noise": 0.0,
    "num_cues": 5,
    "reward_sparse_prob": 1.0
  },
  "seed": 16
}