{
  "agent": {
    "action_size": 4,
    "cue_exploration_bias": 0.16666666666666666,
    "cue_regularization": 0.020833333333333336,
    "epsilon": 0.05,
    "state_size": 11,
    "target_weights": [
      [
        0.020141993964473432,
        0.015962116034602482,
        -0.026710578763659443,
        -0.053401097374374464,
        -5.104113353172139e-08,
        1.8241256675601174e-05,
        2.3196957374624383e-97,
        3.2922702117581548e-09,
        7.72287394979838e-113,
        9.65905501902102e-25,
        7.97743235197502e-248,
        0.011630796000105713
      ],
      [
        0.16552175727141483,
        0.09129004782031681,
        -0.04331752607615753,
        -0.04162407880948677,
        -0.0004348977068620648,
        -7.948363064482965e-05,
        -2.2893640654824996e-28,
        -1.0643091596707766e-05,
        1.5694375120843407e-05,
        -6.62088588634461e-05,
        7.881202947676444e-06,
        0.08687141824235141
      ],
      [
        0.0444443715811535,
        0.03774613530444574,
        -0.0002235888206432937,
        -0.028450829121237278,
        3.373346826506567e-06,
        -2.3614315391755453e-07,
        5.294763023243365e-190,
        1.6213436528966029e-12,
        2.563601561125356e-160,
        5.072038382167949e-15,
        -7.657400126377936e-42,
        0.011415309627780125
      ],
      [
        0.11533660955028838,
        0.13155953217064942,
        -0.029034467079905018,
        -0.05194829627250531,
        3.1261090617311084e-05,
        -2.9856655646886548e-05,
        2.2930713029946856e-19,
        -3.446082259858761e-06,
        -3.9728517031861545e-07,
        7.4169007090753444e-06,
        5.040718012192787e-06,
        0.08707653560998553
      ]
    ],
    "weights": [
      [
        0.020141993964473432,
        0.015962116034602482,
        -0.026710578763659443,
        -0.053401097374374464,
        -1.3266123211450963e-08,
        4.741092954760372e-06,
        6.029131278428421e-98,
        8.556953823807537e-10,
        2.0072555265814652e-113,
        2.510489190230864e-25,
        2.0734179115858374e-248,
        0.011630796000105713
      ],
      [
        0.16466662131769533,
        0.09030215482659495,
        -0.043315832756951764,
        -0.04148962845027865,
        -1.312549598904077e-05,
        7.03228447391368e-05,
        -5.950296097888181e-29,
        -7.407961225988671e-06,
        4.079131862352616e-06,
        -1.7208373298100244e-05,
        9.433792756719226e-06,
        0.08601797560783768
      ],
      [
        0.0444443715811535,
        0.03774613530444574,
        -0.0002235888206432937,
        -0.028450829121237278,
        8.767680405761543e-07,
        -6.137606982148963e-08,
        1.3761641597972587e-190,
        4.21404133865146e-13,
        6.6630679653344385e-161,
        1.3182757014836058e-15,
        -1.990238196664984e-42,
        0.011415309627780125
      ],
      [
        0.11686663196618291,
        0.13322316947551865,
        -0.028789154093798064,
        -0.05183659817537296,
        -0.00031385103859237363,
        -0.000341328307290134,
        5.959931595027016e-20,
        1.5908244284294176e-05,
        -1.032585613768457e-07,
        3.67703983410548e-05,
        1.3101352105037076e-06,
        0.08885187101198702
      ]
    ]
  },
  "cues": [
    [
      9,
      0
    ],
    [
      6,
      7
    ],
    [
      3,
      7
    ],
    [
      7,
      4
    ],
    [
      2,
      0
    ]
  ],
  "env": {
    "delay": 0,
    "grid_size": 10,
    "max_steps": 200,
    "noise": 0.1,
    "num_cues": 5,
    "reward_sparse_prob": 1.0
  },
  "seed": 10
}