{
  "agent": {
    "action_size": 4,
    "cue_exploration_bias": 0.16666666666666666,
    "cue_regularization": 0.020833333333333336,
    "epsilon": 0.05,
    "state_size": 11,
    "target_weights": [
      [
        0.0771042639941042,
        0.04154720546189037,
        -0.027256896854489485,
        0.0035256758470687904,
        -0.00011778144303554967,
        2.348848656046454e-05,
        7.223647266057191e-07,
        1.14e-322,
        2.688831930525806e-13,
        1.5757880594780646e-07,
        5.476861039012734e-91,
        0.04193366548977287
      ],
      [
        0.2141139980052527,
        0.16713133785816595,
        -0.08326750878270772,
        -0.021742997687544667,
        -0.000150348292751512,
        0.00011461417930095807,
        -1.8684518736394662e-05,
        3.493508772719764e-150,
        -2.121953822121777e-05,
        9.16150435678598e-13,
        3.8175589375859e-87,
        0.16183494630349995
      ],
      [
        0.11903659178623341,
        0.06715397128067727,
        -0.033031687469480514,
        -0.023518301412857247,
        -0.00017310394301940044,
        2.454780991578225e-05,
        4.0607711522885486e-11,
        1.14e-322,
        2.8841855526539333e-93,
        3.3402708309879203e-07,
        1.0140828311430188e-111,
        0.09538623206526783
      ],
      [
        0.15448487507473588,
        0.17838974131299434,
        0.00640167596755787,
        -0.045392225290469684,
        -0.000284119173349074,
        -2.6960864046013316e-05,
        2.3569867494838033e-05,
        -1.14e-322,
        2.2144859305442471e-13,
        -0.00011721257979510466,
        -2.2011860698725314e-74,
        0.1884044524200706
      ]
    ],
    "weights": [
      [
        0.0771042639941042,
        0.04154720546189037,
        -0.027256896854489485,
        0.0035256758470687904,
        -0.00011778144303554967,
        2.348848656046454e-05,
        7.223647266057191e-07,
        1.14e-322,
        2.688831930525806e-13,
        1.5757880594780646e-07,
        5.476861039012734e-91,
        0.04193366548977287
      ],
      [
        0.2141139980052527,
        0.16713133785816595,
        -0.08326750878270772,
        -0.021742997687544667,
        -0.000150348292751512,
        0.00011461417930095807,
        -1.8684518736394662e-05,
        3.493508772719764e-150,
        -2.121953822121777e-05,
        9.16150435678598e-13,
        3.8175589375859e-87,
        0.16183494630349995
      ],
      [
        0.11903659178623341,
        0.06715397128067727,
        -0.033031687469480514,
        -0.023518301412857247,
        -0.00017310394301940044,
        2.454780991578225e-05,
        4.0607711522885486e-11,
        1.14e-322,
        2.8841855526539333e-93,
        3.3402708309879203e-07,
        1.0140828311430188e-111,
        0.09538623206526783
      ],
      [
        0.15448487507473588,
        0.17838974131299434,
        0.00640167596755787,
        -0.045392225290469684,
        -0.000284119173349074,
        -2.6960864046013316e-05,
        2.3569867494838033e-05,
        -1.14e-322,
        2.2144859305442471e-13,
        -0.00011721257979510466,
        -2.2011860698725314e-74,
        0.1884044524200706
      ]
    ]
  },
  "cues": [
    [
      6,
      0
    ],
    [
      3,
      4
    ],
    [
      7,
      0
    ],
    [
      4,
      0
    ],
    [
      4,
      9
    ]
  ],
  "env": {
    "delay": 3,
    "grid_size": 10,
    "max_steps": 200,
    "noise": 0.0,
    "num_cues": 5,
    "reward_sparse_prob": 1.0
  },
  "seed": 25
}