{
  "agent": {
    "action_size": 4,
    "cue_exploration_bias": 0.2333333333333333,
    "cue_regularization": 0.01916666666666667,
    "epsilon": 0.05,
    "state_size": 11,
    "target_weights": [
      [
        0.02318800008287929,
        0.04733641085274986,
        -0.011012990691176963,
        0.00032882321632547924,
        -2.1313605447746724e-05,
        -2.3247362716544968e-06,
        1.3478582401942505e-05,
        8.127066237241405e-25,
        1.2547087751253754e-28,
        5.881293287136555e-260,
        6.886377731534749e-100,
        -0.0015759633626882847
      ],
      [
        0.09194135562103863,
        0.05439440748625626,
        -0.04575763574189742,
        -0.013750534887124848,
        -0.001022166914868902,
        2.2341336369330215e-05,
        -4.632040888865825e-08,
        -1.9481784473639524e-06,
        9.207717238032602e-06,
        1.0015896298894451e-211,
        7.69498923569401e-06,
        0.052929933191273995
      ],
      [
        0.04873135908159355,
        0.05807152874093639,
        -0.014575046643551281,
        0.0023454739164180272,
        -0.000139123333093938,
        -1.5361607452463396e-05,
        4.226279867176644e-24,
        3.340556272901736e-08,
        1.4659740976518392e-34,
        6.640521803833915e-270,
        5.192734749896491e-08,
        -0.001163968120990161
      ],
      [
        0.06910987544467763,
        0.097404349014351,
        0.0028889180152886435,
        -0.04437416800567104,
        -0.0007906014737189713,
        -0.00010704295290077055,
        3.547506606284832e-05,
        6.51993505320134e-06,
        1.2256618831551619e-05,
        -1.4026870836443247e-208,
        4.258580693020189e-07,
        0.02504090180142901
      ]
    ],
    "weights": [
      [
        0.023447053026032776,
        0.04756668013555296,
        -0.011087237670778873,
        0.0002833598970739577,
        -7.549199603020535e-05,
        -3.9131863380841335e-06,
        6.093669633675558e-07,
        3.6742481712031256e-26,
        5.6725407272695515e-30,
        2.65893379895789e-261,
        3.1133326649117954e-101,
        -0.0013911573991367081
      ],
      [
        0.09224988384337718,
        0.054446410264570096,
        -0.04604296133712351,
        -0.013779335038326266,
        0.0001242862674293228,
        4.6620208161377185e-05,
        -1.6037497532034417e-05,
        -1.6582392853048887e-05,
        8.010548277757594e-06,
        4.528188596585685e-213,
        3.0172089777027006e-06,
        0.0529531358183864
      ],
      [
        0.04888600157787626,
        0.058237080419646335,
        -0.014538394136245192,
        0.0023712172412968923,
        -1.475644125325844e-05,
        -1.1859669253426167e-05,
        1.9107019211691844e-25,
        2.88701956721397e-06,
        -6.514265344425337e-07,
        3.002181153854241e-271,
        2.347636355038034e-09,
        -0.0009726731174013601
      ],
      [
        0.0714071698255931,
        0.09998715585500592,
        0.00304253408616021,
        -0.04450606439453892,
        1.7105275304835854e-05,
        -5.364710825349789e-06,
        6.690689327667159e-06,
        -4.674045270239253e-05,
        1.474546701170371e-06,
        -6.341550937820059e-210,
        -1.0801435379277275e-05,
        0.02749181225321607
      ]
    ]
  },
  "cues": [
    [
      4,
      4
    ],
    [
      2,
      3
    ],
    [
      2,
      2
    ],
    [
      1,
      8
    ],
    [
      3,
      4
    ]
  ],
  "env": {
    "delay": 0,
    "grid_size": 10,
    "max_steps": 200,
    "noise": 0.0,
    "num_cues": 5,
    "reward_sparse_prob": 0.3
  },
  "seed": 13
}