{
  "agent": {
    "action_size": 4,
    "cue_exploration_bias": 0.16666666666666666,
    "cue_regularization": 0.020833333333333336,
    "epsilon": 0.05,
    "state_size": 11,
    "target_weights": [
      [
        0.028605982354208026,
        0.008432104033712178,
        -0.03864575183477748,
        -0.023246359344937694,
        -3.510256999449332e-06,
        3.007644302315781e-07,
        2.6046458549662206e-51,
        1.273393016144722e-06,
        9.102747339361585e-284,
        3.558863134816724e-58,
        8.178540811809398e-136,
        -0.01795347113041142
      ],
      [
        0.09454270455051285,
        0.0700424389276932,
        -0.0625169408514494,
        -0.023474824280551757,
        0.0003147023622829892,
        1.5616944815866858e-05,
        -1.3669428067221513e-45,
        -7.061252036032286e-07,
        -2.1107458202575854e-57,
        -1.0808397051586719e-05,
        1.1619551953173222e-77,
        0.06301422078001956
      ],
      [
        0.05984383835260467,
        0.018141603267529817,
        -0.03888972181854874,
        -0.03955672118240731,
        -3.363674433881915e-05,
        1.233946358795641e-05,
        7.341603743405966e-278,
        1.14e-322,
        1.1726509998442134e-258,
        1.303451399373631e-05,
        2.68786346501625e-118,
        0.030335444282570536
      ],
      [
        0.06866888046302382,
        0.08165446444082035,
        -0.02115054523002245,
        -0.06202516422758758,
        -0.00017505568717957184,
        -6.405496451049509e-05,
        2.0363603955887624e-49,
        -2.4742810224282476e-05,
        1.2445411829646957e-64,
        1.8185614754273682e-13,
        -2.665179433906538e-89,
        0.07503623661077874
      ]
    ],
    "weights": [
      [
        0.02868376699915972,
        0.008452140809511727,
        -0.03838413663955581,
        -0.02292699628056388,
        3.689381148615799e-05,
        -4.301451746523121e-06,
        6.404922817620255e-53,
        3.131321661005381e-08,
        2.2384000506535362e-285,
        8.751379253157931e-60,
        2.0111341647663588e-137,
        -0.017614071290238054
      ],
      [
        0.09306839103608147,
        0.06856677496812913,
        -0.062493216430062754,
        -0.02344974941403244,
        0.00039187034357558064,
        -4.7510399655461764e-05,
        -3.361364139567502e-47,
        -1.7363886226727456e-08,
        -5.190403924045064e-59,
        -1.1355250645459185e-06,
        2.857291838485595e-79,
        0.061563631686974825
      ],
      [
        0.060498166416266375,
        0.018727354284235154,
        -0.03876936845942619,
        -0.039367790776328404,
        -7.15435452577362e-05,
        2.32621645562484e-05,
        1.8053281694480888e-279,
        1.14e-322,
        2.8835932269589914e-260,
        3.2052363639338187e-07,
        6.609558072897276e-120,
        0.031110125705354784
      ],
      [
        0.06786385839886953,
        0.08088391222285951,
        -0.021118195570235036,
        -0.062027284413993584,
        9.297716548938839e-05,
        -3.6475053021980434e-05,
        5.007487347170975e-51,
        -3.6768177303273255e-06,
        3.060373910349536e-66,
        4.471911552582636e-15,
        -6.553777181159853e-91,
        0.07426356420641186
      ]
    ]
  },
  "cues": [
    [
      6,
      0
    ],
    [
      3,
      4
    ],
    [
      7,
      0
    ],
    [
      4,
      0
    ],
    [
      4,
      9
    ]
  ],
  "env": {
    "delay": 0,
    "grid_size": 10,
    "max_steps": 200,
    "noise": 0.0,
    "num_cues": 5,
    "reward_sparse_prob": 0.5
  },
  "seed": 25
}