{
  "agent": {
    "action_size": 4,
    "cue_exploration_bias": 0.10000000000000002,
    "cue_regularization": 0.022500000000000003,
    "epsilon": 0.05,
    "state_size": 11,
    "target_weights": [
      [
        0.047289997324207404,
        0.01893503960224737,
        -0.03649703250289464,
        -0.012916560611590064,
        -0.00014514178323324998,
        3.6092615394162115e-05,
        4.188195768510288e-06,
        -1.1e-322,
        4.5124787421370596e-169,
        7.006064348388339e-14,
        1.8992806366088334e-157,
        0.0028792631714711237
      ],
      [
        0.1397041285871982,
        0.08758408016990356,
        -0.09244400343480957,
        -0.025782104069438396,
        0.0001051364921392892,
        2.3843355784249896e-05,
        -2.7197194043158912e-05,
        2.545131726470657e-143,
        -8.452947989568921e-06,
        9.303813253173518e-15,
        2.5408025965976117e-77,
        0.0782485822333434
      ],
      [
        0.06033029472944034,
        0.023598893093259816,
        -0.037526886696590954,
        -0.04316471950934389,
        1.1542880963965501e-05,
        -2.3399424579572832e-05,
        4.573947999510956e-09,
        1.1e-322,
        1.629438933467878e-65,
        3.991958485589138e-09,
        1.0468136933747939e-144,
        0.0321847357813644
      ],
      [
        0.1009844070446769,
        0.09874643147763007,
        -0.027859688727813,
        -0.053510748180535375,
        -0.00017515081589958588,
        -3.548035185921789e-05,
        2.0996353965046916e-05,
        -1.1e-322,
        8.895746985249749e-28,
        1.0057521200213585e-06,
        -6.7975488979537355e-65,
        0.10064261969464039
      ]
    ],
    "weights": [
      [
        0.047289997324207404,
        0.01893503960224737,
        -0.03649703250289464,
        -0.012916560611590064,
        -8.87049905158112e-07,
        2.205839720933325e-07,
        2.5596617159307218e-08,
        -1.1e-322,
        2.7578508070332776e-171,
        4.2818329617613455e-16,
        1.1607661632935945e-159,
        0.0028792631714711237
      ],
      [
        0.14194454066623274,
        0.08932406396268953,
        -0.0925723284014507,
        -0.025410000749830908,
        -0.0002604796470712636,
        0.00010794484388586496,
        -2.6131554651454473e-05,
        1.555485130668766e-145,
        -4.8814793637670734e-06,
        1.5877241596407636e-06,
        1.5528393355312405e-79,
        0.08036066934573688
      ],
      [
        0.0609916374670609,
        0.024093688364791827,
        -0.0374000703802913,
        -0.04287135572695568,
        -0.0001983975054388347,
        -1.430081461842577e-07,
        2.7954184169309906e-11,
        1.1e-322,
        9.958494509267524e-68,
        1.4978895606486148e-06,
        6.397716541308141e-147,
        0.032972894835284615
      ],
      [
        0.10091688686125488,
        0.09872728930438165,
        -0.02770220618442481,
        -0.05340164364732086,
        0.0002145635752540737,
        -2.516599495184515e-05,
        2.5171461640021152e-05,
        -1.1e-322,
        5.436733202385397e-30,
        1.2563963932826728e-06,
        -4.1543964604233616e-67,
        0.10073258205460654
      ]
    ]
  },
  "cues": [
    [
      6,
      0
    ],
    [
      3,
      4
    ],
    [
      7,
      0
    ],
    [
      4,
      0
    ],
    [
      4,
      9
    ]
  ],
  "env": {
    "delay": 0,
    "grid_size": 10,
    "max_steps": 200,
    "noise": 0.0,
    "num_cues": 5,
    "reward_sparse_prob": 0.7
  },
  "seed": 25
}