{
  "agent": {
    "action_size": 4,
    "cue_exploration_bias": 0.16666666666666666,
    "cue_regularization": 0.020833333333333336,
    "epsilon": 0.05,
    "state_size": 11,
    "target_weights": [
      [
        0.09325322929185254,
        0.07056759351560868,
        -0.03506939643680611,
        -0.0029533376529695477,
        1.4127502902972524e-06,
        1.3470853556419677e-06,
        5.6093362545972e-117,
        1.14e-322,
        4.0164648224124033e-07,
        1.14e-322,
        1.14e-322,
        0.04844141155090566
      ],
      [
        0.2184341094098868,
        0.1841740875427886,
        -0.067279454205773,
        0.0011526146221019305,
        0.00020227253732965102,
        -0.00044871124781757524,
        2.9075045287275174e-58,
        1.14e-322,
        -2.0425178692044185e-05,
        3.913638517447093e-183,
        1.5640524953036562e-98,
        0.13893992927100093
      ],
      [
        0.08950527364092205,
        0.05432269465763201,
        -0.0178616579097328,
        -0.016214032655463166,
        -0.00014868387047830276,
        -0.00020541661933295223,
        1.14e-322,
        1.14e-322,
        2.110918242489463e-14,
        -1.14e-322,
        1.14e-322,
        0.026745321000484178
      ],
      [
        0.14995028672311125,
        0.21209452142099,
        0.007251570147990634,
        -0.04286085393940039,
        -0.0016293448581485642,
        0.00016238890142207616,
        -2.191065239499179e-27,
        -1.14e-322,
        2.4934094233223767e-07,
        -7.088639291163711e-99,
        -2.3224339551369647e-85,
        0.17827839779707536
      ]
    ],
    "weights": [
      [
        0.09572531805905043,
        0.07297402756098746,
        -0.03492195959382435,
        -0.002740246088168678,
        -4.6732574768332435e-05,
        -3.887922981495504e-05,
        5.021049238514162e-119,
        1.14e-322,
        3.595232434419436e-09,
        1.14e-322,
        1.14e-322,
        0.051060937161085306
      ],
      [
        0.22430811847632978,
        0.18942031218758487,
        -0.06745313998347026,
        0.0016067132660516502,
        -0.00013433910802311468,
        -0.0008731556774604158,
        2.6025759086878104e-60,
        1.14e-322,
        -2.127539774004458e-05,
        3.5031901825715235e-185,
        1.400020293685271e-100,
        0.14464025255974694
      ],
      [
        0.09122389018057141,
        0.05593209713352955,
        -0.016219592535375322,
        -0.014462753217353868,
        -7.310596751899015e-05,
        0.00010066551399229192,
        1.14e-322,
        1.14e-322,
        1.8895327277502417e-16,
        -1.14e-322,
        1.14e-322,
        0.03010600291449102
      ],
      [
        0.15039540659451556,
        0.21276950921560284,
        0.007962183107305452,
        -0.04238010890329406,
        -0.00025891728793817504,
        0.0002910692205888317,
        -1.96127419590969e-29,
        -1.14e-322,
        2.2319096089160837e-09,
        -6.345208291948795e-101,
        -2.0788654330328148e-87,
        0.1794341306277943
      ]
    ]
  },
  "cues": [
    [
      2,
      3
    ],
    [
      0,
      9
    ],
    [
      7,
      2
    ],
    [
      1,
      5
    ],
    [
      1,
      3
    ]
  ],
  "env": {
    "delay": 3,
    "grid_size": 10,
    "max_steps": 200,
    "noise": 0.0,
    "num_cues": 5,
    "reward_sparse_prob": 1.0
  },
  "seed": 22
}