{
  "agent": {
    "action_size": 4,
    "cue_exploration_bias": 0.16666666666666666,
    "cue_regularization": 0.020833333333333336,
    "epsilon": 0.05,
    "state_size": 11,
    "target_weights": [
      [
        0.07701533708872897,
        0.0894176383791839,
        -0.004239318432728041,
        0.00549345883904335,
        -2.875538250534798e-07,
        -4.544312542159095e-05,
        1.384392510835343e-263,
        3.930739964588588e-64,
        1.14e-322,
        2.7688292957989034e-16,
        -1.14e-322,
        0.07704185493965265
      ],
      [
        0.26777164285557475,
        0.16960938731592828,
        -0.02928119009964546,
        0.004225303074648096,
        -5.2557643935763434e-05,
        9.637217647892971e-05,
        6.907419365325533e-20,
        -7.816282457627597e-06,
        1.14e-322,
        -0.0001410681886277827,
        4.8193584544250866e-123,
        0.20547940239481935
      ],
      [
        0.09987278562593858,
        0.0712799618763603,
        0.00481160409443392,
        -0.024511171186148106,
        -5.42138581258143e-05,
        2.3588789100928986e-07,
        1.14e-322,
        3.06104616687927e-209,
        -1.14e-322,
        1.4225822064197166e-10,
        -1.14e-322,
        0.07679562193521332
      ],
      [
        0.19623215724182275,
        0.2300169565899199,
        0.015535361832069496,
        -0.06509675798654666,
        6.123353061586403e-05,
        -1.8754639715142076e-05,
        -4.280356219593079e-09,
        4.4069007265717645e-08,
        5.621035957049086e-112,
        -6.0259125188701914e-05,
        -7.988518936090567e-81,
        0.22238530076619312
      ]
    ],
    "weights": [
      [
        0.07745859842631017,
        0.08983991257112806,
        -0.0034871845090701805,
        0.006266579908338259,
        1.0985569713684961e-05,
        6.546119255374026e-05,
        8.848062376887077e-266,
        9.88866679977834e-05,
        1.14e-322,
        1.7696407722834643e-18,
        -1.14e-322,
        0.07823725020089171
      ],
      [
        0.27282836152066475,
        0.1740167360395413,
        -0.028441865754520665,
        0.005713997361249654,
        -0.0004163618676532893,
        9.966413368366609e-05,
        4.414736205907375e-22,
        -3.336646914232181e-05,
        1.14e-322,
        -6.314788648582413e-05,
        3.0801946621049757e-125,
        0.21137544540503397
      ],
      [
        0.09990586683305826,
        0.07131304308347998,
        0.005076253751391265,
        -0.02424652152919076,
        5.38455936265884e-07,
        4.426271395333771e-06,
        1.14e-322,
        1.9564052254758383e-211,
        -1.14e-322,
        9.09214402717062e-13,
        -1.14e-322,
        0.07709335279929033
      ],
      [
        0.19723749253360304,
        0.2315643112066166,
        0.015989148208138775,
        -0.0651849909353939,
        0.00012023671140740664,
        -2.664797620878482e-05,
        -2.7357023770233813e-11,
        7.956340193411035e-06,
        3.592570487157949e-114,
        -7.560674415158643e-05,
        -5.1056989468126234e-83,
        0.22384442243404257
      ]
    ]
  },
  "cues": [
    [
      2,
      6
    ],
    [
      6,
      4
    ],
    [
      7,
      3
    ],
    [
      7,
      8
    ],
    [
      2,
      8
    ]
  ],
  "env": {
    "delay": 3,
    "grid_size": 10,
    "max_steps": 200,
    "noise": 0.0,
    "num_cues": 5,
    "reward_sparse_prob": 1.0
  },
  "seed": 21
}