{
  "agent": {
    "action_size": 4,
    "cue_exploration_bias": 0.3333333333333333,
    "cue_regularization": 0.01666666666666667,
    "epsilon": 0.05,
    "state_size": 11,
    "target_weights": [
      [
        0.14272098638387273,
        0.1326387996086783,
        0.01964906468920465,
        0.006561499715205485,
        2.9654383824925303e-06,
        -6.317218708763491e-06,
        3.2915445806555574e-64,
        4.560623572771815e-05,
        4.472454334665857e-47,
        9.138068506734397e-207,
        -2.5437730488508065e-44,
        0.11856435608168864
      ],
      [
        0.2659459058014337,
        0.21550148873074995,
        -0.04810281257614178,
        -0.002776483984207651,
        -3.116976731310713e-05,
        -1.7510383128846943e-06,
        -4.4456497837282496e-05,
        2.0296497532031236e-05,
        1.8014789674878568e-05,
        -6.205791661298984e-17,
        2.060103230506682e-05,
        0.2005007765597848
      ],
      [
        0.11111175538400729,
        0.06266829126326653,
        -0.0006160317314186269,
        0.023666326594397893,
        -5.265216898980332e-07,
        -7.139989093389395e-07,
        5.529545811365659e-33,
        8.533068780389678e-06,
        1.8522752459625723e-154,
        2.4303068040860417e-107,
        9.783307682754766e-62,
        0.09951890601461279
      ],
      [
        0.2179170175206956,
        0.27675058712507933,
        -0.01992018666457561,
        -0.05109643071689688,
        -1.9291828006758453e-05,
        1.2214152546490016e-05,
        1.7758853346589292e-05,
        -3.204950046578026e-05,
        3.003869418195933e-74,
        7.820851701775462e-61,
        1.851602780070016e-12,
        0.19246087848695412
      ]
    ],
    "weights": [
      [
        0.14310472815645311,
        0.13313218188771023,
        0.019758705195656187,
        0.006561499715205485,
        4.090210462772078e-05,
        -0.00012120008163322089,
        1.922312995001975e-64,
        2.6634747743582248e-05,
        2.611982574262684e-47,
        5.3367734840812254e-207,
        -1.4856028433823619e-44,
        0.11905773836072056
      ],
      [
        0.26654890380311963,
        0.21599571308957075,
        -0.04814575691792834,
        -0.0027106546831289764,
        -9.47238382330079e-05,
        -0.00013771873982958277,
        -4.0997263882224686e-05,
        -8.611129055729967e-05,
        1.3967189569312584e-05,
        -3.624278408653364e-17,
        2.2430500797335117e-05,
        0.20106083021968424
      ],
      [
        0.11111175538400729,
        0.06266829126326653,
        -0.0006160317314186269,
        0.023666326594397893,
        -3.0749681854219565e-07,
        -4.169864172297256e-07,
        3.229340362611747e-33,
        4.983444277252291e-06,
        1.0817574206833863e-154,
        1.419336799748239e-107,
        5.7136031525104115e-62,
        0.09951890601461279
      ],
      [
        0.21859487412258602,
        0.2775197006785811,
        -0.019822553233232787,
        -0.05109005423716536,
        -1.2962722077417765e-05,
        -0.00014734525660465948,
        1.0371445298086722e-05,
        -2.844684763552095e-05,
        1.7543062463206917e-74,
        4.5674984767522216e-61,
        1.0813646901909743e-12,
        0.19323636852018738
      ]
    ]
  },
  "cues": [
    [
      8,
      6
    ],
    [
      4,
      5
    ],
    [
      4,
      2
    ],
    [
      8,
      4
    ],
    [
      1,
      0
    ]
  ],
  "env": {
    "delay": 0,
    "grid_size": 10,
    "max_steps": 200,
    "noise": 0.2,
    "num_cues": 5,
    "reward_sparse_prob": 1.0
  },
  "seed": 17
}