{
  "agent": {
    "action_size": 4,
    "cue_exploration_bias": 0.2333333333333333,
    "cue_regularization": 0.01916666666666667,
    "epsilon": 0.05,
    "state_size": 11,
    "target_weights": [
      [
        0.009529993523254544,
        0.011848700148138007,
        -0.03768396487382593,
        -0.03879584094257651,
        -3.322825498595294e-05,
        6.999948723828728e-06,
        2.3038755613851828e-14,
        1.3e-322,
        4.3602116838308506e-72,
        6.224704633728307e-24,
        1.095625804852865e-162,
        -0.04940613751224623
      ],
      [
        0.06499686606097999,
        0.04797683678055597,
        -0.050560818530473436,
        -0.019460609552467575,
        4.489542009364036e-05,
        4.4702114485851295e-06,
        1.3386234515524328e-05,
        7.108265508128582e-44,
        1.0037153984631412e-05,
        2.3681937709640113e-05,
        2.5419705113163676e-132,
        -0.005676948089997188
      ],
      [
        0.015033395059335503,
        0.029656962124808964,
        -0.03715164411674992,
        -0.018983283513740536,
        -0.000109463774734818,
        6.987189916149502e-06,
        2.2729361100190854e-15,
        1.4037018521796417e-179,
        2.049941859176574e-67,
        6.7671790240656424e-102,
        3.2762268979599944e-238,
        -0.035553700710829736
      ],
      [
        0.04844626129995895,
        0.07317943899210633,
        -0.025476661353031983,
        -0.0456870184746447,
        0.0003922797231973495,
        -0.00014359064336289068,
        -9.777624906528985e-06,
        -7.021549242231432e-08,
        -5.0502074237781335e-06,
        -5.131019748542086e-09,
        -8.397237832388681e-51,
        -0.0017997398674436179
      ]
    ],
    "weights": [
      [
        0.009820541379567387,
        0.012063896295855886,
        -0.03757302811413567,
        -0.03860955247429129,
        -6.939219696572886e-06,
        5.657342591758774e-06,
        1.624929479320965e-16,
        1.3e-322,
        3.075268742759978e-74,
        4.3903005131620805e-26,
        7.727477553257185e-165,
        -0.04900465289624313
      ],
      [
        0.06866133901813973,
        0.05155350067557447,
        -0.05017190992014423,
        -0.018983891879997168,
        -0.0009563216115542763,
        0.00020226150971670173,
        2.187739236906329e-05,
        5.013478316534579e-46,
        7.079231045059331e-08,
        1.2149400192963454e-05,
        1.7928584723209298e-134,
        -0.001623566522508286
      ],
      [
        0.015267299960220165,
        0.029878975961924632,
        -0.037054361172331865,
        -0.018874109505553495,
        -1.4580460173119788e-05,
        4.183862149767801e-06,
        2.68527667068873e-05,
        9.900345999645758e-182,
        1.445829372775371e-69,
        4.77290912423907e-104,
        2.310731428670867e-240,
        -0.03522251286552702
      ],
      [
        0.04675347435913685,
        0.0716885684799576,
        -0.025348388924293735,
        -0.045760662474579855,
        0.00019377345031820813,
        -4.9801927517933436e-05,
        1.2280157400998234e-05,
        -1.8412940452990818e-07,
        -7.612241476881821e-07,
        -8.180094954491498e-07,
        -5.922593879382001e-53,
        -0.0033642543795274872
      ]
    ]
  },
  "cues": [
    [
      0,
      1
    ],
    [
      1,
      5
    ],
    [
      2,
      4
    ],
    [
      4,
      9
    ],
    [
      3,
      9
    ]
  ],
  "env": {
    "delay": 0,
    "grid_size": 10,
    "max_steps": 200,
    "noise": 0.0,
    "num_cues": 5,
    "reward_sparse_prob": 0.3
  },
  "seed": 2
}