{
  "agent": {
    "action_size": 4,
    "cue_exploration_bias": 0.05555555555555555,
    "cue_regularization": 0.02361111111111111,
    "epsilon": 0.05,
    "state_size": 11,
    "target_weights": [
      [
        0.055605311823521505,
        0.09948708659123812,
        0.005809963683951299,
        0.04077270095667954,
        4.907185016254532e-06,
        -5.078562886803268e-06,
        3.3317222844271434e-18,
        1.2008300782833593e-164,
        3.314370469259424e-14,
        1.2641105900567312e-13,
        6.667987684762276e-196,
        0.09993203165890893
      ],
      [
        0.23409445588968186,
        0.18934579450724812,
        -0.0673471464411366,
        0.024375980987661826,
        4.076970980992364e-05,
        4.091531554858821e-05,
        2.477102885343207e-07,
        -7.425288763874351e-13,
        -2.3692149320387874e-07,
        1.3592710823886419e-05,
        5.030768974561031e-40,
        0.23933566533181386
      ],
      [
        0.09976562833192702,
        0.11816712422367244,
        0.0018805582608665081,
        0.03392210148545372,
        -0.00013721359433419873,
        -2.8866791750445223e-05,
        8.827990293713144e-41,
        8.29299150893331e-132,
        7.956424976336254e-127,
        2.0210673213092305e-06,
        8.083374818414319e-190,
        0.10909096752916181
      ],
      [
        0.19499509961355552,
        0.25223170883288193,
        0.01302821184444463,
        -0.02652005397968151,
        -2.267469090830848e-05,
        -9.364534980971272e-05,
        -7.720489607319595e-05,
        6.4243988179753564e-86,
        7.929249055233051e-108,
        1.5258125353827699e-05,
        -3.029863155315457e-23,
        0.2154867035140661
      ]
    ],
    "weights": [
      [
        0.05699849838925934,
        0.1007851205278618,
        0.00596333879929717,
        0.041021228701139556,
        -5.8406501648255667e-05,
        1.2464355974293218e-05,
        7.347048594013998e-21,
        2.64804692141933e-167,
        7.308784711748813e-17,
        2.7875918640533935e-16,
        1.4704115578066165e-198,
        0.10147859333999264
      ],
      [
        0.23483259215513444,
        0.189827959921514,
        -0.06728849417340972,
        0.024690604106575528,
        7.640388126996992e-05,
        2.3590759982790725e-05,
        5.462458667715159e-10,
        -1.6374101055109678e-15,
        -5.224546270472076e-10,
        4.997719590989761e-05,
        1.1093753010003038e-42,
        0.2401324538649934
      ],
      [
        0.10103707866461942,
        0.1195646688132622,
        0.002173822876181512,
        0.03408927184387135,
        -0.000383644594762454,
        -7.70193863620582e-05,
        1.946731093961703e-43,
        1.8287542119181946e-134,
        1.7545352206875206e-129,
        4.4568179919550876e-09,
        1.7825299507137752e-192,
        0.11065568247716921
      ],
      [
        0.1948215153311286,
        0.252219066604429,
        0.013343849350113205,
        -0.026365358527986774,
        0.00012642362648259607,
        7.4834180826935755e-06,
        -1.2421979351633476e-05,
        1.4166958189645936e-88,
        1.748542439900671e-110,
        2.8916586896530465e-05,
        -2.271049064370513e-07,
        0.21562875673730775
      ]
    ]
  },
  "cues": [
    [
      3,
      5
    ],
    [
      6,
      2
    ],
    [
      3,
      0
    ],
    [
      1,
      2
    ],
    [
      3,
      8
    ]
  ],
  "env": {
    "delay": 1,
    "grid_size": 10,
    "max_steps": 200,
    "noise": 0.0,
    "num_cues": 5,
    "reward_sparse_prob": 1.0
  },
  "seed": 8
}