{
  "agent": {
    "action_size": 4,
    "cue_exploration_bias": 0.3333333333333333,
    "cue_regularization": 0.01666666666666667,
    "epsilon": 0.05,
    "state_size": 11,
    "target_weights": [
      [
        -0.053588866210257574,
        -0.06353671025607717,
        -0.04659426157503433,
        -0.06072564572880902,
        5.922628779522273e-06,
        4.744630680787487e-06,
        1.943704597393284e-09,
        -1.43e-322,
        -2.3301123309021583e-06,
        2.2234921501939783e-172,
        9.859466968869712e-235,
        -0.10154103912762309
      ],
      [
        -0.07822002215073373,
        -0.044459753990106016,
        -0.06633868130148905,
        -0.03398821878127931,
        -9.829823343166313e-07,
        1.628957806391706e-06,
        -9.200472581829797e-18,
        1.43e-322,
        -1.2792643613433376e-06,
        1.0374174879460111e-08,
        1.2239591805326083e-258,
        -0.10568434680166704
      ],
      [
        -0.06339728856965827,
        -0.05376013468884619,
        -0.06370595604306672,
        -0.05362026588978113,
        -2.40405526017078e-06,
        1.3483775871444496e-06,
        5.425327573797391e-06,
        -1.43e-322,
        -7.991350888991732e-06,
        -1.5898803652484516e-07,
        -7.118282398907868e-180,
        -0.09390775298503953
      ],
      [
        -0.09222019107804348,
        -0.06061044231930421,
        -0.05169613425605793,
        -0.02740460314503812,
        2.4471244992106015e-06,
        1.4957819813721667e-06,
        -3.244283916300251e-05,
        -1.43e-322,
        1.1378627472057767e-06,
        1.6829476904981366e-193,
        1.7512451487359628e-302,
        -0.11542881691845404
      ]
    ],
    "weights": [
      [
        -0.05359739345415154,
        -0.06356574009231411,
        -0.04664360377561505,
        -0.06075448533704683,
        5.89677235151521e-07,
        6.614656935020561e-07,
        5.239601102898753e-12,
        -1.43e-322,
        -6.320777378957327e-06,
        5.993818164584924e-175,
        2.657794506087221e-237,
        -0.10159890857209787
      ],
      [
        -0.07822709674112313,
        -0.04447889539016513,
        -0.06638098706208992,
        -0.034018457732210496,
        1.6287460918047e-06,
        3.139600102125085e-07,
        -2.480150859940121e-20,
        1.43e-322,
        -1.0386026145089337e-06,
        2.7965431688015608e-11,
        3.299399446203045e-261,
        -0.1057337271526573
      ],
      [
        -0.06338440777935495,
        -0.05381997976713923,
        -0.06374315124169513,
        -0.05358473521981322,
        -5.10567333044277e-05,
        -1.0479165851168308e-05,
        1.3675097548347889e-05,
        -1.43e-322,
        -4.126757520911997e-07,
        -4.285805017081679e-10,
        -1.9188594994363687e-182,
        -0.09393206739336461
      ],
      [
        -0.09209173811196118,
        -0.060657548386595574,
        -0.051613735983505944,
        -0.02714664583911245,
        -2.763146079380217e-05,
        2.392395031727767e-05,
        -2.762590923276413e-05,
        -1.43e-322,
        3.0673112124148906e-09,
        4.536684528647404e-196,
        4.720792462532017e-305,
        -0.11521796567981975
      ]
    ]
  },
  "cues": [
    [
      1,
      2
    ],
    [
      8,
      9
    ],
    [
      2,
      3
    ],
    [
      2,
      7
    ],
    [
      6,
      3
    ]
  ],
  "env": {
    "delay": 10,
    "grid_size": 10,
    "max_steps": 200,
    "noise": 0.0,
    "num_cues": 5,
    "reward_sparse_prob": 1.0
  },
  "seed": 28
}