{
  "agent": {
    "action_size": 4,
    "cue_exploration_bias": 0.3333333333333333,
    "cue_regularization": 0.01666666666666667,
    "epsilon": 0.05,
    "state_size": 11,
    "target_weights": [
      [
        0.05518384572671592,
        0.06588225360651681,
        0.00862100200323563,
        0.030336362338565286,
        1.2745300997461021e-05,
        3.274366594007643e-06,
        2.2272035593212956e-107,
        1.4695390810356685e-181,
        7.165486348750766e-102,
        2.6408493641662664e-18,
        1.809202813137746e-141,
        0.08554547056290018
      ],
      [
        0.24342734151604442,
        0.1591807543807745,
        -0.002002082358100771,
        0.03133090723142757,
        -2.255619669577381e-05,
        1.158638816216333e-05,
        5.891256228987398e-82,
        -4.6209058439071965e-63,
        -4.2188709268780783e-20,
        -0.00011855861938985456,
        2.7816252174947624e-131,
        0.21835945862470854
      ],
      [
        0.09829390938437571,
        0.08459252045297437,
        0.023284502263580188,
        -0.002796152186584926,
        -4.1824215021989354e-05,
        2.0908401525700103e-05,
        6.459208933946937e-109,
        6.297329454590553e-167,
        6.219273976449528e-21,
        1.4766228006067572e-07,
        1.962877017240645e-133,
        0.1377059211605477
      ],
      [
        0.1736270102613926,
        0.2198449948394448,
        0.044317152495268006,
        -0.04392448825726531,
        8.215705263673698e-05,
        -5.0076925477382e-05,
        -1.2103742492050934e-40,
        2.6505937862515998e-164,
        -1.7444165123240602e-20,
        0.0007999056417563997,
        -2.7931886613846285e-134,
        0.22215847796866
      ]
    ],
    "weights": [
      [
        0.05518384572671592,
        0.06588225360651681,
        0.00862100200323563,
        0.030336362338565286,
        1.4826803690575424e-06,
        3.8091207661553646e-07,
        2.5909399832601894e-108,
        1.7095373011971195e-182,
        8.335719922314114e-103,
        3.072140478022001e-19,
        2.104673318595924e-142,
        0.08554547056290018
      ],
      [
        0.24350651379988694,
        0.1592055418508682,
        -0.0017911350419921564,
        0.031596239361285056,
        9.826191151255307e-05,
        -3.555573431561719e-06,
        6.853388524561055e-83,
        -5.375570481536157e-64,
        -4.907877110250933e-21,
        -0.00012046055850847689,
        3.235907182479641e-132,
        0.21864957822465966
      ],
      [
        0.10057222552971994,
        0.08674462607470376,
        0.02335170352433377,
        -0.0026027404022165297,
        -0.00016968862243932502,
        8.073292642519547e-05,
        7.514096597571168e-110,
        7.325779722008342e-168,
        7.234976589810713e-22,
        7.401434386648258e-05,
        2.2834448718917595e-134,
        0.14005143856664548
      ],
      [
        0.17476985385768984,
        0.22126710142970912,
        0.04496053795291436,
        -0.04356036579358607,
        0.00015568759496510756,
        -9.235107054152441e-07,
        -1.408046886351806e-41,
        3.083476313351911e-165,
        -2.0293064234402524e-21,
        0.0005389567535804765,
        -3.249359113711095e-135,
        0.22394470702260347
      ]
    ]
  },
  "cues": [
    [
      3,
      9
    ],
    [
      8,
      2
    ],
    [
      5,
      9
    ],
    [
      7,
      9
    ],
    [
      1,
      9
    ]
  ],
  "env": {
    "delay": 10,
    "grid_size": 10,
    "max_steps": 200,
    "noise": 0.0,
    "num_cues": 5,
    "reward_sparse_prob": 1.0
  },
  "seed": 3
}