{
  "agent": {
    "action_size": 4,
    "cue_exploration_bias": 0.16666666666666666,
    "cue_regularization": 0.020833333333333336,
    "epsilon": 0.05,
    "state_size": 11,
    "target_weights": [
      [
        0.10547446630914209,
        0.08599939071984608,
        0.03445631462752731,
        0.008418937198727498,
        7.37980794129933e-06,
        1.871638947678375e-05,
        9.210276757299803e-260,
        1.2689973011311677e-135,
        2.453043835615121e-81,
        -1.14e-322,
        5.487977593086227e-10,
        0.10732656627003374
      ],
      [
        0.27822295204688935,
        0.19723745493035294,
        -0.019371967343833098,
        0.010157406054102234,
        0.00014866521228611577,
        -0.00021217952154589705,
        -5.6402250554313165e-99,
        7.077814060876148e-19,
        -1.0070532804542775e-50,
        8.959284813070686e-286,
        4.2441508306862065e-06,
        0.2042439877064166
      ],
      [
        0.0970835651394002,
        0.0808295700866039,
        0.03114182516333128,
        0.007345559310552211,
        -4.685257450810006e-06,
        3.7820874098421944e-06,
        1.2354054375791044e-154,
        2.740767039402353e-97,
        3.0678432962325243e-77,
        7.045588325707741e-288,
        4.630803895813904e-19,
        0.11091843379459149
      ],
      [
        0.18206617047148332,
        0.2806295452207207,
        0.014204446961061311,
        -0.02449497112572255,
        -0.0002798278276025796,
        0.00020919924731347127,
        1.0429780570097195e-97,
        -6.739360744733886e-11,
        3.286192698180266e-51,
        -7.443168436323037e-284,
        -8.567392168596621e-05,
        0.22256326627539935
      ]
    ],
    "weights": [
      [
        0.10547446630914209,
        0.08599939071984608,
        0.03445631462752731,
        0.008418937198727498,
        1.3695399468597448e-06,
        3.4733753579131247e-06,
        1.709237156453023e-260,
        2.3549969188633737e-136,
        4.5523427587757206e-82,
        -1.14e-322,
        1.0184553041199424e-10,
        0.10732656627003374
      ],
      [
        0.27889540289800924,
        0.19777831455363984,
        -0.0190653123913732,
        0.010595652234394966,
        0.00014366808061639898,
        -0.0002582167103664719,
        -1.046709288932034e-99,
        1.3134961194002026e-19,
        -1.8688829129006472e-51,
        1.6626582350642864e-286,
        3.805014057238079e-05,
        0.20522309350999626
      ],
      [
        0.0970835651394002,
        0.0808295700866039,
        0.03114182516333128,
        0.007345559310552211,
        -8.694870234084718e-07,
        7.018773159809651e-07,
        2.2926573574683467e-155,
        5.086297604700482e-98,
        5.693283589920317e-78,
        1.307515688475562e-288,
        8.59381568170493e-20,
        0.11091843379459149
      ],
      [
        0.18275591468444885,
        0.2814740768590223,
        0.014431324526682745,
        -0.024422880985437035,
        -0.0002070653850191698,
        0.0001257516162528185,
        1.9355518790391152e-98,
        -1.2506861736277702e-11,
        6.0984949866382094e-52,
        -1.3812983462216247e-284,
        -7.029038974370848e-05,
        0.2234798880539863
      ]
    ]
  },
  "cues": [
    [
      8,
      1
    ],
    [
      5,
      9
    ],
    [
      9,
      4
    ],
    [
      1,
      8
    ],
    [
      5,
      6
    ]
  ],
  "env": {
    "delay": 3,
    "grid_size": 10,
    "max_steps": 200,
    "noise": 0.0,
    "num_cues": 5,
    "reward_sparse_prob": 1.0
  },
  "seed": 29
}