{
  "agent": {
    "action_size": 4,
    "cue_exploration_bias": 0.16666666666666666,
    "cue_regularization": 0.020833333333333336,
    "epsilon": 0.05,
    "state_size": 11,
    "target_weights": [
      [
        0.05603345128215242,
        0.04299543308870851,
        -0.01930597591235471,
        -0.053376486169949736,
        2.7054425025238405e-06,
        2.8554896264523887e-06,
        1.14e-322,
        2.6913129359852923e-141,
        2.467460300119444e-10,
        1.0305919209071753e-06,
        1.14e-322,
        -0.015008462839810537
      ],
      [
        0.09482726769899234,
        0.07181707087609453,
        -0.04688695147736553,
        -0.037541917845110406,
        -0.0007796443744666922,
        2.9023787781984086e-05,
        -2.2318996752044802e-79,
        5.210614490118275e-95,
        2.572000350433237e-06,
        7.95038544401763e-06,
        -6.3751249241369755e-28,
        0.0711132934658417
      ],
      [
        0.048198018301661,
        0.027128770464861313,
        -0.012135624773613747,
        -0.05100910733138358,
        -5.61462781796283e-05,
        1.4397645496901413e-05,
        1.14e-322,
        1.2919623862595002e-128,
        0.00023167777544872255,
        6.487853085597143e-11,
        1.14e-322,
        -0.010921823304901998
      ],
      [
        0.06486695457713841,
        0.1002299650751455,
        -0.029884773568240673,
        -0.08417639514725103,
        -4.2862612358665407e-05,
        -5.75740194801712e-05,
        1.0108830094696398e-83,
        -1.6170923641795438e-10,
        -4.9293204340319605e-05,
        -8.367477496336404e-06,
        9.860001187851101e-114,
        0.06496686688860161
      ]
    ],
    "weights": [
      [
        0.05633611166293804,
        0.04323083560709733,
        -0.01930597591235471,
        -0.05330922830755293,
        -2.0805443575888822e-07,
        7.380798863657291e-08,
        1.14e-322,
        3.192146231810742e-144,
        2.926636287387109e-13,
        1.2223774028173479e-09,
        1.14e-322,
        -0.014705802459024916
      ],
      [
        0.09550203029033948,
        0.07178529060620067,
        -0.04733885508706163,
        -0.037287278593565495,
        7.542725176227307e-05,
        4.426992457520735e-05,
        -2.6472395843389e-82,
        6.180271044533935e-98,
        -3.707828374034919e-06,
        -1.0147964165955194e-05,
        -7.561488198493845e-31,
        0.07133615244749279
      ],
      [
        0.05011741923502578,
        0.029208997890418663,
        -0.011834090971384407,
        -0.0508684000213468,
        -3.5262517706496964e-05,
        -3.7130681537426055e-05,
        1.14e-322,
        1.5323869654086235e-131,
        2.747912842109477e-07,
        0.00018786161919889975,
        1.14e-322,
        -0.008700888569307876
      ],
      [
        0.06642215437480778,
        0.10175406409727067,
        -0.029344092035707897,
        -0.083604612839174,
        -5.88330237540849e-06,
        -3.1292709262369706e-05,
        1.1990008097288221e-86,
        -1.918021211054685e-13,
        1.3300919832967737e-06,
        -5.101386789743704e-06,
        1.1694873983848152e-116,
        0.06706274821880383
      ]
    ]
  },
  "cues": [
    [
      4,
      1
    ],
    [
      0,
      9
    ],
    [
      4,
      6
    ],
    [
      6,
      8
    ],
    [
      5,
      2
    ]
  ],
  "env": {
    "delay": 0,
    "grid_size": 10,
    "max_steps": 200,
    "noise": 0.0,
    "num_cues": 5,
    "reward_sparse_prob": 0.5
  },
  "seed": 23
}