{
  "agent": {
    "action_size": 4,
    "cue_exploration_bias": 0.3333333333333333,
    "cue_regularization": 0.01666666666666667,
    "epsilon": 0.05,
    "state_size": 11,
    "target_weights": [
      [
        0.10756766359887596,
        0.0718148445235139,
        0.026897740880376168,
        0.01756165331887986,
        -0.00010630863582311692,
        -0.0001837945601310835,
        5.980094728283529e-05,
        1.705634992255711e-161,
        3.4609501045389066e-178,
        3.1627068100769245e-201,
        2.411838798508943e-177,
        0.11142215100750304
      ],
      [
        0.24540851949007034,
        0.18112171578320468,
        -0.057475904788212316,
        0.03691709525786761,
        0.00020028289271419174,
        0.0001677017047237436,
        -2.8339480685315124e-05,
        -9.602958511123377e-40,
        8.055996516008812e-175,
        -1.43e-322,
        -5.1089585283598206e-130,
        0.20240990286422925
      ],
      [
        0.09492909451196901,
        0.09893869763770877,
        0.006600656721632256,
        0.03146195498023422,
        -4.472203693114375e-05,
        1.1716402973806241e-05,
        2.898951721968945e-29,
        1.1424382585280407e-169,
        9.938290483623856e-195,
        3.859442809680874e-174,
        7.38500321105127e-130,
        0.11672305955519863
      ],
      [
        0.17889220222841584,
        0.22682679534153224,
        0.025619847426806456,
        -0.021198324149202467,
        -6.279818759842709e-05,
        -2.894669175250062e-05,
        5.5740374629603725e-05,
        5.35797739775051e-124,
        -3.987649275456781e-217,
        -4.906141790246409e-41,
        2.478557527886127e-125,
        0.2273474707761135
      ]
    ],
    "weights": [
      [
        0.10872197525833015,
        0.07281830451424724,
        0.027247334833752603,
        0.018062098940977152,
        -1.631231534290358e-05,
        -1.5721882763925334e-05,
        3.6119313399300494e-07,
        1.0301904506415814e-163,
        2.0903873126615733e-180,
        1.910250650762839e-203,
        1.4567321320165972e-179,
        0.11292605662033366
      ],
      [
        0.2488610197242633,
        0.18405536629144484,
        -0.0576686220035969,
        0.037243227768435826,
        -0.00045682455176889743,
        0.00019225080196520118,
        -7.781023546127273e-05,
        -5.800113272173915e-42,
        4.865760094554792e-177,
        -1.43e-322,
        -3.085771758047448e-132,
        0.20566968588303777
      ],
      [
        0.0972532976581299,
        0.10133926342670192,
        0.006813062873433948,
        0.031597998489203645,
        -0.0005722706648089319,
        -3.1502172507615944e-05,
        1.7509446009276295e-31,
        6.900239440014601e-172,
        6.002651211084238e-197,
        2.3310738495534254e-176,
        4.460485285847044e-132,
        0.11925966885316121
      ],
      [
        0.18192695843007295,
        0.2307276217497583,
        0.02617029419692915,
        -0.02151394758564877,
        -0.00031627498913512864,
        4.83439720237182e-05,
        -6.927759512907872e-06,
        3.236177244825469e-126,
        -2.4085095713535364e-219,
        -2.9632720041239044e-43,
        1.4970297327315196e-127,
        0.23093267374789347
      ]
    ]
  },
  "cues": [
    [
      5,
      2
    ],
    [
      6,
      0
    ],
    [
      1,
      8
    ],
    [
      1,
      5
    ],
    [
      9,
      0
    ]
  ],
  "env": {
    "delay": 6,
    "grid_size": 10,
    "max_steps": 200,
    "noise": 0.0,
    "num_cues": 5,
    "reward_sparse_prob": 1.0
  },
  "seed": 7
}