{
  "agent": {
    "action_size": 4,
    "cue_exploration_bias": 0.3333333333333333,
    "cue_regularization": 0.01666666666666667,
    "epsilon": 0.05,
    "state_size": 11,
    "target_weights": [
      [
        0.07393115857118532,
        0.08335063439698648,
        -0.00451221539281106,
        0.008203387343613911,
        -9.971182131841963e-05,
        4.8319862031003074e-05,
        2.270715539516921e-211,
        7.353986166585192e-14,
        7.636405395511864e-131,
        4.2849013773892655e-06,
        -1.43e-322,
        0.07368477946202578
      ],
      [
        0.236632135092266,
        0.14987696771636805,
        -0.007617290112422142,
        0.014482114898122666,
        -0.0005363755268498334,
        6.588258524740893e-05,
        1.0180149230299262e-15,
        -1.404998734200538e-07,
        -5.897451564587438e-156,
        -0.0003383800033413036,
        -1.43e-322,
        0.19600379461873427
      ],
      [
        0.09718478256042447,
        0.055301429505955076,
        0.009367895056465129,
        -0.00666435091922638,
        -8.565703856178159e-06,
        2.2692668846181424e-06,
        1.1593507601799934e-138,
        -1.3893534314520836e-213,
        -1.43e-322,
        0.00016287806561701912,
        -1.43e-322,
        0.07866390983173009
      ],
      [
        0.16412510603261643,
        0.20809780254737556,
        0.028882829393071116,
        -0.06193718759220845,
        -6.674680174360665e-05,
        -9.785594784921196e-05,
        -7.686561597959794e-07,
        1.0283982190331072e-07,
        1.379879381775782e-125,
        -0.00019514792138809286,
        -1.43e-322,
        0.2036257171179874
      ]
    ],
    "weights": [
      [
        0.07393115857118532,
        0.08335063439698648,
        -0.00451221539281106,
        0.008203387343613911,
        -2.599007601737914e-05,
        1.2594664010044049e-05,
        5.918663274380177e-212,
        1.9168304918425586e-14,
        1.9904436014169402e-131,
        1.1168676998656667e-06,
        -1.43e-322,
        0.07368477946202578
      ],
      [
        0.235623498550108,
        0.14878332910876235,
        -0.00761025816306996,
        0.014574148912922478,
        -8.827822078999135e-05,
        0.00010662541588330227,
        2.6534752736972176e-16,
        -3.662155943334265e-08,
        -1.537181975474805e-156,
        -0.00018822906700576318,
        -1.43e-322,
        0.1950021900259284
      ],
      [
        0.097969651378288,
        0.05600735853711391,
        0.009628332637789411,
        -0.006324973551197396,
        -7.38901787390713e-05,
        0.00010169892857176421,
        3.0218698234045943e-139,
        -3.621376163928898e-214,
        -1.43e-322,
        4.2454477823964874e-05,
        -1.43e-322,
        0.07970921623091791
      ],
      [
        0.16467592484351937,
        0.208771518897492,
        0.02924931507879282,
        -0.061693599445700215,
        -3.541434005103549e-05,
        1.4853495798105191e-05,
        -2.0035169110519327e-07,
        2.680539532364388e-08,
        3.596681873119266e-126,
        -5.986839097889659e-05,
        -1.43e-322,
        0.20454302161461202
      ]
    ]
  },
  "cues": [
    [
      2,
      6
    ],
    [
      6,
      4
    ],
    [
      7,
      3
    ],
    [
      7,
      8
    ],
    [
      2,
      8
    ]
  ],
  "env": {
    "delay": 10,
    "grid_size": 10,
    "max_steps": 200,
    "noise": 0.0,
    "num_cues": 5,
    "reward_sparse_prob": 1.0
  },
  "seed": 21
}