{
  "agent": {
    "action_size": 4,
    "cue_exploration_bias": 0.3333333333333333,
    "cue_regularization": 0.01666666666666667,
    "epsilon": 0.05,
    "state_size": 11,
    "target_weights": [
      [
        -0.05516776086584044,
        -0.06873301092263605,
        -0.05138867413783726,
        -0.06869382062162915,
        -1.085378987029305e-06,
        -2.4674844959060716e-07,
        2.76e-321,
        -1.5677811759285162e-231,
        2.850594026954289e-215,
        -1.43e-322,
        -2.6895201449641554e-05,
        -0.08835705420438805
      ],
      [
        -0.0371163295966901,
        -0.07133606802051122,
        -0.03254074691353246,
        -0.07085927067413812,
        -1.447157431252222e-06,
        1.0363753085592022e-06,
        1.43e-322,
        1.43e-322,
        4.81233126007855e-217,
        1.43e-322,
        -1.2810142469248083e-08,
        -0.10498988946312739
      ],
      [
        -0.04176055653839073,
        -0.057726383555749314,
        -0.038200088140439556,
        -0.0571597377003834,
        -9.11258268517341e-07,
        2.325866574579279e-06,
        -1.43e-322,
        -1.43e-322,
        -1.920972099568812e-216,
        -1.43e-322,
        6.243163973295276e-07,
        -0.11276611781155876
      ],
      [
        -0.06790650416688193,
        -0.0669311810504532,
        -0.04372926828797932,
        -0.051395497976645554,
        -1.9327434202924676e-05,
        2.1862574632151045e-06,
        1.43e-322,
        -1.43e-322,
        1.43e-322,
        1.43e-322,
        5.890878457024192e-06,
        -0.11086137931525923
      ]
    ],
    "weights": [
      [
        -0.0552091916411778,
        -0.06875527542905568,
        -0.05157682251035235,
        -0.06890113526306192,
        -1.482376457274149e-06,
        1.483953106978526e-07,
        1.43e-322,
        -4.2262327256495445e-234,
        7.68428269788373e-218,
        -1.43e-322,
        -3.3126834267900654e-05,
        -0.08858663335224044
      ],
      [
        -0.037118101447088776,
        -0.07134090889706471,
        -0.03255886235267808,
        -0.07087431708712894,
        -9.430409560188062e-08,
        -1.6235854123421662e-09,
        1.43e-322,
        1.43e-322,
        1.297249397446367e-219,
        1.43e-322,
        -3.5940139862531714e-07,
        -0.10500977675267169
      ],
      [
        -0.041798841943007925,
        -0.057742410962777824,
        -0.03832125032195831,
        -0.05730315787949086,
        -1.9163195885267396e-07,
        1.7128848992205414e-06,
        -1.43e-322,
        -1.43e-322,
        -5.1783216158653407e-219,
        -1.43e-322,
        -1.4322725770799248e-05,
        -0.11292556539769463
      ],
      [
        -0.06786033268551653,
        -0.06691589844759611,
        -0.043670071251373135,
        -0.05130541206153105,
        1.8292119197428593e-05,
        2.7696815935661677e-07,
        1.43e-322,
        -1.43e-322,
        1.43e-322,
        1.43e-322,
        0.00028148961152775563,
        -0.11075601079728768
      ]
    ]
  },
  "cues": [
    [
      9,
      0
    ],
    [
      6,
      7
    ],
    [
      3,
      7
    ],
    [
      7,
      4
    ],
    [
      2,
      0
    ]
  ],
  "env": {
    "delay": 6,
    "grid_size": 10,
    "max_steps": 200,
    "noise": 0.0,
    "num_cues": 5,
    "reward_sparse_prob": 1.0
  },
  "seed": 10
}