{
  "agent": {
    "action_size": 4,
    "cue_exploration_bias": 0.08333333333333333,
    "cue_regularization": 0.02291666666666667,
    "epsilon": 0.05,
    "state_size": 11,
    "target_weights": [
      [
        0.11149656871275668,
        0.1120715969211122,
        0.025077100743679852,
        0.04047059329026716,
        -8.299907289104202e-08,
        -3.6683871067933064e-06,
        7.08893665368431e-147,
        3.7557025636727497e-190,
        1.04e-322,
        1.1308662898152852e-178,
        1.8210535830625553e-15,
        0.0882803117083017
      ],
      [
        0.2665145545144865,
        0.21812965793076855,
        -0.03272725907351296,
        0.004118684321994149,
        7.943042956699122e-05,
        -0.0001273988204521127,
        -1.7279048604282917e-09,
        9.172122848979986e-22,
        1.04e-322,
        -1.188176011037182e-12,
        2.0996195681382322e-05,
        0.2113435461238216
      ],
      [
        0.08115157771715711,
        0.06620309626441562,
        0.0027758516761448777,
        0.040456928805240294,
        -7.996921706750858e-06,
        4.60977879154568e-05,
        7.669005004688378e-135,
        4.176697095986701e-25,
        -1.04e-322,
        3.611491067294427e-65,
        7.953973487098386e-17,
        0.11744361506821853
      ],
      [
        0.1911440475072361,
        0.3006508454275872,
        0.005694360023883187,
        -0.04308530643059841,
        -2.2717020401296175e-05,
        6.919511566173058e-05,
        -1.765125565436379e-113,
        -5.47401447614351e-05,
        -1.04e-322,
        1.5756500759076765e-39,
        7.013228456006155e-06,
        0.20929972003713726
      ]
    ],
    "weights": [
      [
        0.11350844768593424,
        0.1136895276868009,
        0.02544102562817673,
        0.041228466382252874,
        -2.460945111505676e-06,
        2.6870548961695797e-06,
        1.1982395090234358e-148,
        6.348245746552702e-192,
        1.04e-322,
        1.9114977803831352e-180,
        3.078117999742837e-17,
        0.09065611556597612
      ],
      [
        0.2666908640692139,
        0.2182167105932218,
        -0.03224128464008707,
        0.004693915647694223,
        5.723032013110923e-05,
        -1.0936839147978192e-05,
        -2.920669167670919e-11,
        1.5503594567391736e-23,
        1.04e-322,
        -2.0083681229661878e-14,
        1.6031272955708034e-05,
        0.21200583011197477
      ],
      [
        0.08206702538127751,
        0.06704967144822652,
        0.002963957802448848,
        0.040713907411853774,
        -1.3517157801961545e-07,
        -6.772900113020071e-05,
        1.296288179799172e-136,
        7.059850753545161e-27,
        -1.04e-322,
        6.104485756785981e-67,
        1.3444562635515715e-18,
        0.1185471688586429
      ],
      [
        0.19326356995467692,
        0.3030975165454262,
        0.005942284938803491,
        -0.043164530186076175,
        -0.00014474415496120013,
        -7.972880469711429e-05,
        -2.9835831440163212e-115,
        -2.554465148749981e-05,
        -1.04e-322,
        2.663313647142138e-41,
        1.894834947523175e-05,
        0.21166716739949834
      ]
    ]
  },
  "cues": [
    [
      9,
      4
    ],
    [
      5,
      8
    ],
    [
      0,
      7
    ],
    [
      3,
      0
    ],
    [
      2,
      1
    ]
  ],
  "env": {
    "delay": 0,
    "grid_size": 10,
    "max_steps": 200,
    "noise": 0.05,
    "num_cues": 5,
    "reward_sparse_prob": 1.0
  },
  "seed": 5
}