{
  "agent": {
    "action_size": 4,
    "cue_exploration_bias": 0.3333333333333333,
    "cue_regularization": 0.01666666666666667,
    "epsilon": 0.05,
    "state_size": 11,
    "target_weights": [
      [
        0.063278691785006,
        0.09051764491801552,
        -0.03507449173821784,
        -0.009269403539005265,
        -8.688317120279502e-10,
        -0.0001682227007145768,
        1.8542577135656788e-154,
        0.00013147753207678225,
        -1.43e-322,
        7.931638386042657e-18,
        6.010683657950699e-182,
        0.05932296183923839
      ],
      [
        0.21299443925841405,
        0.14054148624703447,
        -0.0781021865180546,
        -0.03196306511937278,
        -0.00032708623787643245,
        -0.0006975543965164415,
        4.276609998631429e-117,
        -0.00014194876373614852,
        1.4202882434926448e-43,
        3.3963652963843584e-07,
        -9.68641526036955e-07,
        0.1428023908813178
      ],
      [
        0.02246307142392549,
        0.03331321463897165,
        -0.02612584895029814,
        -0.016860777722292067,
        -9.206792443509248e-06,
        -0.0005344874556800118,
        4.4644351385645626e-122,
        0.00032091115858449173,
        -1.43e-322,
        1.5909813854528308e-16,
        2.5817587360959273e-147,
        0.02065504882361667
      ],
      [
        0.14638554283204136,
        0.17719647987930864,
        0.013344422486733617,
        -0.019979334651334873,
        7.03336255665403e-05,
        9.672967470454861e-05,
        -3.2055130741420367e-115,
        -4.387922182396827e-06,
        2.6965719818686682e-180,
        -4.134582301258371e-06,
        -3.630809934489537e-05,
        0.14965871465012454
      ]
    ],
    "weights": [
      [
        0.06470256349070362,
        0.09211950058692535,
        -0.034896507775005636,
        -0.009269403539005265,
        -1.7898465842168906e-12,
        -2.0774178553893304e-05,
        3.819884551792904e-157,
        2.7085177535661246e-07,
        -1.43e-322,
        1.6339661266928207e-20,
        1.2382376776833444e-184,
        0.0609248175081482
      ],
      [
        0.21234080478297881,
        0.13892026815981456,
        -0.07850657560840017,
        -0.031399870597933754,
        -6.143467680223435e-05,
        9.655418127386072e-05,
        8.810078743801688e-120,
        -3.739580582904881e-05,
        2.925880842085263e-46,
        6.996720700142653e-10,
        -1.7274013018132405e-06,
        0.14174436731553686
      ],
      [
        0.02246307142392549,
        0.03331321463897165,
        -0.02612584895029814,
        -0.016860777722292067,
        -1.8966556789399033e-08,
        -1.1010769215855566e-06,
        9.197010045324622e-125,
        6.610966578198049e-07,
        -1.43e-322,
        3.2775191776307958e-19,
        5.3185812523896e-150,
        0.02065504882361667
      ],
      [
        0.14976262125993103,
        0.18095145721130776,
        0.014235657318710727,
        -0.019465998723467208,
        5.070435423738177e-05,
        8.296356609670764e-05,
        -6.603553423509419e-118,
        1.4532476837389343e-05,
        5.555103576476425e-183,
        -1.2238754857385961e-05,
        -1.0478075833987088e-06,
        0.15392702790999122
      ]
    ]
  },
  "cues": [
    [
      1,
      9
    ],
    [
      8,
      3
    ],
    [
      4,
      4
    ],
    [
      4,
      1
    ],
    [
      7,
      4
    ]
  ],
  "env": {
    "delay": 6,
    "grid_size": 10,
    "max_steps": 200,
    "noise": 0.0,
    "num_cues": 5,
    "reward_sparse_prob": 1.0
  },
  "seed": 14
}