{
  "agent": {
    "action_size": 4,
    "cue_exploration_bias": 0.05555555555555555,
    "cue_regularization": 0.02361111111111111,
    "epsilon": 0.05,
    "state_size": 11,
    "target_weights": [
      [
        0.08028018114403762,
        0.09722996744405812,
        -0.00853271383329139,
        -0.03717045131900519,
        -2.664031145133053e-05,
        -2.651066847742273e-05,
        1.04e-322,
        -1.04e-322,
        6.92236361818476e-135,
        9.691275515488219e-259,
        1.04e-322,
        0.07315991359894614
      ],
      [
        0.22463923169607666,
        0.1848123449911834,
        -0.02592113307700359,
        0.0035814414444913195,
        -9.919140028522858e-05,
        -6.474825465389894e-05,
        -1.04e-322,
        -1.97758467855828e-164,
        4.1939101102386394e-29,
        -4.3025195704875925e-05,
        -1.04e-322,
        0.17276521655798516
      ],
      [
        0.05947020815777197,
        0.09310930027017922,
        0.003411589532049209,
        -0.009372760874282371,
        -3.751537520262151e-05,
        -0.000269764812622123,
        -1.04e-322,
        -1.04e-322,
        4.743032608881867e-144,
        8.523703459531778e-192,
        1.04e-322,
        0.07833107096319189
      ],
      [
        0.18209658214618255,
        0.2672016132663636,
        -0.003459011548681258,
        -0.07791418616338583,
        -0.0002735136559107334,
        -0.0014177447841274204,
        -1.04e-322,
        -1.04e-322,
        -1.0519186091343414e-39,
        9.025653319486085e-08,
        1.04e-322,
        0.1507035888854673
      ]
    ],
    "weights": [
      [
        0.08028018114403762,
        0.09722996744405812,
        -0.00853271383329139,
        -0.03717045131900519,
        -1.240137421595605e-05,
        -1.2341023906732469e-05,
        1.04e-322,
        -1.04e-322,
        3.2224406176655685e-135,
        4.51140124683111e-259,
        1.04e-322,
        0.07315991359894614
      ],
      [
        0.2256717846426794,
        0.1857414940652378,
        -0.025818499111890728,
        0.003787479282152551,
        -0.00011157868719698108,
        -0.00019311616748345463,
        -1.04e-322,
        -9.205886232729277e-165,
        1.952313838378689e-29,
        -2.002872802841283e-05,
        -1.04e-322,
        0.17390040346970076
      ],
      [
        0.05947020815777197,
        0.09310930027017922,
        0.0035915792302272562,
        -0.009192771176104324,
        7.78642274456539e-05,
        -0.0001255786516511286,
        -1.04e-322,
        -1.04e-322,
        2.207936735600311e-144,
        3.967882901842476e-192,
        1.04e-322,
        0.07851106066136994
      ],
      [
        0.18167732350639262,
        0.2667459246320645,
        -0.0035647002994861343,
        -0.07798344491968141,
        -8.378101752121574e-05,
        -0.0005824758575553991,
        -1.04e-322,
        -1.04e-322,
        -4.896803230110669e-40,
        4.201546388183932e-08,
        1.04e-322,
        0.1501786414948725
      ]
    ]
  },
  "cues": [
    [
      9,
      1
    ],
    [
      7,
      4
    ],
    [
      2,
      9
    ],
    [
      7,
      5
    ],
    [
      5,
      0
    ]
  ],
  "env": {
    "delay": 1,
    "grid_size": 10,
    "max_steps": 200,
    "noise": 0.0,
    "num_cues": 5,
    "reward_sparse_prob": 1.0
  },
  "seed": 6
}