{
  "agent": {
    "action_size": 4,
    "cue_exploration_bias": 0.10000000000000002,
    "cue_regularization": 0.022500000000000003,
    "epsilon": 0.05,
    "state_size": 11,
    "target_weights": [
      [
        0.07960740062469385,
        0.06598159310196723,
        0.003691606557167841,
        -0.003137083573951355,
        3.316179484199224e-08,
        2.5288628709340837e-05,
        3.887599674613441e-13,
        8.258792802877245e-07,
        4.627391612136955e-222,
        3.364804221762378e-262,
        5.495705831657623e-06,
        0.08451940334537851
      ],
      [
        0.18941465071059632,
        0.1557593354234775,
        -0.07952189936917586,
        0.016440875299248696,
        -0.00045932627213742796,
        0.0002746896859396294,
        -6.099073767130075e-05,
        -3.4664356541888656e-05,
        2.3416455358286032e-234,
        4.1678364573020583e-277,
        -0.0002052956049938428,
        0.12255480233419994
      ],
      [
        0.06882422224223744,
        0.08286708294181003,
        -0.00159485704646089,
        0.010540343445078178,
        -2.1343161743383964e-05,
        2.508164138309253e-05,
        3.378034606888992e-05,
        5.60601494438592e-08,
        2.8065603710337287e-273,
        1.2174831590272084e-263,
        7.79948089955679e-08,
        0.0728581761379152
      ],
      [
        0.13048339110289953,
        0.16627872774297903,
        -0.006159389272632603,
        -0.042014582873218256,
        8.574575385283347e-05,
        -7.486193056555395e-05,
        4.6340848682149354e-06,
        3.188346998024676e-07,
        -6.736930745687088e-273,
        -3.519874046501238e-282,
        0.0001249959393599236,
        0.1602886199166546
      ]
    ],
    "weights": [
      [
        0.07960740062469385,
        0.06598159310196723,
        0.003691606557167841,
        -0.003137083573951355,
        1.1123534328668667e-08,
        8.482620766265178e-06,
        1.3040261735750435e-13,
        2.770265170926067e-07,
        1.5521762225191598e-222,
        1.1286637363375743e-262,
        1.8434367853123001e-06,
        0.08451940334537851
      ],
      [
        0.1900729181796349,
        0.15624780915515057,
        -0.07962028859863284,
        0.01651227980715718,
        -0.000347449002272045,
        0.00022765387545665563,
        -8.788547100303234e-05,
        -1.1627541929263802e-05,
        7.854633510481715e-235,
        1.3980266185824772e-277,
        -0.0003712680587050689,
        0.12311468057378147
      ],
      [
        0.06882422224223744,
        0.08286708294181003,
        -0.00159485704646089,
        0.010540343445078178,
        -7.159184038923885e-06,
        8.413190548748518e-06,
        1.1331016337384428e-05,
        1.8804380154340308e-08,
        9.41410764448214e-274,
        4.083830739120975e-264,
        2.6161971613839053e-08,
        0.0728581761379152
      ],
      [
        0.130484391016975,
        0.16625739780270946,
        -0.006108991299257245,
        -0.04194185504549785,
        5.7917807227678176e-05,
        -4.324432271831132e-05,
        2.2830386168515273e-05,
        1.0694742987591719e-07,
        -2.259783608715302e-273,
        -1.1806791512764279e-282,
        4.192766492402458e-05,
        0.1603400178041054
      ]
    ]
  },
  "cues": [
    [
      7,
      4
    ],
    [
      8,
      5
    ],
    [
      2,
      6
    ],
    [
      0,
      5
    ],
    [
      7,
      9
    ]
  ],
  "env": {
    "delay": 0,
    "grid_size": 10,
    "max_steps": 200,
    "noise": 0.0,
    "num_cues": 5,
    "reward_sparse_prob": 0.7
  },
  "seed": 12
}