{
  "agent": {
    "action_size": 4,
    "cue_exploration_bias": 0.08333333333333333,
    "cue_regularization": 0.02291666666666667,
    "epsilon": 0.05,
    "state_size": 11,
    "target_weights": [
      [
        0.09632576329008566,
        0.09039459590661468,
        0.0029711731631432846,
        -0.01426741120257932,
        -5.106860925869205e-06,
        6.158783696590504e-11,
        2.7385863242297606e-13,
        3.030300726092991e-10,
        8.775925881978747e-06,
        1.7264033045319734e-184,
        5.71989557166749e-05,
        0.055491241461840195
      ],
      [
        0.23732629278997128,
        0.18500575751830803,
        -0.05612721310762239,
        -0.008924766314709136,
        -2.3624624967425192e-05,
        7.00690203539449e-05,
        -4.079815466941368e-05,
        1.3087793452440814e-06,
        -1.0485052039341603e-05,
        -3.3415495603715257e-09,
        9.237577968874626e-05,
        0.163856763016841
      ],
      [
        0.08374549367833788,
        0.05568824916691806,
        -0.009995618210431986,
        -0.006099479493936498,
        -6.73859779088996e-05,
        -0.00014273964533070396,
        1.3586411353408814e-20,
        2.0127621702730356e-28,
        7.982546390803651e-07,
        1.6245638524566478e-17,
        2.2004561467610167e-08,
        0.06277305782993015
      ],
      [
        0.18030225579876705,
        0.2409867179283584,
        -0.004417865464541851,
        -0.037445002042073,
        -2.941418160116476e-07,
        -0.0005952994986745049,
        -1.9554483585548182e-05,
        -8.826972177067345e-05,
        -1.5568209497732154e-05,
        6.053525083267957e-07,
        -2.6215113015323556e-05,
        0.17034843796505822
      ]
    ],
    "weights": [
      [
        0.09824483187914486,
        0.09221461477482995,
        0.0036793506528847606,
        -0.013460183991993918,
        -9.451827618912446e-07,
        -4.301532670313784e-07,
        2.1860574798211046e-06,
        3.824903258142085e-06,
        1.7303091789567522e-09,
        3.403870457186909e-188,
        1.1277656561177313e-08,
        0.058118487540640876
      ],
      [
        0.24658232203510827,
        0.19324467483403024,
        -0.05661384561678324,
        -0.008394286894455196,
        -0.00011578948229384712,
        -7.834924334373297e-05,
        -8.28469313267096e-05,
        4.3073676845419466e-07,
        -4.571214402404846e-05,
        -1.5986185455092793e-05,
        5.058076621463946e-06,
        0.17262615975281703
      ],
      [
        0.08549634759445206,
        0.05713377863419936,
        -0.00946991320660401,
        -0.005268450041275645,
        -1.7563103655186732e-06,
        -2.929809543645891e-06,
        2.678770603812904e-24,
        3.9684711392470065e-32,
        9.957266471566654e-05,
        3.2030782660544413e-21,
        4.338538770537008e-12,
        0.06504961674987231
      ],
      [
        0.18283308662260855,
        0.24442353268204914,
        -0.004021457037606658,
        -0.037954577544987135,
        2.8737502145518684e-05,
        -5.73722245916299e-05,
        -7.816225463427944e-05,
        -5.9987929049904276e-05,
        -4.466971279621195e-05,
        1.1935458614267307e-10,
        6.429863311617411e-06,
        0.17327567721583484
      ]
    ]
  },
  "cues": [
    [
      8,
      6
    ],
    [
      4,
      5
    ],
    [
      4,
      2
    ],
    [
      8,
      4
    ],
    [
      1,
      0
    ]
  ],
  "env": {
    "delay": 0,
    "grid_size": 10,
    "max_steps": 200,
    "noise": 0.05,
    "num_cues": 5,
    "reward_sparse_prob": 1.0
  },
  "seed": 17
}