{
  "agent": {
    "action_size": 4,
    "cue_exploration_bias": 0.05555555555555555,
    "cue_regularization": 0.02361111111111111,
    "epsilon": 0.05,
    "state_size": 11,
    "target_weights": [
      [
        0.1021903333398052,
        0.05793817574395545,
        -0.033881229664983435,
        0.01980135093845879,
        -5.653346118662098e-07,
        5.235503420994565e-08,
        1.04e-322,
        1.04e-322,
        3.6073879671268087e-47,
        1.04e-322,
        1.04e-322,
        0.05856668237067976
      ],
      [
        0.22034570467928322,
        0.1898158782626897,
        -0.06596149486916812,
        -0.0012596214917976463,
        7.760716716348769e-05,
        -0.0007561355255952389,
        8.936223753888984e-85,
        1.04e-322,
        -2.569693919839239e-05,
        8.711955414160333e-143,
        1.04e-322,
        0.14216948387700026
      ],
      [
        0.0893548485410393,
        0.04972372513128383,
        -0.01788072409859966,
        -0.011784554417863928,
        -1.555419752459875e-05,
        6.9660223515681e-05,
        -1.04e-322,
        1.04e-322,
        3.7139523792729004e-187,
        1.04e-322,
        -1.04e-322,
        0.026575829711734816
      ],
      [
        0.15508189524738003,
        0.20919711795319007,
        -0.0035832202578236203,
        -0.04566663235314575,
        -0.0003046583099941478,
        0.00025489381266739785,
        3.5065547884566124e-122,
        -1.04e-322,
        1.5640249501096487e-06,
        -1.04e-322,
        -1.04e-322,
        0.17257521591552913
      ]
    ],
    "weights": [
      [
        0.10344115005395832,
        0.059188682484854885,
        -0.03380781631469697,
        0.01987507426199894,
        -0.00018361308014622706,
        -7.730407703441157e-05,
        1.04e-322,
        1.04e-322,
        2.4828452636938453e-48,
        1.04e-322,
        1.04e-322,
        0.05989091243511934
      ],
      [
        0.221422348643839,
        0.19059700829297468,
        -0.06613188454120215,
        -0.0011344972295608763,
        0.00019974203841877956,
        -0.00023154835083615804,
        6.1505058576561295e-86,
        1.04e-322,
        -1.7686349336850924e-06,
        5.996149411893733e-144,
        1.04e-322,
        0.14307573816952204
      ],
      [
        0.09014148789616191,
        0.05044782097687587,
        -0.017487404421038355,
        -0.011328691230772054,
        8.956772284134465e-05,
        -0.0003048480624214903,
        -1.04e-322,
        1.04e-322,
        2.5561900074215265e-188,
        1.04e-322,
        -1.04e-322,
        0.02775578874441873
      ],
      [
        0.15879026758775988,
        0.21334229342403507,
        -0.0028786804154668703,
        -0.0453988956412543,
        -0.0008516614900911575,
        0.00017565316854786412,
        2.413445137517814e-123,
        -1.04e-322,
        1.0764664003610429e-07,
        -1.04e-322,
        -1.04e-322,
        0.1769881280982657
      ]
    ]
  },
  "cues": [
    [
      2,
      3
    ],
    [
      0,
      9
    ],
    [
      7,
      2
    ],
    [
      1,
      5
    ],
    [
      1,
      3
    ]
  ],
  "env": {
    "delay": 1,
    "grid_size": 10,
    "max_steps": 200,
    "noise": 0.0,
    "num_cues": 5,
    "reward_sparse_prob": 1.0
  },
  "seed": 22
}