{
  "agent": {
    "action_size": 4,
    "cue_exploration_bias": 0.08333333333333333,
    "cue_regularization": 0.02291666666666667,
    "epsilon": 0.05,
    "state_size": 11,
    "target_weights": [
      [
        0.059817234938889234,
        0.09308971050958299,
        0.007060238261704287,
        0.006201530906140987,
        -0.0001040506436387418,
        5.4202526000856736e-05,
        1.3137304508265193e-113,
        2.6851937319642586e-201,
        1.3340452288509683e-94,
        3.2936486111387727e-12,
        2.52201900666246e-114,
        0.08861809603354216
      ],
      [
        0.2550822092346592,
        0.19973897983907613,
        -0.016465213444704373,
        -0.012035581594861873,
        -0.00045223012724743495,
        0.00015717118618760635,
        1.9811682285612853e-08,
        -2.6806168687922553e-187,
        -3.204604979124073e-06,
        -0.00023091589841672407,
        1.481082119127797e-82,
        0.21555119525672242
      ],
      [
        0.09048378299344174,
        0.07961644020837662,
        0.023833086994658796,
        -0.005081613601842248,
        -0.00010518889168769297,
        0.00010071008353941794,
        2.8087529586103496e-67,
        2.2625710531709187e-296,
        8.706256673887633e-47,
        0.000212274755555978,
        8.445969887139467e-118,
        0.13044437950069251
      ],
      [
        0.1923645710650125,
        0.24690448426638842,
        0.01920434123029081,
        -0.07735922814556764,
        0.00015328281527517197,
        -9.406184634349551e-05,
        -4.8378641671096834e-29,
        1.2028208882031117e-176,
        -2.575573809261506e-07,
        0.0009147184701896867,
        -1.6211634209419001e-103,
        0.21578322750730222
      ]
    ],
    "weights": [
      [
        0.06272143096779051,
        0.09571968344618986,
        0.008447022086538062,
        0.007862537823269174,
        2.8913687792518366e-05,
        -5.4333169949939256e-05,
        1.7874862793448523e-117,
        3.6535249299041614e-205,
        1.8151269471574864e-98,
        4.481400044955815e-16,
        3.431506339690822e-118,
        0.0929090758872772
      ],
      [
        0.25606194762755785,
        0.19976819291398568,
        -0.0173438691553057,
        -0.011963711987474089,
        0.00011220009634098314,
        -7.907727701311319e-05,
        2.6956146319050993e-12,
        -3.64729756407181e-191,
        -9.71643620980369e-06,
        -0.00046542877376623526,
        2.015188096506665e-86,
        0.21565227793901984
      ],
      [
        0.09237735203120294,
        0.08151988625149564,
        0.024464098230572752,
        -0.004460479371286132,
        1.794524743832424e-05,
        2.2994940466792578e-05,
        3.8216419299914975e-71,
        3.078496590408945e-300,
        1.1845896043010816e-50,
        2.8882501183471374e-08,
        1.149174496147475e-121,
        0.13296895977436768
      ],
      [
        0.1950723586963441,
        0.2503950661947505,
        0.020742220469696787,
        -0.07660414320319202,
        0.0001402826786253209,
        -4.694215019869058e-05,
        -6.582488679167125e-33,
        1.6365806492646845e-180,
        -3.504374008076371e-11,
        -5.1941179300080245e-05,
        -2.2057853417999794e-107,
        0.22002889437803994
      ]
    ]
  },
  "cues": [
    [
      3,
      9
    ],
    [
      8,
      2
    ],
    [
      5,
      9
    ],
    [
      7,
      9
    ],
    [
      1,
      9
    ]
  ],
  "env": {
    "delay": 0,
    "grid_size": 10,
    "max_steps": 200,
    "noise": 0.05,
    "num_cues": 5,
    "reward_sparse_prob": 1.0
  },
  "seed": 3
}