{
  "agent": {
    "action_size": 4,
    "cue_exploration_bias": 0.10000000000000002,
    "cue_regularization": 0.022500000000000003,
    "epsilon": 0.05,
    "state_size": 11,
    "target_weights": [
      [
        0.04948187655233926,
        0.0716085529074176,
        0.005410016361524637,
        0.015697108221576755,
        -7.396602520081398e-08,
        3.7887761543117197e-06,
        6.246216567215563e-97,
        6.794473710901122e-273,
        2.3433444407266217e-35,
        2.271543489522334e-06,
        1.1460456260612146e-195,
        0.07663251574681246
      ],
      [
        0.21521731225113033,
        0.1321323691580537,
        -0.030152443001830852,
        0.002018902545505064,
        -0.0001774946475223638,
        0.0001119427962338193,
        2.3804380706669414e-86,
        -8.368073672954535e-160,
        1.690638301482657e-11,
        -0.0005372627289238743,
        5.231036418189623e-181,
        0.16199906871606592
      ],
      [
        0.07859204242011994,
        0.06513166679908948,
        0.014278036622655308,
        -0.012043631137880737,
        5.935466293347102e-07,
        3.419582380965437e-05,
        9.517661376444966e-142,
        7.664276358369734e-216,
        6.973493935617563e-26,
        6.666317158667536e-07,
        1.933078128065267e-189,
        0.108997588555367
      ],
      [
        0.1577048365900012,
        0.17763815158083016,
        0.009625154526096429,
        -0.052331816639215864,
        -0.0001256366311223927,
        5.519572595474448e-06,
        -1.08498854193277e-34,
        1.2776819598713932e-165,
        1.7605299366828425e-10,
        0.0015153400271401135,
        -1.3340472350762133e-50,
        0.1715443063280962
      ]
    ],
    "weights": [
      [
        0.04954009278735719,
        0.07175409349496242,
        0.005613773184087392,
        0.015813540691612615,
        7.6014649654242465e-06,
        3.0411677978565444e-05,
        8.897042506506758e-100,
        9.677973980684059e-276,
        3.3378341708419214e-38,
        3.2355616818883536e-09,
        1.6324148450088282e-198,
        0.07689448880439315
      ],
      [
        0.21724125354565307,
        0.13361094324128142,
        -0.030269238161487966,
        0.002447474597143086,
        -0.0001242627210886139,
        0.00010452464405369157,
        3.3906699312975974e-89,
        -1.1919392541819185e-162,
        5.400229210281248e-06,
        -0.00043363041428813224,
        7.451031014517769e-184,
        0.16390621485093168
      ],
      [
        0.0791684989656522,
        0.06564072014126342,
        0.014477121244085771,
        -0.01177714331309196,
        -2.0300153308662e-05,
        1.7082119627385905e-05,
        1.355685268314618e-144,
        1.0916911350774325e-218,
        9.93296842919332e-29,
        9.495429190499529e-10,
        2.753455325911319e-192,
        0.10977312972232972
      ],
      [
        0.15877847816777302,
        0.17901462411048388,
        0.00997822466898803,
        -0.05228157744820617,
        7.182143822040718e-06,
        -5.3329159926712265e-05,
        -1.5454458027144336e-37,
        1.8199161979809629e-168,
        -1.1292225512563448e-07,
        0.00042039442956549926,
        -1.9002022790016487e-53,
        0.17297101804875953
      ]
    ]
  },
  "cues": [
    [
      3,
      9
    ],
    [
      8,
      2
    ],
    [
      5,
      9
    ],
    [
      7,
      9
    ],
    [
      1,
      9
    ]
  ],
  "env": {
    "delay": 0,
    "grid_size": 10,
    "max_steps": 200,
    "noise": 0.0,
    "num_cues": 5,
    "reward_sparse_prob": 0.7
  },
  "seed": 3
}