{
  "agent": {
    "action_size": 4,
    "cue_exploration_bias": 0.3333333333333333,
    "cue_regularization": 0.01666666666666667,
    "epsilon": 0.05,
    "state_size": 11,
    "target_weights": [
      [
        0.04204259568868653,
        0.03598871034581394,
        -0.014339576747715941,
        -0.055394219855883,
        -2.5448592651712763e-07,
        -2.6188664818385754e-07,
        1.2560491498912053e-44,
        -1.43e-322,
        1.43e-322,
        1.3451770652421724e-11,
        6.298109495240285e-21,
        -0.024032919268638344
      ],
      [
        0.1627853615950476,
        0.0420074213908897,
        -0.1674326187901758,
        -0.06031984177665846,
        -1.3348124127331177e-05,
        7.891429555952995e-06,
        1.425822939377703e-16,
        1.43e-322,
        1.2005717356655437e-128,
        -5.516465912927122e-05,
        4.762039073629293e-06,
        0.0185257200490892
      ],
      [
        0.03976089249003317,
        0.02539426215025229,
        -0.010644975811479586,
        -0.05622107586626884,
        -7.445711338597549e-05,
        -4.088063212991404e-05,
        6.096147997019145e-06,
        1.137860641274482e-240,
        2.449857586828407e-261,
        2.294289159084679e-13,
        2.941625943688404e-11,
        -0.017868300154396364
      ],
      [
        0.059799563597901256,
        0.063568611552514,
        -0.04140831431165577,
        -0.0641059733472709,
        -1.951051901413581e-06,
        -4.0604217018499975e-06,
        -7.928902883696555e-05,
        -2.3764056332451002e-284,
        -1.8289151952886133e-47,
        1.3260712381471336e-06,
        -2.8339487162873265e-06,
        0.04837593516594964
      ]
    ],
    "weights": [
      [
        0.04263268044452566,
        0.036571178760392835,
        -0.01423661615918992,
        -0.05528364292609675,
        -7.411526007206838e-05,
        -8.042078757791538e-06,
        3.273916016736769e-45,
        -1.43e-322,
        1.43e-322,
        3.5062296245531204e-12,
        1.6416142277087707e-21,
        -0.0233398739242732
      ],
      [
        0.1611945181455588,
        0.040048485023409464,
        -0.16776990237835485,
        -0.060289032446846115,
        0.00015521070701732422,
        0.00011495857586057631,
        3.7164346304949046e-17,
        1.43e-322,
        3.129313080604638e-129,
        5.325708985230442e-06,
        9.269330024220899e-06,
        0.016597593011421302
      ],
      [
        0.040128408240714224,
        0.025809776353316983,
        -0.010572037213178656,
        -0.05619613572035155,
        -7.559890010971296e-05,
        -2.250318262491247e-05,
        1.588972578785429e-06,
        2.9658554194360662e-241,
        6.385600430473867e-262,
        5.980108362482043e-14,
        7.667404012911478e-12,
        -0.017427845805414385
      ],
      [
        0.05978359017429224,
        0.063568611552514,
        -0.04141347278894161,
        -0.06412710524816577,
        1.5161089886663762e-06,
        -2.4182107123402225e-06,
        -1.9736582583370663e-05,
        -6.194146515379992e-285,
        -4.7671022679544667e-48,
        3.456429922571022e-07,
        -7.386741270170295e-07,
        0.04835480326505479
      ]
    ]
  },
  "cues": [
    [
      4,
      1
    ],
    [
      0,
      9
    ],
    [
      4,
      6
    ],
    [
      6,
      8
    ],
    [
      5,
      2
    ]
  ],
  "env": {
    "delay": 0,
    "grid_size": 10,
    "max_steps": 200,
    "noise": 0.2,
    "num_cues": 5,
    "reward_sparse_prob": 1.0
  },
  "seed": 23
}