{
  "agent": {
    "action_size": 4,
    "cue_exploration_bias": 0.3,
    "cue_regularization": 0.017499999999999998,
    "epsilon": 0.05,
    "state_size": 11,
    "target_weights": [
      [
        0.00829388987577806,
        0.008634347890125325,
        -0.025749925458098965,
        -0.020161718997825092,
        -4.518459484740744e-06,
        5.170219609758405e-06,
        -3.1104642664084e-201,
        -5.859048294256243e-199,
        -4.955144551739444e-189,
        5.698372999603997e-20,
        -1.4e-322,
        -0.0432369039618392
      ],
      [
        0.035744923483344786,
        0.015897935746400735,
        -0.06592484823766208,
        -0.01751601550272598,
        -0.00017360424171685652,
        6.852432902008043e-07,
        -2.1849056772005e-188,
        1.5009855118566471e-189,
        1.843261033134322e-05,
        7.474297970484721e-06,
        5.960329725238731e-88,
        -0.00043620972705578424
      ],
      [
        0.002992650692597121,
        0.012019529663887406,
        -0.03631128651524408,
        -0.029195965807105675,
        -3.0105856135023065e-05,
        -1.4938890303444843e-05,
        -8.304671427248022e-197,
        -8.727396594642276e-228,
        1.0019467371746027e-151,
        1.3290790948835425e-65,
        -1.4e-322,
        -0.021904813136851636
      ],
      [
        0.02728134729339207,
        0.031983226300900267,
        -0.029216544639797077,
        -0.044816799884422574,
        0.00014631266132606805,
        3.44492459860699e-06,
        -3.1998687976965166e-180,
        -8.943802737641384e-127,
        -2.2912563452467165e-06,
        -4.861377324165952e-10,
        -1.3003667785317635e-99,
        -0.010423032787030476
      ]
    ],
    "weights": [
      [
        0.00829388987577806,
        0.008634347890125325,
        -0.025749925458098965,
        -0.020161718997825092,
        -4.715827933058767e-07,
        5.396057248734151e-07,
        -3.246330817360753e-202,
        -6.114974296107745e-200,
        -5.171587610412662e-190,
        5.9472806285574696e-21,
        -1.4e-322,
        -0.0432369039618392
      ],
      [
        0.03489467771318088,
        0.015069452353407769,
        -0.06607906439808983,
        -0.017691994040324708,
        0.00010785279150061911,
        -7.467259925472437e-07,
        -2.2803433910245602e-189,
        1.5665492692441874e-190,
        1.923775547247677e-06,
        7.800778842490529e-07,
        6.220679747919448e-89,
        -0.0014406716576474763
      ],
      [
        0.0032450937583163955,
        0.012271280193186556,
        -0.03634494180182275,
        -0.029228928557264226,
        -5.03240855270612e-05,
        -2.3705379493808822e-05,
        -8.667423404757682e-198,
        -9.10861340748692e-229,
        1.0457122447510873e-152,
        1.3871338986357847e-66,
        -1.4e-322,
        -0.021686025357711032
      ],
      [
        0.027250375647001012,
        0.03193322367342612,
        -0.029099834133885227,
        -0.04468105839742765,
        1.4521608630006808e-05,
        2.571098843113028e-05,
        -3.339640580879575e-181,
        -9.334472273210329e-128,
        -2.3913395065735695e-07,
        -1.3340146496178145e-05,
        -1.3571674147197948e-100,
        -0.01033729392750968
      ]
    ]
  },
  "cues": [
    [
      0,
      8
    ],
    [
      1,
      8
    ],
    [
      3,
      6
    ],
    [
      5,
      8
    ],
    [
      4,
      9
    ]
  ],
  "env": {
    "delay": 0,
    "grid_size": 10,
    "max_steps": 200,
    "noise": 0.0,
    "num_cues": 5,
    "reward_sparse_prob": 0.1
  },
  "seed": 19
}