{
  "agent": {
    "action_size": 4,
    "cue_exploration_bias": 0.16666666666666666,
    "cue_regularization": 0.020833333333333336,
    "epsilon": 0.05,
    "state_size": 11,
    "target_weights": [
      [
        0.01610116292902999,
        0.005765126001962577,
        -0.03829496194651615,
        -0.048413422673295015,
        -5.5260931463412555e-05,
        3.210918505444891e-05,
        2.888391440859231e-70,
        1.236662024753699e-17,
        -1.14e-322,
        1.14e-322,
        4.1954910813326855e-22,
        -0.02097340285396944
      ],
      [
        0.07973661900930713,
        0.0904962078802956,
        -0.05845283064167152,
        -0.006904960131355655,
        -1.3141068663265263e-05,
        2.7258257929096296e-05,
        -5.784640507743466e-06,
        -1.7756084755396895e-05,
        1.0052919489052566e-07,
        4.708184166005952e-06,
        -0.00027024945630921586,
        0.033945839360414204
      ],
      [
        0.013785135353566234,
        0.029708461515729395,
        -0.04296447160232748,
        -0.03270973657337918,
        -0.00010785048515530735,
        2.4684391709180392e-06,
        1.595969091946076e-142,
        4.3569923037143574e-45,
        4.952379574541033e-06,
        1.14e-322,
        3.4781468391567964e-10,
        -0.023550525306621394
      ],
      [
        0.05573763645939123,
        0.08707545220076932,
        -0.03634844364885435,
        -0.06774611635073999,
        2.5780621653508764e-05,
        2.196087763404158e-06,
        4.461030425991702e-07,
        5.533093050169156e-06,
        -3.797084519677199e-07,
        -3.0901217831137343e-06,
        0.00021119085429422834,
        0.05535381089692421
      ]
    ],
    "weights": [
      [
        0.01610116292902999,
        0.005765126001962577,
        -0.03829496194651615,
        -0.048413422673295015,
        -9.702627279374163e-07,
        5.637680121878462e-07,
        5.071392183489802e-72,
        2.1713116986972237e-19,
        -1.14e-322,
        1.14e-322,
        7.366377138080129e-24,
        -0.02097340285396944
      ],
      [
        0.07807524840757063,
        0.08891452079644914,
        -0.05834272008247831,
        -0.006874533090052435,
        3.117759541322495e-05,
        -5.820784359367428e-07,
        -1.0156580662952617e-07,
        -3.1175853855568477e-07,
        3.843793271406277e-05,
        8.266555578356851e-08,
        -0.00019731065757322327,
        0.03239457931787085
      ],
      [
        0.01415483026314033,
        0.030037079213128592,
        -0.04296447160232748,
        -0.032668659361204284,
        -7.429897567227055e-05,
        3.6246017389253386e-05,
        2.802177386171358e-144,
        7.649938439787496e-47,
        8.695310029214969e-08,
        1.14e-322,
        6.106875419864254e-12,
        -0.023180830397047297
      ],
      [
        0.0552870327830328,
        0.08655605668824572,
        -0.03617694635448858,
        -0.06750582722020898,
        2.3122675185640098e-05,
        -1.0431334121342878e-06,
        7.832606935697913e-09,
        2.166508669809951e-05,
        -6.666861174264079e-09,
        -2.593898413149795e-07,
        -7.30966582091128e-05,
        0.05507470451493157
      ]
    ]
  },
  "cues": [
    [
      7,
      4
    ],
    [
      8,
      5
    ],
    [
      2,
      6
    ],
    [
      0,
      5
    ],
    [
      7,
      9
    ]
  ],
  "env": {
    "delay": 0,
    "grid_size": 10,
    "max_steps": 200,
    "noise": 0.0,
    "num_cues": 5,
    "reward_sparse_prob": 0.5
  },
  "seed": 12
}