{
  "agent": {
    "action_size": 4,
    "cue_exploration_bias": 0.3333333333333333,
    "cue_regularization": 0.01666666666666667,
    "epsilon": 0.05,
    "state_size": 11,
    "target_weights": [
      [
        0.08587510392097907,
        0.11232464991124926,
        -0.027247510100836436,
        -0.0006530147588839125,
        -3.0444718576925148e-05,
        -0.00013712900228793714,
        1.43e-322,
        -2.3103486776685704e-293,
        3.793238175086607e-244,
        -1.43e-322,
        1.43e-322,
        0.08974635561259366
      ],
      [
        0.15675132973488026,
        0.14228554669809265,
        -0.026688379604878645,
        -0.038536428180786425,
        -2.243918779278289e-05,
        -0.0001398645849833375,
        1.43e-322,
        -2.1720683295563072e-252,
        -2.730318038217437e-68,
        -2.584734020280061e-182,
        -9.461571025602685e-38,
        0.13797308827096091
      ],
      [
        0.05937797898577518,
        0.06808023806815483,
        -0.017712572326396364,
        -0.0062996169657240355,
        -5.618749623100262e-05,
        -0.00023235826915362284,
        1.43e-322,
        1.43e-322,
        1.43e-322,
        -1.43e-322,
        1.43e-322,
        0.06598323300936787
      ],
      [
        0.13975566997594527,
        0.222565272673565,
        -0.028917140400506657,
        -0.11423956318893023,
        0.0001807428348296974,
        -0.0003870128335225268,
        -8.12769470251888e-06,
        1.3680973943415166e-240,
        -1.1719062797960206e-232,
        -1.43e-322,
        1.0471695220447985e-229,
        0.1007672789067864
      ]
    ],
    "weights": [
      [
        0.08639920466164003,
        0.11293358630282212,
        -0.027117452860104023,
        -0.0006077931690634036,
        -7.588346993022522e-05,
        -0.00026029705682436703,
        1.43e-322,
        -1.0311315347461136e-293,
        1.6929598285058936e-244,
        -1.43e-322,
        1.43e-322,
        0.09040051359398704
      ],
      [
        0.15673380766921005,
        0.14225168319928877,
        -0.026711447307771773,
        -0.03854315445054586,
        -8.183402963997549e-06,
        -5.893521533468259e-05,
        1.43e-322,
        -9.694156435681157e-253,
        -1.2185680266812143e-68,
        -1.1535924352039325e-182,
        -4.222793012604575e-38,
        0.13793249850239755
      ],
      [
        0.05937797898577518,
        0.06808023806815483,
        -0.017712572326396364,
        -0.0062996169657240355,
        -2.507703697810694e-05,
        -0.00010370380064237913,
        1.43e-322,
        1.43e-322,
        1.43e-322,
        -1.43e-322,
        1.43e-322,
        0.06598323300936787
      ],
      [
        0.1421528658928734,
        0.22498942989556242,
        -0.028830647966972163,
        -0.11418003206046508,
        -6.503598662858248e-05,
        -0.0014247058501026108,
        -3.627470776841069e-06,
        6.105954393572694e-241,
        -5.230333986141412e-233,
        -1.43e-322,
        4.673621461739835e-230,
        0.10325096725724899
      ]
    ]
  },
  "cues": [
    [
      1,
      9
    ],
    [
      8,
      3
    ],
    [
      4,
      4
    ],
    [
      4,
      1
    ],
    [
      7,
      4
    ]
  ],
  "env": {
    "delay": 0,
    "grid_size": 10,
    "max_steps": 200,
    "noise": 0.2,
    "num_cues": 5,
    "reward_sparse_prob": 1.0
  },
  "seed": 14
}