{
  "agent": {
    "action_size": 4,
    "cue_exploration_bias": 0.3333333333333333,
    "cue_regularization": 0.01666666666666667,
    "epsilon": 0.05,
    "state_size": 11,
    "target_weights": [
      [
        0.042420442644162115,
        0.03802659813536135,
        -0.022044447857299306,
        -0.02252731561032987,
        2.7845161395642645e-08,
        -0.00022632910420616515,
        1.43e-322,
        -1.43e-322,
        7.349988423396715e-167,
        0.000384473170709021,
        3.005795286102407e-271,
        0.009677339601272882
      ],
      [
        0.10530811740541841,
        0.09189881346492426,
        -0.00761565832890743,
        -0.011291174578197179,
        3.190365652680926e-05,
        2.4958240780092256e-05,
        6.653518266151153e-31,
        -4.900145394729263e-07,
        -5.9444118402639636e-83,
        -7.23602667422954e-06,
        -5.277296717138981e-182,
        0.094022059753044
      ],
      [
        -0.005965155424738372,
        0.0022516316171855436,
        -0.05028338612428569,
        -0.025429866424807587,
        9.712518625932736e-08,
        -1.3164288022691105e-05,
        1.43e-322,
        -1.43e-322,
        9.539809633211134e-149,
        1.457166123070118e-34,
        1.904450901927874e-269,
        0.009104692932400755
      ],
      [
        0.08979059974820579,
        0.14062624864143058,
        -0.017016359141354874,
        -0.11969418667323696,
        4.4753606320543845e-05,
        0.000872729966220137,
        3.493029329276842e-250,
        3.5982976138965906e-17,
        6.782147979428424e-145,
        2.516317379910137e-10,
        1.2146377453089096e-289,
        0.0752935596836669
      ]
    ],
    "weights": [
      [
        0.044210295764261325,
        0.040454597269802224,
        -0.021230181675448618,
        -0.022351195442820836,
        -2.7695942034864884e-05,
        -0.0001786803578979318,
        1.43e-322,
        -1.43e-322,
        1.981319975328035e-169,
        1.0364157454705863e-06,
        8.102655268332118e-274,
        0.012281458903222789
      ],
      [
        0.10969967061336633,
        0.09567812502266163,
        -0.00749372163044002,
        -0.010556996229519161,
        -6.61134666164321e-07,
        -0.00017159274789570295,
        1.7935740694463527e-33,
        -3.967599708708828e-05,
        -1.602421832829026e-85,
        -8.372801564591747e-05,
        -1.4225890979796124e-184,
        0.09853554965945932
      ],
      [
        -0.004178260147015082,
        0.004424299973276979,
        -0.049385937179734836,
        -0.024918190558624872,
        2.6181819692462724e-10,
        -0.0005793530727309629,
        1.43e-322,
        -1.43e-322,
        2.5716251915364155e-151,
        7.285860533063733e-05,
        5.1337857921106595e-272,
        0.011789037154674904
      ],
      [
        0.09617628521690759,
        0.14821272036558433,
        -0.016845110926801774,
        -0.12072372471413576,
        0.0005744826555138474,
        -0.0025917853111308707,
        9.416081204253818e-253,
        9.699850569688052e-20,
        1.8282484941741105e-147,
        6.783180600952577e-13,
        3.274271861309648e-292,
        0.08185049336692175
      ]
    ]
  },
  "cues": [
    [
      2,
      4
    ],
    [
      1,
      5
    ],
    [
      9,
      2
    ],
    [
      0,
      6
    ],
    [
      6,
      1
    ]
  ],
  "env": {
    "delay": 6,
    "grid_size": 10,
    "max_steps": 200,
    "noise": 0.0,
    "num_cues": 5,
    "reward_sparse_prob": 1.0
  },
  "seed": 20
}