{
  "agent": {
    "action_size": 4,
    "cue_exploration_bias": 0.3333333333333333,
    "cue_regularization": 0.01666666666666667,
    "epsilon": 0.05,
    "state_size": 11,
    "target_weights": [
      [
        0.073241040248241,
        0.11459478942623014,
        0.05607099414676733,
        0.02064590944339932,
        -9.290640035809861e-06,
        -6.4460049664274495e-06,
        7.875036070655468e-20,
        2.482265983412052e-103,
        5.801404238546615e-05,
        6.643846802188431e-32,
        -3.6635181723631413e-277,
        0.10353116601548998
      ],
      [
        0.23445654645709801,
        0.18939009668707238,
        -0.026237190955506074,
        0.047391103812510854,
        -3.8866838341190945e-05,
        5.133446847954785e-05,
        3.324539659116091e-09,
        5.999047795241337e-06,
        -1.2651374096701834e-05,
        -9.517431644075276e-06,
        -4.2765915305744526e-107,
        0.23796307052885257
      ],
      [
        0.10236281419952666,
        0.14915495718566527,
        0.04784648780767931,
        0.017196544500969586,
        -4.279776907073202e-05,
        7.213481574519895e-08,
        2.8319705415776344e-97,
        2.1207561649432536e-90,
        1.942873039435742e-07,
        3.6880256824044984e-22,
        8.892709955868578e-126,
        0.16162312469300164
      ],
      [
        0.20829986237151693,
        0.26088175822750387,
        -0.0031320058169562086,
        -0.06661227791005854,
        0.00010907802102831692,
        -2.6116679155862366e-05,
        -6.729149964587513e-07,
        -5.497967837190177e-06,
        3.104463707905542e-05,
        -0.000113055797188873,
        -1.5348025646766888e-17,
        0.1966800211139366
      ]
    ],
    "weights": [
      [
        0.07402123877955805,
        0.11572774720484137,
        0.05664474394702912,
        0.020866899996366917,
        -8.634293059301512e-05,
        1.2229043332178578e-05,
        1.0657305954686812e-21,
        3.359256746100462e-105,
        7.851054824674875e-07,
        8.991134447095477e-34,
        -4.9578482794402584e-279,
        0.1048851143470688
      ],
      [
        0.23574513107570988,
        0.19009834015795993,
        -0.026396459982643464,
        0.047812175933097695,
        -5.51328483616042e-05,
        7.800589560638594e-05,
        4.4991078120536726e-11,
        8.11852634287109e-08,
        -3.5436817835535335e-05,
        -7.4657432548541395e-06,
        -5.787521984107036e-109,
        0.23909238612032704
      ],
      [
        0.10379555518643392,
        0.15068663375533856,
        0.04813971170423515,
        0.01739083281475943,
        -1.7441013080018373e-05,
        1.651887643400472e-05,
        3.832512796825953e-99,
        2.870024607164416e-92,
        2.6292949297761934e-09,
        0.00017478322067640453,
        1.203452656161521e-127,
        0.16334908957646477
      ],
      [
        0.2083255906591089,
        0.2614902823187173,
        -0.002187981852358813,
        -0.0662510497490827,
        -8.15387470285659e-05,
        -3.3330398844662376e-05,
        -2.7532421574180502e-06,
        -4.081013951548027e-05,
        1.4130741154446072e-05,
        -8.411342857388679e-05,
        -2.0770521385606917e-19,
        0.1976497733661261
      ]
    ]
  },
  "cues": [
    [
      0,
      8
    ],
    [
      1,
      8
    ],
    [
      3,
      6
    ],
    [
      5,
      8
    ],
    [
      4,
      9
    ]
  ],
  "env": {
    "delay": 6,
    "grid_size": 10,
    "max_steps": 200,
    "noise": 0.0,
    "num_cues": 5,
    "reward_sparse_prob": 1.0
  },
  "seed": 19
}