{
  "agent": {
    "action_size": 4,
    "cue_exploration_bias": 0.2333333333333333,
    "cue_regularization": 0.01916666666666667,
    "epsilon": 0.05,
    "state_size": 11,
    "target_weights": [
      [
        0.008007364614399848,
        0.0388524558679182,
        -0.01434944810282873,
        -0.03293270538108892,
        -2.2208264414066216e-06,
        1.3880416046083775e-07,
        1.3e-322,
        -1.38777025473221e-197,
        -1.3e-322,
        5.000077426180894e-05,
        1.5993309675568813e-23,
        -0.0042643911994665875
      ],
      [
        0.10521435317485126,
        0.0405578024986399,
        -0.06182545574083755,
        -0.026210176513876908,
        8.467427815083229e-06,
        6.628257997655517e-05,
        1.3e-322,
        5.237717821414864e-279,
        -1.3e-322,
        -7.722437317853482e-05,
        -2.0485670714185137e-05,
        0.023801115104542265
      ],
      [
        0.008078139547709001,
        0.01983629072010757,
        -0.02779845658668197,
        -0.015666524330064248,
        -4.3890568982419274e-05,
        -2.432078473937044e-05,
        -1.3e-322,
        -6.543440061620759e-285,
        -1.3e-322,
        3.1199484882764544e-11,
        2.4305246927423726e-12,
        -0.003169345805347214
      ],
      [
        0.07211456130253399,
        0.06502220890670357,
        -0.010920509112716144,
        -0.048078861719757886,
        2.9900526059653485e-05,
        1.3342512142530423e-05,
        -1.3e-322,
        -2.7521893142513375e-218,
        -3.1444058354526132e-291,
        -1.1292723666673386e-05,
        2.5375933015703897e-06,
        0.02772813187180181
      ]
    ],
    "weights": [
      [
        0.008007364614399848,
        0.0388524558679182,
        -0.01434944810282873,
        -0.03293270538108892,
        -2.2208264414066216e-06,
        1.3880416046083775e-07,
        1.3e-322,
        -1.38777025473221e-197,
        -1.3e-322,
        5.000077426180894e-05,
        1.5993309675568813e-23,
        -0.0042643911994665875
      ],
      [
        0.10521435317485126,
        0.0405578024986399,
        -0.06182545574083755,
        -0.026210176513876908,
        8.467427815083229e-06,
        6.628257997655517e-05,
        1.3e-322,
        5.237717821414864e-279,
        -1.3e-322,
        -7.722437317853482e-05,
        -2.0485670714185137e-05,
        0.023801115104542265
      ],
      [
        0.008078139547709001,
        0.01983629072010757,
        -0.02779845658668197,
        -0.015666524330064248,
        -4.3890568982419274e-05,
        -2.432078473937044e-05,
        -1.3e-322,
        -6.543440061620759e-285,
        -1.3e-322,
        3.1199484882764544e-11,
        2.4305246927423726e-12,
        -0.003169345805347214
      ],
      [
        0.07211456130253399,
        0.06502220890670357,
        -0.010920509112716144,
        -0.048078861719757886,
        2.9900526059653485e-05,
        1.3342512142530423e-05,
        -1.3e-322,
        -2.7521893142513375e-218,
        -3.1444058354526132e-291,
        -1.1292723666673386e-05,
        2.5375933015703897e-06,
        0.02772813187180181
      ]
    ]
  },
  "cues": [
    [
      2,
      9
    ],
    [
      1,
      4
    ],
    [
      1,
      7
    ],
    [
      7,
      7
    ],
    [
      6,
      3
    ]
  ],
  "env": {
    "delay": 0,
    "grid_size": 10,
    "max_steps": 200,
    "noise": 0.0,
    "num_cues": 5,
    "reward_sparse_prob": 0.3
  },
  "seed": 1
}