{
  "agent": {
    "action_size": 4,
    "cue_exploration_bias": 0.2333333333333333,
    "cue_regularization": 0.01916666666666667,
    "epsilon": 0.05,
    "state_size": 11,
    "target_weights": [
      [
        0.0044250611914283785,
        0.0015744633300230218,
        -0.03742874077849128,
        -0.055032640570931796,
        -5.017000390874513e-06,
        -9.39194702880187e-06,
        1.3094158145619993e-37,
        1.3926810412746595e-17,
        1.3e-322,
        1.2693724097331188e-35,
        1.47747989049574e-06,
        -0.03178328342354638
      ],
      [
        0.041711466771398635,
        0.057956822955867585,
        -0.060606435831313955,
        -0.014544332634477922,
        -3.029563299800497e-06,
        1.258635562699397e-05,
        -3.0405422067651976e-06,
        -2.0633003548331702e-07,
        1.7193389288360003e-15,
        8.282834559827551e-57,
        -0.00030165673618951075,
        -0.00623291806713525
      ],
      [
        -0.004712363181710404,
        0.025266613426801494,
        -0.03295514183207532,
        -0.036756057249475456,
        -1.0612820370866861e-05,
        -2.431615742810451e-08,
        6.563561104617131e-20,
        4.022940348306887e-06,
        5.817972810888342e-28,
        1.3e-322,
        0.00010847225730509544,
        -0.03203869407164678
      ],
      [
        0.024866977052855305,
        0.044459141243193896,
        -0.03981503822007111,
        -0.05946705937091576,
        -8.633316687159513e-05,
        4.32305549194284e-05,
        5.458111762330906e-06,
        -2.3846705409584537e-05,
        -2.507059897185319e-09,
        1.0794686101263763e-06,
        0.0011213767701523318,
        0.02101655691917323
      ]
    ],
    "weights": [
      [
        0.0044250611914283785,
        0.0015744633300230218,
        -0.03742874077849128,
        -0.055032640570931796,
        -1.0667471187771611e-06,
        -1.9969766099491443e-06,
        2.784164717240105e-38,
        2.961208635457891e-18,
        1.3e-322,
        2.6990218362370793e-36,
        3.1415134411875094e-07,
        -0.03178328342354638
      ],
      [
        0.04102180246394578,
        0.057235371527399874,
        -0.060667895496742834,
        -0.014574005178891927,
        3.498357593097375e-05,
        -7.697167673880898e-07,
        -3.4283589967646213e-06,
        -5.935531904905452e-06,
        3.6557697939854332e-16,
        1.7611499329510307e-57,
        -0.00031596702888004414,
        -0.006984042040016967
      ],
      [
        -0.004537737669713185,
        0.025463067127798365,
        -0.03293331364307567,
        -0.036756057249475456,
        -1.2923528090758151e-05,
        -5.1702588908192026e-09,
        1.3955868749788383e-20,
        8.553836338889984e-07,
        1.237055062707935e-28,
        1.3e-322,
        0.00011906672728286283,
        -0.03184224037064991
      ],
      [
        0.02487121601797751,
        0.04431815624713193,
        -0.03978505703735946,
        -0.059291854227019936,
        -4.6727789298481764e-07,
        1.4009143293982475e-05,
        1.1605390757036243e-06,
        1.835489831939216e-05,
        -5.330673138452817e-10,
        2.29523607723295e-07,
        0.0002384343921518262,
        0.021050777067007087
      ]
    ]
  },
  "cues": [
    [
      7,
      4
    ],
    [
      8,
      5
    ],
    [
      2,
      6
    ],
    [
      0,
      5
    ],
    [
      7,
      9
    ]
  ],
  "env": {
    "delay": 0,
    "grid_size": 10,
    "max_steps": 200,
    "noise": 0.0,
    "num_cues": 5,
    "reward_sparse_prob": 0.3
  },
  "seed": 12
}