{
  "agent": {
    "action_size": 4,
    "cue_exploration_bias": 0.05555555555555555,
    "cue_regularization": 0.02361111111111111,
    "epsilon": 0.05,
    "state_size": 11,
    "target_weights": [
      [
        0.14956906897403152,
        0.07673739645885462,
        0.038324542945298176,
        0.019262234892948434,
        -2.6673343333749902e-05,
        -0.00011311239844176856,
        1.3262821145748552e-21,
        6.703268080919339e-182,
        6.882597232599766e-201,
        1.402610559700912e-257,
        7.191212272929227e-29,
        0.13610425167379164
      ],
      [
        0.28125732100423395,
        0.18700802258735025,
        -0.06612723959553278,
        0.00038302808491758397,
        -0.00019632156994116006,
        -0.0012838098139150889,
        3.498061319221477e-05,
        -3.9137081344298893e-162,
        1.8480564363305448e-51,
        3.7011680343732252e-239,
        8.292358890532594e-06,
        0.214171774682153
      ],
      [
        0.1098236409785935,
        0.09639526175491936,
        0.02677131778609463,
        0.007461106446716845,
        -6.2499601109945935e-06,
        -2.479090343924376e-05,
        1.1964919659196304e-10,
        2.152300840505532e-186,
        4.399220071831534e-225,
        2.307722838451165e-215,
        1.681888850764996e-10,
        0.16422243248417523
      ],
      [
        0.1939643767705541,
        0.26825119635682426,
        0.009862153102648853,
        -0.011178365290464459,
        6.570206313138673e-05,
        -0.0004907146637473652,
        -5.945517440651633e-05,
        8.627734203861006e-173,
        -1.8601822424973034e-59,
        -3.09142750985107e-105,
        -1.862512142335823e-05,
        0.22521482632707984
      ]
    ],
    "weights": [
      [
        0.1515937954845813,
        0.07880317114412126,
        0.038685446626185845,
        0.01958209039911922,
        -4.1493729278846815e-05,
        -0.0003623777772536835,
        6.410299380422559e-05,
        2.1477014237814276e-183,
        2.205157797260784e-202,
        4.4939105220261003e-259,
        2.3040368743787987e-30,
        0.13848988186522906
      ],
      [
        0.283470538419245,
        0.18885025497576133,
        -0.06578758718226863,
        0.0010936655247817295,
        -0.00018571686147547068,
        -0.0010357589489209673,
        4.285902414236963e-05,
        -1.2539370992047847e-163,
        5.921102052942497e-53,
        1.1858400650429435e-240,
        2.86614461131331e-06,
        0.21672464451042836
      ],
      [
        0.11017130843136241,
        0.09669407069132019,
        0.026863376980638575,
        0.007602024157628888,
        -3.5597962947817816e-05,
        -7.813921928638035e-06,
        3.833514440610289e-12,
        6.895889473251867e-188,
        1.4094932647396993e-226,
        7.39385560297438e-217,
        5.3887074719749e-12,
        0.1646621591314881
      ],
      [
        0.19451419073881276,
        0.26909575856454127,
        0.009983787614811269,
        -0.011351479017760291,
        6.529687757221758e-05,
        -4.385649282730581e-05,
        -1.504017141874154e-05,
        2.764293000064333e-174,
        -5.959952671557881e-61,
        -9.904815359127964e-107,
        -5.601526716654906e-06,
        0.22588627480750106
      ]
    ]
  },
  "cues": [
    [
      3,
      0
    ],
    [
      8,
      0
    ],
    [
      2,
      3
    ],
    [
      2,
      5
    ],
    [
      3,
      1
    ]
  ],
  "env": {
    "delay": 1,
    "grid_size": 10,
    "max_steps": 200,
    "noise": 0.0,
    "num_cues": 5,
    "reward_sparse_prob": 1.0
  },
  "seed": 15
}