{
  "agent": {
    "action_size": 4,
    "cue_exploration_bias": 0.2333333333333333,
    "cue_regularization": 0.01916666666666667,
    "epsilon": 0.05,
    "state_size": 11,
    "target_weights": [
      [
        0.024619991257492483,
        0.03843973493210131,
        -0.006456677858568156,
        -0.043446173282370486,
        -9.299884099486234e-06,
        -1.8600453298885236e-05,
        2.7753766238355613e-11,
        2.26725753591977e-12,
        1.2804052031563698e-89,
        1.3e-322,
        1.1067266847435673e-49,
        -0.02564238159246402
      ],
      [
        0.06197898042215204,
        0.047549338449144246,
        -0.037360690139599424,
        -0.02804913664534101,
        -0.00015400203156552573,
        -0.00020967102587135078,
        -2.5677142039385243e-07,
        7.375320473828798e-06,
        -4.1046562249147507e-17,
        -1.0385706686437712e-08,
        7.50138988822014e-06,
        0.007275973617044978
      ],
      [
        0.00396886513263046,
        -0.005769698558322262,
        -0.020450452169904293,
        -0.034872994273875454,
        -1.4775396565608668e-06,
        -2.967587400089351e-06,
        4.200137150568101e-48,
        2.7533614339803744e-18,
        1.3e-322,
        -1.3e-322,
        3.3837133195140386e-18,
        -0.02745840467524936
      ],
      [
        0.029020968843116342,
        0.08374739159237334,
        -0.023566484730273146,
        -0.05063558192746922,
        -3.4622975191449734e-06,
        -0.00013085393197510403,
        2.7025957950271235e-05,
        5.918274457591598e-06,
        7.425373916609103e-36,
        1.3e-322,
        2.2037966784014902e-17,
        -8.146825632358078e-05
      ]
    ],
    "weights": [
      [
        0.024619991257492483,
        0.03843973493210131,
        -0.006456677858568156,
        -0.043446173282370486,
        -5.006387640325873e-06,
        -1.0013144089090542e-05,
        1.494062837577439e-11,
        1.220528125279701e-12,
        6.892779216512084e-90,
        1.3e-322,
        5.957819190483372e-50,
        -0.02564238159246402
      ],
      [
        0.06157690820525325,
        0.04717466139800304,
        -0.037367067290365895,
        -0.028082908961865043,
        -5.404853482083579e-05,
        -3.6732264390464444e-05,
        -7.504099347559873e-06,
        2.7341422402927953e-06,
        -2.209651214183961e-17,
        -5.590916299043341e-09,
        4.038207919572406e-06,
        0.006867524249379733
      ],
      [
        0.00396886513263046,
        -0.005769698558322262,
        -0.020450452169904293,
        -0.034872994273875454,
        -7.954009099001906e-07,
        -1.5975352727476332e-06,
        2.2610512661592554e-48,
        1.4822114453222897e-18,
        1.3e-322,
        -1.3e-322,
        1.8215474902700107e-18,
        -0.02745840467524936
      ],
      [
        0.028686090864181862,
        0.08336526181785336,
        -0.02361613192302542,
        -0.05063797732463602,
        -1.763803610762518e-06,
        2.6783817201311098e-05,
        1.4548828824402174e-05,
        -3.27786150179073e-06,
        3.997286396608277e-36,
        1.3e-322,
        1.1863653712791916e-17,
        -0.0004659934280103404
      ]
    ]
  },
  "cues": [
    [
      8,
      6
    ],
    [
      4,
      5
    ],
    [
      4,
      2
    ],
    [
      8,
      4
    ],
    [
      1,
      0
    ]
  ],
  "env": {
    "delay": 0,
    "grid_size": 10,
    "max_steps": 200,
    "noise": 0.0,
    "num_cues": 5,
    "reward_sparse_prob": 0.3
  },
  "seed": 17
}