{
  "agent": {
    "action_size": 4,
    "cue_exploration_bias": 0.10000000000000002,
    "cue_regularization": 0.022500000000000003,
    "epsilon": 0.05,
    "state_size": 11,
    "target_weights": [
      [
        0.07766711307477318,
        0.06251859709827083,
        0.005849442916842824,
        -0.0014401227455542401,
        -2.6274749182750552e-05,
        -0.00018103146686684337,
        6.606845034685706e-223,
        8.569149304632826e-208,
        2.3405121167631017e-229,
        2.1920804509269304e-06,
        1.3574491036211062e-217,
        0.09219113465721605
      ],
      [
        0.18935027568487556,
        0.132801755924797,
        -0.08130060269917344,
        0.014043554780623822,
        2.514613202384103e-05,
        0.00010243017447163902,
        4.840990507704164e-05,
        5.503243526978071e-210,
        -1.1e-322,
        6.931058179444789e-06,
        1.6979421885347173e-248,
        0.16610467675332688
      ],
      [
        0.09325479137835996,
        0.04919363083807428,
        0.011103451910401933,
        0.011515636894906568,
        -2.7438405629643553e-06,
        -9.968804818808914e-06,
        9.106262845317509e-22,
        7.982553660982505e-206,
        6.301682081128479e-228,
        2.3984422913845858e-29,
        3.9378108746061667e-224,
        0.06321882955829675
      ],
      [
        0.17161350549968324,
        0.19912606031175997,
        0.022838881248772182,
        -0.026920271926341232,
        -8.541548965899746e-06,
        -0.00013741505998154387,
        -1.4319401487763377e-05,
        -1.7333642480521508e-86,
        5.966551708736944e-236,
        1.2841356915513005e-05,
        -7.920457251519732e-217,
        0.11957544313518252
      ]
    ],
    "weights": [
      [
        0.07766711307477318,
        0.06251859709827083,
        0.005849442916842824,
        -0.0014401227455542401,
        -2.6274749182750552e-05,
        -0.00018103146686684337,
        6.606845034685706e-223,
        8.569149304632826e-208,
        2.3405121167631017e-229,
        2.1920804509269304e-06,
        1.3574491036211062e-217,
        0.09219113465721605
      ],
      [
        0.18935027568487556,
        0.132801755924797,
        -0.08130060269917344,
        0.014043554780623822,
        2.514613202384103e-05,
        0.00010243017447163902,
        4.840990507704164e-05,
        5.503243526978071e-210,
        -1.1e-322,
        6.931058179444789e-06,
        1.6979421885347173e-248,
        0.16610467675332688
      ],
      [
        0.09325479137835996,
        0.04919363083807428,
        0.011103451910401933,
        0.011515636894906568,
        -2.7438405629643553e-06,
        -9.968804818808914e-06,
        9.106262845317509e-22,
        7.982553660982505e-206,
        6.301682081128479e-228,
        2.3984422913845858e-29,
        3.9378108746061667e-224,
        0.06321882955829675
      ],
      [
        0.17161350549968324,
        0.19912606031175997,
        0.022838881248772182,
        -0.026920271926341232,
        -8.541548965899746e-06,
        -0.00013741505998154387,
        -1.4319401487763377e-05,
        -1.7333642480521508e-86,
        5.966551708736944e-236,
        1.2841356915513005e-05,
        -7.920457251519732e-217,
        0.11957544313518252
      ]
    ]
  },
  "cues": [
    [
      3,
      4
    ],
    [
      1,
      6
    ],
    [
      7,
      2
    ],
    [
      1,
      1
    ],
    [
      0,
      6
    ]
  ],
  "env": {
    "delay": 0,
    "grid_size": 10,
    "max_steps": 200,
    "noise": 0.0,
    "num_cues": 5,
    "reward_sparse_prob": 0.7
  },
  "seed": 4
}