{
  "agent": {
    "action_size": 4,
    "cue_exploration_bias": 0.05555555555555555,
    "cue_regularization": 0.02361111111111111,
    "epsilon": 0.05,
    "state_size": 11,
    "target_weights": [
      [
        0.10494963201557281,
        0.10309995104408744,
        0.006343586018976145,
        0.04649288765357599,
        2.380069933544129e-06,
        6.346078521059767e-06,
        2.797784353533209e-11,
        1.898059467957254e-07,
        3.8152901236614854e-24,
        3.312751299816e-311,
        1.9038671342889694e-08,
        0.12794158807850672
      ],
      [
        0.28718335473817497,
        0.20188392905154617,
        -0.040217582252358594,
        -0.00408021729548841,
        -1.2231671036990938e-05,
        -9.224168118909345e-05,
        -0.0004189870292574866,
        -4.468399468491156e-05,
        2.109470477400011e-05,
        4.0217297214951866e-228,
        -0.00014815497534734047,
        0.236018739848724
      ],
      [
        0.0618344192648288,
        0.08714883386323326,
        0.030822902015814654,
        0.019967226960981875,
        2.232884274752423e-06,
        2.214758435927591e-06,
        2.3481781451034257e-13,
        4.892929779691447e-19,
        1.1523179283652134e-07,
        4.0901930170441844e-232,
        2.785268054529539e-07,
        0.12928697881530893
      ],
      [
        0.21384489373989737,
        0.2532753010195462,
        0.023878307008602807,
        -0.058253410140650164,
        -2.2189443553795785e-05,
        4.0457038205410626e-05,
        0.00045104355301268755,
        -2.584443040922484e-05,
        1.2221690298439156e-05,
        -4.081965836583195e-111,
        -8.382044628981537e-05,
        0.24595003227191994
      ]
    ],
    "weights": [
      [
        0.10743143262797826,
        0.1054252905148219,
        0.006748023071304799,
        0.04705378584757564,
        1.2910719652771957e-05,
        3.821971937219881e-06,
        0.0001747221242730676,
        2.830920326477159e-09,
        5.690434122227461e-26,
        4.94090683117e-313,
        0.0004538377001846778,
        0.13082782574324084
      ],
      [
        0.2893451147304355,
        0.20355015646800262,
        -0.040314134822002565,
        -0.0036812372893286287,
        4.9108389526448773e-05,
        1.239148825834406e-05,
        -0.00039321338101865673,
        -1.4023361915745275e-05,
        2.970249034838832e-05,
        5.998334935433358e-230,
        -8.670212580865956e-05,
        0.23808394727134027
      ],
      [
        0.06263359643696165,
        0.08804790818188271,
        0.03092279916233126,
        0.019967226960981875,
        -1.7847900271296727e-05,
        3.303270935579234e-08,
        0.00016093082992095012,
        7.297713587583905e-21,
        1.718660716928918e-09,
        6.100446664944053e-234,
        4.154175400384634e-09,
        0.13018605313395837
      ],
      [
        0.2161248937872334,
        0.2558127596039076,
        0.024648623133788166,
        -0.05774055255249013,
        -8.093401950074277e-05,
        2.5829276210735405e-05,
        0.0007905704688057398,
        -3.5106716505801498e-06,
        -2.940314765390205e-06,
        -6.088175978598454e-113,
        -6.2642614999227125e-06,
        0.24900034844444133
      ]
    ]
  },
  "cues": [
    [
      7,
      9
    ],
    [
      5,
      4
    ],
    [
      2,
      2
    ],
    [
      0,
      5
    ],
    [
      8,
      7
    ]
  ],
  "env": {
    "delay": 1,
    "grid_size": 10,
    "max_steps": 200,
    "noise": 0.0,
    "num_cues": 5,
    "reward_sparse_prob": 1.0
  },
  "seed": 9
}