{
  "agent": {
    "action_size": 4,
    "cue_exploration_bias": 0.3333333333333333,
    "cue_regularization": 0.01666666666666667,
    "epsilon": 0.05,
    "state_size": 11,
    "target_weights": [
      [
        -0.056486134380838986,
        -0.07176653689506297,
        -0.050730755915344525,
        -0.06632074994170786,
        -2.7215519705070064e-06,
        3.188098680527058e-06,
        1.43e-322,
        1.43e-322,
        -3.6519857493544937e-06,
        1.43e-322,
        -1.3598750026678916e-05,
        -0.08901750949689326
      ],
      [
        -0.037340582454450995,
        -0.07432617214391005,
        -0.03280163636412958,
        -0.06835430885909871,
        9.893711860015699e-07,
        1.5077855405508806e-08,
        1.43e-322,
        -1.43e-322,
        -6.3489622805829705e-06,
        1.43e-322,
        4.432870058065854e-06,
        -0.10547503177148607
      ],
      [
        -0.04289922671403808,
        -0.06086367413389622,
        -0.037957950087984,
        -0.05491897924542687,
        -4.706239727693382e-06,
        3.8688834766834677e-07,
        -1.43e-322,
        -1.43e-322,
        2.0882719014686292e-42,
        -1.43e-322,
        -8.230677435916997e-07,
        -0.11366264993475089
      ],
      [
        -0.06719542020849333,
        -0.06516761844680997,
        -0.04340962977674564,
        -0.052128338110666105,
        -5.387179443323158e-06,
        -2.5176417128139654e-07,
        1.43e-322,
        -1.43e-322,
        2.4217190326305106e-35,
        1.43e-322,
        -8.71694038687602e-08,
        -0.10983065684563341
      ]
    ],
    "weights": [
      [
        -0.0565007298231578,
        -0.07182459686384524,
        -0.05069727954745808,
        -0.066243809047358,
        1.9594229591454923e-05,
        -8.693553161274638e-07,
        1.43e-322,
        1.43e-322,
        -1.957415042093497e-06,
        1.43e-322,
        0.00019943653087633692,
        -0.08899862857132558
      ],
      [
        -0.03736042380593839,
        -0.0743750531934042,
        -0.03282568296220679,
        -0.06834931575916918,
        6.610450954990755e-06,
        -1.3740853686837032e-06,
        1.43e-322,
        -1.43e-322,
        -4.7726265366043635e-06,
        1.43e-322,
        3.6260590502474075e-06,
        -0.10551891972105074
      ],
      [
        -0.04289271111687979,
        -0.0609032338749977,
        -0.03801058971669232,
        -0.05492554353587545,
        -4.548825021695317e-06,
        1.2568026973496191e-06,
        -1.43e-322,
        -1.43e-322,
        5.629307957989863e-45,
        -1.43e-322,
        6.575652798734016e-06,
        -0.11370877396630093
      ],
      [
        -0.06719580397190777,
        -0.06517030381464664,
        -0.04356224247723836,
        -0.052278649206736603,
        -4.210768325290482e-06,
        6.420317175340948e-07,
        1.43e-322,
        -1.43e-322,
        6.528173947470627e-38,
        1.43e-322,
        -1.4263962542427e-06,
        -0.10998365330954056
      ]
    ]
  },
  "cues": [
    [
      9,
      0
    ],
    [
      6,
      7
    ],
    [
      3,
      7
    ],
    [
      7,
      4
    ],
    [
      2,
      0
    ]
  ],
  "env": {
    "delay": 10,
    "grid_size": 10,
    "max_steps": 200,
    "noise": 0.0,
    "num_cues": 5,
    "reward_sparse_prob": 1.0
  },
  "seed": 10
}