{
  "agent": {
    "action_size": 4,
    "cue_exploration_bias": 0.10000000000000002,
    "cue_regularization": 0.022500000000000003,
    "epsilon": 0.05,
    "state_size": 11,
    "target_weights": [
      [
        0.04851482734162025,
        0.0753709991019191,
        -0.019833829158378957,
        0.006354040413544652,
        -1.422458511968962e-05,
        -0.0004247503023769198,
        -1.1e-322,
        2.5416704573495167e-181,
        5.4019085232235494e-05,
        2.633134972239783e-13,
        1.4910893582857047e-90,
        0.059799759975692264
      ],
      [
        0.17449741164092064,
        0.10896460348927321,
        -0.051498510656841814,
        -0.012279534117890891,
        5.6329543176295225e-05,
        0.00026766528839481063,
        2.4196641687214038e-138,
        -6.723610401058307e-06,
        4.604108902088817e-06,
        -9.410820258083835e-06,
        -5.395450206542686e-07,
        0.13090903912503815
      ],
      [
        0.049532715151907075,
        0.054526337763193336,
        -0.01731394080290861,
        -0.0021923489711427368,
        1.1624402666187724e-07,
        -0.00011086931081329434,
        2.1087816568053182e-154,
        1.0279506664803749e-82,
        3.949082683138176e-06,
        2.62424193180508e-174,
        4.712386806700369e-52,
        0.05653660069898753
      ],
      [
        0.13029127116532008,
        0.170110093666491,
        -0.0022945090397115974,
        -0.04462615163168433,
        3.0504760393343222e-05,
        7.037780488951002e-05,
        -1.6243954297228423e-99,
        1.4687260333895064e-71,
        -2.374859782060141e-05,
        8.368952067925489e-13,
        2.5884632681929344e-12,
        0.11792551145695719
      ]
    ],
    "weights": [
      [
        0.050740377639625814,
        0.07762288549866284,
        -0.01956749836551894,
        0.006594035107666487,
        -1.6071516523300086e-05,
        -0.00010194003319886754,
        -1.1e-322,
        1.214374501953329e-184,
        2.5809561398954245e-08,
        1.2580749645349717e-16,
        7.124215854184249e-94,
        0.06229164106655784
      ],
      [
        0.17879102636454955,
        0.11230604996222687,
        -0.05227770052787876,
        -0.012106555738252566,
        6.390947554649632e-06,
        0.00022762841567888068,
        1.1560816081757298e-141,
        -3.2124467625232318e-09,
        -2.829936912972979e-05,
        -2.221687680430945e-05,
        -3.113152519285553e-05,
        0.13442346397763014
      ],
      [
        0.05045282740255399,
        0.05536784556676235,
        -0.017055034996603095,
        -0.0018548387177593207,
        5.597323915737721e-06,
        -9.004172953357689e-05,
        1.007546303576175e-157,
        4.9114041319953674e-86,
        3.2754529810098786e-05,
        1.2538259945249097e-177,
        2.2515123330999397e-55,
        0.05771561875593996
      ],
      [
        0.13019083295714082,
        0.17032372814276484,
        -0.00193495536908699,
        -0.044580670645512854,
        3.9856889981632335e-05,
        0.0001752058177720716,
        -7.76113356962104e-103,
        7.017367023902907e-75,
        -1.467065500521566e-05,
        3.998567937857857e-16,
        1.2367314507854095e-15,
        0.11818462691940257
      ]
    ]
  },
  "cues": [
    [
      1,
      9
    ],
    [
      8,
      3
    ],
    [
      4,
      4
    ],
    [
      4,
      1
    ],
    [
      7,
      4
    ]
  ],
  "env": {
    "delay": 0,
    "grid_size": 10,
    "max_steps": 200,
    "noise": 0.0,
    "num_cues": 5,
    "reward_sparse_prob": 0.7
  },
  "seed": 14
}