{
  "agent": {
    "action_size": 4,
    "cue_exploration_bias": 0.16666666666666666,
    "cue_regularization": 0.020833333333333336,
    "epsilon": 0.05,
    "state_size": 11,
    "target_weights": [
      [
        0.13632523257835266,
        0.13410320946504747,
        0.02199080210533347,
        0.04018134597358157,
        2.033902497262378e-06,
        -5.378519605248476e-06,
        3.274905545868051e-91,
        1.4094010117692684e-96,
        1.046684e-316,
        9.894707171416129e-06,
        6.150407628614969e-10,
        0.11002267693555101
      ],
      [
        0.27709800581400185,
        0.21368532648588381,
        -0.04667134280727067,
        0.005202383332636948,
        0.00021227468921868634,
        -0.00025914359067278334,
        -1.732073133484392e-05,
        2.458223066047428e-06,
        -5.0665979955169e-309,
        -7.749288617976752e-06,
        2.5634160061039705e-05,
        0.20798291368958077
      ],
      [
        0.09795697524477724,
        0.07888534070698118,
        -0.009396497659507478,
        0.0324077325546423,
        -2.851865497122802e-09,
        -4.764626658902844e-09,
        2.6864868073954146e-215,
        4.665108254228167e-44,
        1.14e-322,
        8.436087057498624e-135,
        3.040400872055801e-07,
        0.12207666326018607
      ],
      [
        0.20191979990133604,
        0.28359515116185574,
        -0.005237148092550069,
        -0.026185367887202226,
        -0.0004109029445922338,
        -5.343047590917973e-05,
        1.249513802808045e-90,
        -1.368757281847568e-09,
        -3.3578422578e-313,
        3.451291230600463e-06,
        3.0126157909695627e-05,
        0.20914396431480176
      ]
    ],
    "weights": [
      [
        0.13697694580696426,
        0.13475492269365907,
        0.022264434858112823,
        0.040454978726360925,
        -6.888335050045331e-06,
        3.6787327045569966e-05,
        5.750027559298552e-93,
        2.4746040904909454e-98,
        1.837746e-318,
        1.7372970954419136e-07,
        1.0798788810894451e-11,
        0.11094802291694196
      ],
      [
        0.27694367077375326,
        0.2134271486979261,
        -0.046501713176546534,
        0.005475855711069914,
        0.00011850149097996362,
        3.910360011825365e-05,
        -3.0411467179020523e-07,
        4.316109328560654e-08,
        -8.895852933183e-311,
        2.5560612078657896e-06,
        3.901514360187809e-05,
        0.20799820828005602
      ],
      [
        0.09874441591484502,
        0.07966698305795351,
        -0.008769589763839012,
        0.033040438769406225,
        -2.6476457389772414e-05,
        4.159122012041631e-05,
        4.716891209184818e-217,
        8.1909235711447e-46,
        1.14e-322,
        1.4811948739853329e-136,
        5.338287947783337e-09,
        0.12349101182592231
      ],
      [
        0.20186666959552751,
        0.28356535074974976,
        -0.004613081644088995,
        -0.025584631332443996,
        -5.77102381967998e-05,
        4.574670698717986e-05,
        1.1948860317753621e-05,
        -2.9252981201879448e-05,
        -5.895646523e-315,
        6.059722765487558e-08,
        3.3030428587529365e-05,
        0.20971490045745422
      ]
    ]
  },
  "cues": [
    [
      9,
      4
    ],
    [
      5,
      8
    ],
    [
      0,
      7
    ],
    [
      3,
      0
    ],
    [
      2,
      1
    ]
  ],
  "env": {
    "delay": 0,
    "grid_size": 10,
    "max_steps": 200,
    "noise": 0.1,
    "num_cues": 5,
    "reward_sparse_prob": 1.0
  },
  "seed": 5
}