{
  "agent": {
    "action_size": 4,
    "cue_exploration_bias": 0.10000000000000002,
    "cue_regularization": 0.022500000000000003,
    "epsilon": 0.05,
    "state_size": 11,
    "target_weights": [
      [
        0.09133607647454321,
        0.06489660252903519,
        0.007010419634086516,
        -0.012062559438501251,
        5.189143208331667e-07,
        1.0377763720887924e-06,
        8.393774909290849e-256,
        1.232086319604937e-123,
        2.4672246674522955e-84,
        2.1373657611089814e-284,
        1.2730568395147866e-19,
        0.06574228144199423
      ],
      [
        0.20299623951932091,
        0.12645193478479513,
        -0.02528237362194112,
        -0.00019419260601533293,
        8.043673193212851e-05,
        -4.6631574578798665e-05,
        -1.5388241007022714e-265,
        4.783888167103319e-107,
        -4.459340650358864e-36,
        4.8847279924612626e-276,
        -1.1484769023605378e-05,
        0.12310686890074146
      ],
      [
        0.07431525269835802,
        0.05456722412411259,
        0.007912639422705063,
        -0.012389592908625046,
        -2.0451099455394694e-06,
        -1.0097141382753106e-06,
        1.0574659981685623e-260,
        8.138752043416984e-142,
        2.3118743499407695e-165,
        1.1642994706333719e-282,
        2.8671381540661962e-11,
        0.06492093561292285
      ],
      [
        0.1159101146622442,
        0.19903881494107614,
        -0.009586692108947614,
        -0.03285143572532559,
        4.997016307738886e-05,
        8.104842634440517e-05,
        1.5034002290475651e-249,
        -9.319612829866147e-07,
        4.6693636448209834e-20,
        -5.13559908411051e-289,
        -8.064102705077927e-06,
        0.1326160713961517
      ]
    ],
    "weights": [
      [
        0.09318151607746479,
        0.06676342523387692,
        0.007415188330384793,
        -0.011679173844123134,
        -2.9112484618013882e-05,
        2.9481234046572055e-05,
        1.3452267319432744e-259,
        1.9746007858271217e-127,
        3.9540928988851057e-88,
        3.4254451529329954e-288,
        2.1130314271928332e-05,
        0.06799248974121408
      ],
      [
        0.21113372892193966,
        0.1328767818481368,
        -0.026878264345027283,
        -7.744098982433528e-05,
        0.00015084436186961513,
        -0.0006854089914195381,
        -2.4661935045839328e-269,
        7.666889229887873e-111,
        -7.146753772327298e-40,
        7.828499983311645e-280,
        -7.154505595848143e-05,
        0.12964846758027398
      ],
      [
        0.0751106595951078,
        0.05530710586199374,
        0.008151341693747443,
        -0.012095365478714018,
        -1.1950981811190586e-06,
        -3.282105523931258e-06,
        1.6947458613440611e-264,
        1.3043555410741272e-145,
        3.705121009370807e-169,
        1.8659623218509004e-286,
        1.0844755498589543e-05,
        0.06595504478071502
      ],
      [
        0.12222564731955322,
        0.2065761122772972,
        -0.008873616284437974,
        -0.03336012457972804,
        -0.0005048558270868656,
        0.00023594345275363074,
        2.409421504364944e-253,
        -1.1392215216354203e-06,
        7.483346723087141e-24,
        -8.230558058975324e-293,
        -7.814990373158622e-05,
        0.1396446798779703
      ]
    ]
  },
  "cues": [
    [
      8,
      1
    ],
    [
      5,
      9
    ],
    [
      9,
      4
    ],
    [
      1,
      8
    ],
    [
      5,
      6
    ]
  ],
  "env": {
    "delay": 0,
    "grid_size": 10,
    "max_steps": 200,
    "noise": 0.0,
    "num_cues": 5,
    "reward_sparse_prob": 0.7
  },
  "seed": 29
}