{
  "agent": {
    "action_size": 4,
    "cue_exploration_bias": 0.08333333333333333,
    "cue_regularization": 0.02291666666666667,
    "epsilon": 0.05,
    "state_size": 11,
    "target_weights": [
      [
        0.06686203738648491,
        0.06465851240538042,
        -0.023651613691037885,
        -0.03313603989562735,
        -2.6670975695526218e-05,
        -0.0001099824941904413,
        -1.04e-322,
        3.1685196347025416e-09,
        1.6588620891085755e-119,
        0.00014019763498059618,
        7.032956815163e-312,
        0.044622869983646264
      ],
      [
        0.20650733427605356,
        0.1531551599243399,
        -0.05152577627029534,
        -0.00849791410198086,
        3.410517500639329e-06,
        4.2110711509648876e-05,
        -5.1848239502531685e-12,
        -6.507162052904002e-06,
        1.6572538313664847e-77,
        -5.262234000981204e-05,
        -9.473266837571309e-16,
        0.12902867594466977
      ],
      [
        0.06520031369674789,
        0.06809480547911441,
        -0.0401963862654563,
        -0.022236136341747283,
        -2.4718603415940888e-05,
        -0.00010300623440688321,
        4.3786121340472165e-307,
        1.0001182570972905e-179,
        4.148733171519022e-133,
        6.227067851209612e-15,
        1.04e-322,
        0.040453200704661844
      ],
      [
        0.15669450421573494,
        0.20529727466617945,
        -0.004032346540453376,
        -0.04198526048542207,
        3.949366036370412e-05,
        3.1922909616139244e-05,
        -1.079235332927675e-160,
        4.2290542530075215e-15,
        -1.2381429704114371e-113,
        6.53765493073379e-07,
        6.405407357329469e-27,
        0.12472817596324776
      ]
    ],
    "weights": [
      [
        0.06912760938864979,
        0.0669884120206454,
        -0.023449462831513748,
        -0.03299821664920332,
        -3.0148389635422522e-05,
        -9.032463491634908e-05,
        -1.04e-322,
        5.3557333023195655e-11,
        2.803966507667945e-121,
        2.369753794006428e-06,
        1.1887772642e-313,
        0.047090592845335275
      ],
      [
        0.20817973907947368,
        0.15443397574283063,
        -0.05112303705910006,
        -0.007701585905856361,
        -0.0001853430814638409,
        -0.00040814081680020113,
        -8.763882663975301e-14,
        -1.0999024316792615e-07,
        2.80124807744151e-79,
        -6.173130932526044e-05,
        2.2454403296474578e-08,
        0.131103819959285
      ],
      [
        0.06652329570919821,
        0.06950312468572138,
        -0.03981839140475621,
        -0.021943478675203847,
        -4.1781734931244365e-07,
        -6.312795114699724e-05,
        7.401146758700374e-309,
        1.6904950176509197e-181,
        7.012583468250543e-135,
        0.00011285808675352138,
        1.04e-322,
        0.042154177577812244
      ],
      [
        0.15684882496569288,
        0.20557328088814072,
        -0.003910486243456346,
        -0.041985085660428495,
        -1.387534303209161e-05,
        -4.810819200747774e-05,
        -1.8242262254888384e-162,
        7.148349800986769e-17,
        -2.092827030970232e-115,
        3.0144395023116656e-05,
        1.0827028850585865e-28,
        0.12500435701020265
      ]
    ]
  },
  "cues": [
    [
      9,
      1
    ],
    [
      7,
      4
    ],
    [
      2,
      9
    ],
    [
      7,
      5
    ],
    [
      5,
      0
    ]
  ],
  "env": {
    "delay": 0,
    "grid_size": 10,
    "max_steps": 200,
    "noise": 0.05,
    "num_cues": 5,
    "reward_sparse_prob": 1.0
  },
  "seed": 6
}