{
  "agent": {
    "action_size": 4,
    "cue_exploration_bias": 0.3333333333333333,
    "cue_regularization": 0.01666666666666667,
    "epsilon": 0.05,
    "state_size": 11,
    "target_weights": [
      [
        0.07383200723176299,
        0.08316416930322842,
        -0.003048687523106802,
        0.020032918620558293,
        3.861923073620729e-05,
        -9.889612821774981e-06,
        3.2119124173287027e-223,
        2.2854146296504236e-172,
        8.61487594749037e-40,
        6.541476503863777e-39,
        6.8583727396673e-225,
        0.09252394254160488
      ],
      [
        0.2631334301885287,
        0.2087417760981935,
        -0.05056015741946634,
        -0.04708210087487333,
        -7.989792153391576e-05,
        6.875752531556581e-06,
        -4.150665493677681e-59,
        -4.206444269946336e-12,
        -1.4712400917782837e-07,
        0.0002581916474762524,
        -2.6722586495340026e-228,
        0.18950747223582837
      ],
      [
        0.11696817296274363,
        0.10278883984153489,
        0.0013960612635961287,
        -0.024206648996761535,
        6.417282189720848e-06,
        -1.2949378378106509e-05,
        8.145757553931978e-81,
        9.40492473420579e-258,
        2.601047131342409e-22,
        4.092725846169459e-07,
        3.3072246516704173e-265,
        0.13449174373893127
      ],
      [
        0.2229496637445868,
        0.2381148850864757,
        -0.01946355509037413,
        -0.07665243260674544,
        2.326818583595126e-05,
        -9.213783329880495e-05,
        -7.106525935473374e-58,
        2.0526292794626903e-110,
        -9.837387065976673e-06,
        0.0007333973605943612,
        -2.209149713713279e-217,
        0.20770042386621024
      ]
    ],
    "weights": [
      [
        0.07383200723176299,
        0.08316416930322842,
        -0.003048687523106802,
        0.020032918620558293,
        2.25542286552915e-05,
        -5.775686999521031e-06,
        1.8758065787489572e-223,
        1.3347175266481282e-172,
        5.031220929382779e-40,
        3.8203235538049386e-39,
        4.0053958617215463e-225,
        0.09252394254160488
      ],
      [
        0.26319388472909255,
        0.20879712118728494,
        -0.050474848200940226,
        -0.04699168220487488,
        -1.590852141379639e-05,
        4.3277062137741735e-05,
        -2.424052909170621e-59,
        -2.45662857808202e-12,
        -3.973299607578648e-06,
        0.000180994128000884,
        -1.560640423403457e-228,
        0.1896532359949183
      ],
      [
        0.11696817296274363,
        0.10278883984153489,
        0.0013598938573288752,
        -0.024242816403028788,
        -1.8093702325139744e-05,
        -1.3023011075075687e-05,
        4.757248524624358e-81,
        5.492621652409328e-258,
        1.5190517942783858e-22,
        2.390215258000572e-07,
        1.9314703992344936e-265,
        0.13445557633266403
      ],
      [
        0.22433138918806397,
        0.23942249794630638,
        -0.019488999311999666,
        -0.07660376424472444,
        -0.00024264168700637384,
        4.954140052346133e-05,
        -4.150321169995595e-58,
        1.198767278141136e-110,
        -0.00013123880054895592,
        0.0010850931050828776,
        -1.2901776350026362e-217,
        0.2090567050880619
      ]
    ]
  },
  "cues": [
    [
      3,
      9
    ],
    [
      8,
      2
    ],
    [
      5,
      9
    ],
    [
      7,
      9
    ],
    [
      1,
      9
    ]
  ],
  "env": {
    "delay": 0,
    "grid_size": 10,
    "max_steps": 200,
    "noise": 0.3,
    "num_cues": 5,
    "reward_sparse_prob": 1.0
  },
  "seed": 3
}