{
  "agent": {
    "action_size": 4,
    "cue_exploration_bias": 0.3333333333333333,
    "cue_regularization": 0.01666666666666667,
    "epsilon": 0.05,
    "state_size": 11,
    "target_weights": [
      [
        -0.051651188820189556,
        -0.06069983887971739,
        -0.05288400778462316,
        -0.06428985537894155,
        -1.5237073777629678e-06,
        9.367691649635219e-07,
        1.1479725650314294e-43,
        -1.43e-322,
        5.1358292762506375e-05,
        1.43e-322,
        -1.43e-322,
        -0.10331480044129522
      ],
      [
        -0.06894263508599174,
        -0.03760375393169798,
        -0.06217573371994016,
        -0.031207155492927394,
        -7.689423563159047e-07,
        4.364585892553651e-06,
        8.016023789569663e-28,
        1.43e-322,
        -5.898400843324448e-06,
        -1.43e-322,
        1.43e-322,
        -0.1184563178131507
      ],
      [
        -0.05681074209913316,
        -0.04381661696764443,
        -0.061309661796492436,
        -0.04812572573687083,
        -2.8044887111182024e-07,
        3.0824141050651226e-06,
        -5.3977416249909746e-06,
        -6.307357653995234e-276,
        -1.0045159853834866e-08,
        1.43e-322,
        1.43e-322,
        -0.11249159295349022
      ],
      [
        -0.08895926837366568,
        -0.08896639296204079,
        -0.04100276704106023,
        -0.04105549941319078,
        3.5018435693470455e-06,
        6.2350795794968445e-06,
        5.42163935040646e-56,
        1.43e-322,
        -1.335892455353243e-07,
        -1.0529151654697682e-25,
        1.43e-322,
        -0.09399741732833772
      ]
    ],
    "weights": [
      [
        -0.051650842848427636,
        -0.060654909822397324,
        -0.05283276484684711,
        -0.06428319552672365,
        2.378466145991916e-05,
        -4.341451668414494e-05,
        3.094564022692979e-46,
        -1.43e-322,
        -6.953471199624041e-06,
        1.43e-322,
        -1.43e-322,
        -0.1032632115317573
      ],
      [
        -0.06895533172462506,
        -0.03753177056686683,
        -0.061995038684910506,
        -0.031111140461362177,
        -1.2778970030908156e-06,
        6.561092968669871e-06,
        2.1608616425057276e-30,
        1.43e-322,
        -3.603990600183706e-06,
        -1.43e-322,
        1.43e-322,
        -0.11828831941675441
      ],
      [
        -0.05696911722793689,
        -0.04388476266609085,
        -0.06135692705934694,
        -0.048263220430082646,
        3.528263111994469e-06,
        -6.270134968524299e-06,
        -1.4550571629760231e-08,
        -1.700260325801114e-278,
        -1.6705303097446335e-06,
        1.43e-322,
        1.43e-322,
        -0.11269723334514843
      ],
      [
        -0.08889954538539063,
        -0.0889675386678256,
        -0.04094385590812752,
        -0.04093571958619817,
        5.039538525754804e-07,
        8.865871223892416e-06,
        1.4614992194804723e-58,
        1.43e-322,
        5.872427724861583e-06,
        -2.838319912219641e-28,
        1.43e-322,
        -0.09387878320712996
      ]
    ]
  },
  "cues": [
    [
      7,
      4
    ],
    [
      8,
      5
    ],
    [
      2,
      6
    ],
    [
      0,
      5
    ],
    [
      7,
      9
    ]
  ],
  "env": {
    "delay": 10,
    "grid_size": 10,
    "max_steps": 200,
    "noise": 0.0,
    "num_cues": 5,
    "reward_sparse_prob": 1.0
  },
  "seed": 12
}