{
  "agent": {
    "action_size": 4,
    "cue_exploration_bias": 0.05555555555555555,
    "cue_regularization": 0.02361111111111111,
    "epsilon": 0.05,
    "state_size": 11,
    "target_weights": [
      [
        0.09877514739289468,
        0.0862278101875541,
        0.020436704875719233,
        0.010545960442160354,
        -3.901733555296974e-05,
        -0.00018937483498268604,
        9.198212571263339e-12,
        3.2317289255082784e-249,
        4.911702234859315e-260,
        1.3041157773077154e-09,
        2.883211091821416e-306,
        0.1278864309342138
      ],
      [
        0.2649428918292533,
        0.19741462152590913,
        -0.08687760050576056,
        0.01944630751730059,
        -0.00024174452636153778,
        -0.000803786867061456,
        2.8993449597014795e-05,
        7.747848044482604e-293,
        -1.0095772745221068e-09,
        3.897105245424152e-05,
        1.0549013999471115e-286,
        0.2361202950911162
      ],
      [
        0.10854087252157744,
        0.060886857150094446,
        0.014330128509894168,
        0.01833516832559626,
        -1.7729217031826595e-06,
        -8.335083971746085e-06,
        1.049040019639103e-42,
        2.604867997165555e-261,
        1.07779638745674e-255,
        3.87150880991738e-23,
        5.9914804288007336e-279,
        0.08173158730100646
      ],
      [
        0.22523619984993942,
        0.27157898899889793,
        0.041403245435612794,
        -0.02718614207638112,
        -6.923183785024372e-05,
        -0.0006644774811541436,
        -2.0396699776177165e-05,
        -1.646172098494881e-308,
        2.5049724334331213e-77,
        -1.917029014855238e-05,
        -2.2721634116193033e-274,
        0.19176250167227973
      ]
    ],
    "weights": [
      [
        0.09884140489732827,
        0.0862278101875541,
        0.020569219884586414,
        0.010744732955461123,
        -5.539831116603114e-06,
        6.442877133190586e-07,
        9.36023022750992e-14,
        3.288652718264593e-251,
        4.9982171395875575e-262,
        1.3270865208164782e-11,
        2.933996078572039e-308,
        0.1280852034475146
      ],
      [
        0.26457358330787556,
        0.19682426309337028,
        -0.08701419332140634,
        0.019530764612816026,
        -9.999574150750495e-05,
        -0.00012259342533525028,
        2.950414128997339e-07,
        7.884318926341041e-295,
        -1.027360005955048e-11,
        3.9657490012754167e-07,
        1.0734824722007175e-288,
        0.23561439375409265
      ],
      [
        0.10882974559344694,
        0.06111795560759004,
        0.014561226967389766,
        0.01862404139746576,
        -5.7097605312768265e-06,
        -8.48189844893478e-08,
        1.0675178493232938e-44,
        2.650750238357824e-263,
        1.0967807328666642e-257,
        3.939701709207449e-25,
        6.097014586551576e-281,
        0.08225155883037157
      ],
      [
        0.22753865228286266,
        0.27415135361267456,
        0.04213845737230114,
        -0.02672084232054641,
        6.13607785120995e-06,
        -8.519899882314247e-05,
        -1.1626798176831279e-05,
        -1.6751678346894e-310,
        2.5490951104731193e-79,
        -5.961572068709833e-06,
        -2.312185381943176e-276,
        0.19480016604189124
      ]
    ]
  },
  "cues": [
    [
      3,
      4
    ],
    [
      1,
      6
    ],
    [
      7,
      2
    ],
    [
      1,
      1
    ],
    [
      0,
      6
    ]
  ],
  "env": {
    "delay": 1,
    "grid_size": 10,
    "max_steps": 200,
    "noise": 0.0,
    "num_cues": 5,
    "reward_sparse_prob": 1.0
  },
  "seed": 4
}