{
  "agent": {
    "action_size": 4,
    "cue_exploration_bias": 0.3333333333333333,
    "cue_regularization": 0.01666666666666667,
    "epsilon": 0.05,
    "state_size": 11,
    "target_weights": [
      [
        -0.05704360188848349,
        -0.06655999003683574,
        -0.05062213015360355,
        -0.0635438236441498,
        -5.219117242964501e-06,
        -5.223016297769509e-06,
        -1.43e-322,
        -1.43e-322,
        1.43e-322,
        -5.670997778467892e-06,
        -1.43e-322,
        -0.09899115337648459
      ],
      [
        -0.07844040194237886,
        -0.06708203154663539,
        -0.07347083283579811,
        -0.04603356551182568,
        -6.194836566487754e-07,
        -6.206051099805251e-07,
        -1.43e-322,
        1.43e-322,
        -1.43e-322,
        7.751117083227638e-09,
        1.43e-322,
        -0.09385623101055224
      ],
      [
        -0.03855095357264602,
        -0.0632086156517379,
        -0.03811670866229921,
        -0.05710802213898768,
        2.6187745432487975e-05,
        2.572173098428163e-05,
        -1.43e-322,
        1.43e-322,
        -1.43e-322,
        -1.044793540859012e-05,
        -1.43e-322,
        -0.11780707596540961
      ],
      [
        -0.039058711938065434,
        -0.04870672041465916,
        -0.028960986772951898,
        -0.04155957665939483,
        -2.9101305961258135e-06,
        -2.049736846644595e-06,
        1.43e-322,
        1.43e-322,
        -1.43e-322,
        -7.986847155807026e-06,
        -1.43e-322,
        -0.1428966423242904
      ]
    ],
    "weights": [
      [
        -0.057044526607972115,
        -0.06656280369975799,
        -0.050703033701243114,
        -0.06362283824835568,
        -1.1463013022105006e-06,
        -7.222534082587234e-07,
        -1.43e-322,
        -1.43e-322,
        1.43e-322,
        -4.794790030914022e-06,
        -1.43e-322,
        -0.09907298164361274
      ],
      [
        -0.0784407485601227,
        -0.06708187126347455,
        -0.07353239166423131,
        -0.04609563124116357,
        -9.057171054301928e-07,
        -9.356876540818054e-07,
        -1.43e-322,
        1.43e-322,
        -1.43e-322,
        2.160948044143734e-07,
        1.43e-322,
        -0.09391813645672929
      ],
      [
        -0.038530764437714,
        -0.06321663407534836,
        -0.038125285426103696,
        -0.0570883913442497,
        -4.258899902678527e-06,
        1.9619472174281018e-05,
        -1.43e-322,
        1.43e-322,
        -1.43e-322,
        0.00019705519438052162,
        -1.43e-322,
        -0.11779546359428202
      ],
      [
        -0.03905871700794904,
        -0.04870917224855383,
        -0.029004122646416018,
        -0.0416002657688479,
        -2.1023324269861084e-06,
        -1.8211365905537622e-06,
        1.43e-322,
        1.43e-322,
        -1.43e-322,
        -2.5318326000072037e-06,
        -1.43e-322,
        -0.1429397832676382
      ]
    ]
  },
  "cues": [
    [
      3,
      4
    ],
    [
      1,
      6
    ],
    [
      7,
      2
    ],
    [
      1,
      1
    ],
    [
      0,
      6
    ]
  ],
  "env": {
    "delay": 10,
    "grid_size": 10,
    "max_steps": 200,
    "noise": 0.0,
    "num_cues": 5,
    "reward_sparse_prob": 1.0
  },
  "seed": 4
}