{
  "agent": {
    "action_size": 4,
    "cue_exploration_bias": 0.10000000000000002,
    "cue_regularization": 0.022500000000000003,
    "epsilon": 0.05,
    "state_size": 11,
    "target_weights": [
      [
        0.02664016280369526,
        0.002468286701356814,
        -0.040068045999923016,
        -0.04676656643817046,
        -1.1473514447987245e-05,
        -1.137063746651091e-05,
        5.774186810755592e-264,
        3.197681569894812e-26,
        1.1e-322,
        4.168254645193522e-108,
        1.3033998602453063e-06,
        0.004771497603063445
      ],
      [
        0.1543962012626858,
        0.08656471110702384,
        -0.03294081321419324,
        -0.03764758524295868,
        -0.0007050711439326644,
        -0.00015957565101981113,
        -2.0714833421841417e-95,
        1.980757971500836e-05,
        9.143422145721006e-45,
        -9.923246983794162e-07,
        -2.7560388587801677e-05,
        0.08612257509558775
      ],
      [
        0.057306279073932036,
        0.03472727565474105,
        -0.03005462445876305,
        -0.04240109761687374,
        -6.743134310629355e-07,
        5.291407588955754e-07,
        6.0512261024296845e-289,
        2.4986439607061386e-41,
        1.1e-322,
        1.21112e-318,
        7.989258483340203e-43,
        -0.005553818517560079
      ],
      [
        0.09351875732613353,
        0.13275312793980865,
        -0.01299670544544267,
        -0.0589219826313556,
        7.617953833084686e-05,
        1.6620304713853166e-05,
        4.094782555980142e-87,
        -1.8214272875214824e-06,
        -1.8734911157597602e-57,
        5.196864707061677e-06,
        3.6580683851235915e-07,
        0.08129644502029401
      ]
    ],
    "weights": [
      [
        0.027823239789117257,
        0.0033319134411753442,
        -0.03985098218011128,
        -0.04623005237275526,
        -6.943393661402843e-05,
        -2.4712110316917612e-05,
        9.253989458860715e-268,
        5.1247582578173616e-30,
        1.1e-322,
        6.680245342360262e-112,
        2.0888912954675007e-10,
        0.006171638408297175
      ],
      [
        0.15401713835252828,
        0.0855346942610525,
        -0.03331218588339551,
        -0.03736800397634715,
        -0.00014886504289068214,
        -1.5977124083916346e-05,
        -3.3198588201321427e-99,
        -4.4337714447128083e-07,
        1.4653688030461156e-48,
        -8.516834072333634e-07,
        3.351566058361227e-06,
        0.08537213951622795
      ],
      [
        0.058732317645748836,
        0.03594291591135983,
        -0.03005462445876305,
        -0.04219069930167572,
        -0.0001857050448566192,
        -3.8477138175614794e-05,
        9.697985950291671e-293,
        4.0044469691819563e-45,
        1.1e-322,
        2.08e-322,
        1.2803969842338576e-46,
        -0.004127779945743273
      ],
      [
        0.09891239732552498,
        0.13776031274768907,
        -0.011380926576134409,
        -0.0569197485705365,
        -0.0003351802364999544,
        -0.0003444272799858859,
        6.562495438973935e-91,
        2.6883625246936513e-06,
        -3.0025469567794088e-61,
        6.293899237790834e-05,
        1.7175912459886946e-05,
        0.08830586388899375
      ]
    ]
  },
  "cues": [
    [
      9,
      0
    ],
    [
      6,
      7
    ],
    [
      3,
      7
    ],
    [
      7,
      4
    ],
    [
      2,
      0
    ]
  ],
  "env": {
    "delay": 0,
    "grid_size": 10,
    "max_steps": 200,
    "noise": 0.0,
    "num_cues": 5,
    "reward_sparse_prob": 0.7
  },
  "seed": 10
}