{
  "agent": {
    "action_size": 4,
    "cue_exploration_bias": 0.08333333333333333,
    "cue_regularization": 0.02291666666666667,
    "epsilon": 0.05,
    "state_size": 11,
    "target_weights": [
      [
        0.10011624421008665,
        0.09217485818528384,
        -0.0030875432180060077,
        0.013779713878725413,
        -0.00012716914030705824,
        -2.9052172352576707e-09,
        4.9657986270739255e-78,
        4.996442288613751e-238,
        5.886977544500494e-208,
        1.04e-322,
        -1.04e-322,
        0.08883720795286626
      ],
      [
        0.26481618276990593,
        0.2137722219440455,
        -0.0289488516966973,
        0.006114531870031659,
        -0.00010420246935398207,
        4.095142883594036e-06,
        2.8228595612705722e-06,
        -5.447542132575784e-12,
        -2.5576384450961813e-13,
        3.872822012176289e-192,
        -1.94451018278822e-05,
        0.19168149557596484
      ],
      [
        0.07254304925093573,
        0.06745651558248948,
        -0.015079771479254414,
        0.026909452679433607,
        -8.375611464596305e-05,
        -0.0001347116427398364,
        3.35306895621363e-48,
        2.1026783254357803e-18,
        9.892174378935775e-242,
        1.04e-322,
        0.0002544611370498142,
        0.10846327821737949
      ],
      [
        0.19740946312865265,
        0.2556135905562275,
        0.012574148350553642,
        -0.06646494991520854,
        0.00023912237725379288,
        4.4259573167609245e-05,
        -4.032231465277012e-05,
        8.077138784688412e-09,
        6.317124108616366e-11,
        1.1230198169543082e-180,
        7.533031492011093e-08,
        0.2079676316756667
      ]
    ],
    "weights": [
      [
        0.1003190175391668,
        0.09239905253942873,
        -0.0026894846374689147,
        0.01415635143419778,
        1.4316369208780395e-05,
        6.029752001627069e-07,
        1.9035942555185092e-80,
        1.91534122764848e-240,
        2.2567199110691576e-210,
        1.04e-322,
        -1.04e-322,
        0.0894380398624835
      ],
      [
        0.26569182857643586,
        0.21432636746780923,
        -0.028903119396455075,
        0.006481764453040204,
        -0.00029777579744044995,
        -5.9760107619004546e-05,
        8.191879270668763e-06,
        -2.088266296931327e-14,
        -1.7386478657479028e-07,
        1.4846114972987766e-194,
        -5.21280074193711e-06,
        0.1926028736827371
      ],
      [
        0.07293779841661926,
        0.06785126474817302,
        -0.014882396896412645,
        0.02710682726227538,
        -8.30002728013279e-06,
        7.4625507749272816e-06,
        1.2853688364658478e-50,
        8.060428305892418e-21,
        3.7920761062809036e-244,
        1.04e-322,
        9.754538899338345e-07,
        0.1090554019659048
      ],
      [
        0.20104446734856282,
        0.25988285883122586,
        0.013488796854057739,
        -0.06618456546679262,
        -0.00037282544675094675,
        -0.00032503906005815767,
        -1.9009051854865813e-05,
        3.096298530457859e-11,
        2.4216127289167654e-13,
        4.304995496056483e-183,
        2.5767823552136716e-05,
        0.21251728439908082
      ]
    ]
  },
  "cues": [
    [
      5,
      7
    ],
    [
      7,
      4
    ],
    [
      6,
      3
    ],
    [
      7,
      0
    ],
    [
      6,
      4
    ]
  ],
  "env": {
    "delay": 0,
    "grid_size": 10,
    "max_steps": 200,
    "noise": 0.05,
    "num_cues": 5,
    "reward_sparse_prob": 1.0
  },
  "seed": 16
}