{
  "agent": {
    "action_size": 4,
    "cue_exploration_bias": 0.08333333333333333,
    "cue_regularization": 0.02291666666666667,
    "epsilon": 0.05,
    "state_size": 11,
    "target_weights": [
      [
        0.11509122430515845,
        0.14789885839162006,
        0.04167176070197155,
        0.021125960590768277,
        -6.0032411132148105e-05,
        0.0001182808641224067,
        1.04e-322,
        5.280453985712327e-131,
        -1.04e-322,
        1.7869350614366548e-07,
        1.6196472116774374e-05,
        0.15884067729609222
      ],
      [
        0.3215608821232109,
        0.21616749421324008,
        -0.059289604168693597,
        0.01706251229202613,
        -0.00017860113492400368,
        -2.8920269567615592e-05,
        1.04e-322,
        2.821084791027697e-114,
        -1.04e-322,
        -0.00016332989245822782,
        -3.9169151999808164e-05,
        0.2426834956250448
      ],
      [
        0.12942681481494164,
        0.12535467814030216,
        0.013649606830301192,
        0.041611826933956944,
        2.5314376279837125e-05,
        -5.007434789082991e-07,
        -1.04e-322,
        1.4094797112447515e-131,
        -1.04e-322,
        1.9760147081653213e-05,
        0.00022171473485645908,
        0.1596273928788686
      ],
      [
        0.253255492015177,
        0.273731102552188,
        0.028907244931824463,
        -0.03581907060805866,
        -0.00013796341799035458,
        -0.00022342999465443282,
        -1.04e-322,
        -7.825283589585627e-80,
        1.04e-322,
        -0.0001527471394142472,
        1.2115929896952315e-07,
        0.24869681662898535
      ]
    ],
    "weights": [
      [
        0.11541062024039737,
        0.14807989128223847,
        0.041903228568558014,
        0.021495791501975274,
        -1.8148854050610504e-06,
        1.8529386084742567e-06,
        1.04e-322,
        4.250550429508447e-133,
        -1.04e-322,
        1.4384099574477522e-09,
        1.59926235906347e-05,
        0.15939154109791762
      ],
      [
        0.323874401636509,
        0.21792820840353727,
        -0.05947341019940217,
        0.01743151158431853,
        -0.00012667660415852024,
        -2.9209161581241655e-06,
        1.04e-322,
        2.270858377447814e-116,
        -1.04e-322,
        -9.970518251168096e-05,
        -3.59713532509211e-05,
        0.24481320910763446
      ],
      [
        0.1307374486592062,
        0.12666937977301837,
        0.013728856473849986,
        0.04168700878905408,
        -3.197380923130981e-05,
        -1.985031007671531e-05,
        -1.04e-322,
        1.1345737711615778e-133,
        -1.04e-322,
        1.5906113734222968e-07,
        1.7847133296160032e-06,
        0.16101727636668195
      ],
      [
        0.2554487470279909,
        0.2762636790115452,
        0.029299276991923844,
        -0.03576635999450239,
        -7.483481743582837e-05,
        -0.00016289802821229632,
        -1.04e-322,
        -6.299034630874005e-82,
        1.04e-322,
        -4.9498682707243e-05,
        9.752830185951853e-10,
        0.2512821037018991
      ]
    ]
  },
  "cues": [
    [
      2,
      9
    ],
    [
      1,
      4
    ],
    [
      1,
      7
    ],
    [
      7,
      7
    ],
    [
      6,
      3
    ]
  ],
  "env": {
    "delay": 0,
    "grid_size": 10,
    "max_steps": 200,
    "noise": 0.05,
    "num_cues": 5,
    "reward_sparse_prob": 1.0
  },
  "seed": 1
}