{
  "agent": {
    "action_size": 4,
    "cue_exploration_bias": 0.16666666666666666,
    "cue_regularization": 0.020833333333333336,
    "epsilon": 0.05,
    "state_size": 11,
    "target_weights": [
      [
        0.03989499929476033,
        0.07697817040129416,
        -0.017541740594474865,
        -0.0015808703687863112,
        -1.619510651259344e-05,
        -3.185502670643341e-05,
        7.486990107970232e-243,
        1.7059084667905525e-253,
        2.9296599191022145e-13,
        1.1009349303127223e-273,
        -1.14e-322,
        0.05347202049273625
      ],
      [
        0.1381927827068718,
        0.07553343406323132,
        -0.04805672735612639,
        -0.011711210325181444,
        0.00017689855431744477,
        0.0007087948770449313,
        1.2969018685491494e-136,
        -3.1944475674096757e-142,
        1.8859699893099877e-05,
        8.531788854568613e-13,
        -2.1030546980539104e-07,
        0.09804619349170497
      ],
      [
        0.0300237025934497,
        0.043212733028045076,
        -0.009610113845957426,
        -0.002683929837500746,
        -1.657544109069184e-05,
        -4.130153858322751e-05,
        2.5357447317467385e-201,
        1.78491814361217e-262,
        9.816826363663294e-05,
        9.056329067955765e-284,
        1.14e-322,
        0.044731415097481304
      ],
      [
        0.0986650734824745,
        0.13275446697543886,
        -0.003905243438629922,
        -0.04050745702239712,
        9.28964311832742e-06,
        0.0004358265981879288,
        -1.1493273856212348e-142,
        1.9213025197958387e-189,
        1.0470647012277429e-06,
        8.058121196115808e-61,
        1.100596313221168e-37,
        0.08468857937519342
      ]
    ],
    "weights": [
      [
        0.040972958660453564,
        0.07814168665331148,
        -0.01756135724920401,
        -0.0016860439098395532,
        -4.130587829771192e-05,
        -0.00013248093211332566,
        3.4166628278625385e-245,
        7.784856079901238e-256,
        1.3369404793549264e-15,
        5.024079634205209e-276,
        -1.14e-322,
        0.05453036320370034
      ],
      [
        0.13858985792201775,
        0.07587142506669661,
        -0.04751521506477324,
        -0.011110613822147586,
        1.5011109178740702e-05,
        5.392289049168161e-05,
        5.918368185020394e-139,
        -1.4577754346844586e-144,
        2.10072228693339e-05,
        -7.003985234969208e-08,
        -2.866725530428897e-05,
        0.0989847809982041
      ],
      [
        0.030374321003468065,
        0.04360717873931574,
        -0.009695250610712611,
        -0.002812893903508227,
        -1.505218132194996e-05,
        -8.453501143867827e-06,
        1.157178604615004e-203,
        8.145414090456749e-265,
        4.479875789952451e-07,
        4.13282539941329e-286,
        1.14e-322,
        0.04499689674274448
      ],
      [
        0.09875559776434295,
        0.1329552023174935,
        -0.003961785282891156,
        -0.04067420992684461,
        1.5344644293460737e-05,
        -0.00041825764794032325,
        -5.244916981145972e-145,
        8.767799617468339e-192,
        -2.414297261466249e-06,
        3.6772965846276626e-63,
        5.022534366463556e-40,
        0.08472256181280059
      ]
    ]
  },
  "cues": [
    [
      1,
      9
    ],
    [
      8,
      3
    ],
    [
      4,
      4
    ],
    [
      4,
      1
    ],
    [
      7,
      4
    ]
  ],
  "env": {
    "delay": 0,
    "grid_size": 10,
    "max_steps": 200,
    "noise": 0.0,
    "num_cues": 5,
    "reward_sparse_prob": 0.5
  },
  "seed": 14
}