{
  "agent": {
    "action_size": 4,
    "cue_exploration_bias": 0.08333333333333333,
    "cue_regularization": 0.02291666666666667,
    "epsilon": 0.05,
    "state_size": 11,
    "target_weights": [
      [
        0.08892979766412598,
        0.0901348715320988,
        0.023243466824957388,
        0.027967057431605713,
        -0.00030899152217125746,
        -8.737780251947442e-05,
        3.1587142924762624e-187,
        4.863241587353532e-195,
        1.7987311313379292e-100,
        7.101209075542644e-81,
        -1.04e-322,
        0.08639239610956508
      ],
      [
        0.2551155071295385,
        0.22148030570057375,
        -0.047924589807479163,
        0.014272456619478624,
        0.00011683660477473812,
        4.976965414570151e-05,
        4.070316423803575e-155,
        4.039416064613985e-188,
        -3.9567427542346125e-06,
        3.727105603296216e-06,
        1.2716687978729014e-144,
        0.236934632349321
      ],
      [
        0.10009332985451865,
        0.12629446550874612,
        0.026896328199948735,
        0.01683739222515027,
        -5.920053596280081e-05,
        2.038665443949315e-05,
        3.8740573355264645e-163,
        5.066240022361033e-157,
        0.00011762805506367403,
        7.587088603214708e-25,
        3.5026310552058426e-147,
        0.13840348074026318
      ],
      [
        0.21836258940993158,
        0.28503234538225897,
        0.004406206724418245,
        -0.07316192548502555,
        -0.00025763205436488536,
        -0.00014234898989158194,
        -7.378158869920511e-155,
        -1.9969761474399668e-152,
        -4.8783060297444065e-06,
        -0.00011850667348363536,
        -1.1635692357775792e-10,
        0.214280960693725
      ]
    ],
    "weights": [
      [
        0.08892979766412598,
        0.0901348715320988,
        0.023243466824957388,
        0.027967057431605713,
        -0.00030899152217125746,
        -8.737780251947442e-05,
        3.1587142924762624e-187,
        4.863241587353532e-195,
        1.7987311313379292e-100,
        7.101209075542644e-81,
        -1.04e-322,
        0.08639239610956508
      ],
      [
        0.2551155071295385,
        0.22148030570057375,
        -0.047924589807479163,
        0.014272456619478624,
        0.00011683660477473812,
        4.976965414570151e-05,
        4.070316423803575e-155,
        4.039416064613985e-188,
        -3.9567427542346125e-06,
        3.727105603296216e-06,
        1.2716687978729014e-144,
        0.236934632349321
      ],
      [
        0.10009332985451865,
        0.12629446550874612,
        0.026896328199948735,
        0.01683739222515027,
        -5.920053596280081e-05,
        2.038665443949315e-05,
        3.8740573355264645e-163,
        5.066240022361033e-157,
        0.00011762805506367403,
        7.587088603214708e-25,
        3.5026310552058426e-147,
        0.13840348074026318
      ],
      [
        0.21836258940993158,
        0.28503234538225897,
        0.004406206724418245,
        -0.07316192548502555,
        -0.00025763205436488536,
        -0.00014234898989158194,
        -7.378158869920511e-155,
        -1.9969761474399668e-152,
        -4.8783060297444065e-06,
        -0.00011850667348363536,
        -1.1635692357775792e-10,
        0.214280960693725
      ]
    ]
  },
  "cues": [
    [
      0,
      8
    ],
    [
      1,
      8
    ],
    [
      3,
      6
    ],
    [
      5,
      8
    ],
    [
      4,
      9
    ]
  ],
  "env": {
    "delay": 0,
    "grid_size": 10,
    "max_steps": 200,
    "noise": 0.05,
    "num_cues": 5,
    "reward_sparse_prob": 1.0
  },
  "seed": 19
}