{
  "agent": {
    "action_size": 4,
    "cue_exploration_bias": 0.10000000000000002,
    "cue_regularization": 0.022500000000000003,
    "epsilon": 0.05,
    "state_size": 11,
    "target_weights": [
      [
        0.04180544123013501,
        0.0556637144312559,
        -0.029765803292531246,
        -0.005324455830537989,
        -1.2752502801249064e-05,
        -5.771723644389401e-07,
        1.7604934044019297e-07,
        1.6376442189672188e-05,
        1.6402416204353986e-33,
        2.0547575835660996e-267,
        0.0001961888843492682,
        0.028688007981560994
      ],
      [
        0.17539116807946928,
        0.0971956491563633,
        -0.05456847064790929,
        -0.025535012454560725,
        0.00011554057848050809,
        8.552491239873206e-05,
        -0.00012577593097558735,
        -5.259306867628154e-06,
        1.1406797634929174e-06,
        2.2422126188516955e-188,
        -4.699274880483997e-05,
        0.10987566479446909
      ],
      [
        0.03273205024392811,
        0.04700800154909309,
        -0.02073567246464971,
        -0.02055288422624313,
        -4.3651761386070395e-06,
        9.796784911299399e-07,
        4.745558100442811e-05,
        1.8633410825793578e-09,
        5.456882066840406e-08,
        4.1416197974391464e-252,
        3.105743127705744e-16,
        0.04862603531394365
      ],
      [
        0.12503698615732262,
        0.13967506478946315,
        -0.0067481965482815735,
        -0.06408758505002765,
        1.976541452574149e-05,
        5.700095641813088e-05,
        0.00019382916351740422,
        -1.1573558380493042e-05,
        -2.603370485042681e-06,
        -3.62375686612443e-292,
        -3.563973057797892e-06,
        0.1265156211324606
      ]
    ],
    "weights": [
      [
        0.04180544123013501,
        0.0556637144312559,
        -0.029765803292531246,
        -0.005324455830537989,
        -2.9721344794288635e-06,
        -1.3451742859091433e-07,
        4.1030558703485086e-08,
        3.8167400737626865e-06,
        3.822793651308062e-34,
        4.788876314057016e-268,
        4.5724337939218396e-05,
        0.028688007981560994
      ],
      [
        0.17815857346374533,
        0.09965031595940473,
        -0.05457961431422723,
        -0.025233417539643952,
        -5.026694595889e-05,
        -9.92863402311133e-05,
        -0.00014855266684292459,
        -3.1314273084393944e-05,
        2.658500615841463e-07,
        5.22576433705773e-189,
        -6.153359192257138e-05,
        0.1126319265124273
      ],
      [
        0.03325434455172293,
        0.047472263156021814,
        -0.02073567246464971,
        -0.02049485152537704,
        -2.1389846070283744e-05,
        -2.0144159087880546e-05,
        1.1060132331888243e-05,
        4.342755586713517e-10,
        1.2717964146963256e-08,
        9.652576590258353e-253,
        7.238333037809151e-17,
        0.049148329621738464
      ],
      [
        0.1257295911607063,
        0.14060790913517535,
        -0.006611810737307729,
        -0.06419143858138227,
        8.66706257451969e-06,
        6.686139156675867e-05,
        0.00042778910857151065,
        -8.425962917243298e-06,
        -7.151404813332798e-06,
        -8.445630551691064e-293,
        -3.056018028259847e-05,
        0.12734461194681812
      ]
    ]
  },
  "cues": [
    [
      7,
      9
    ],
    [
      5,
      4
    ],
    [
      2,
      2
    ],
    [
      0,
      5
    ],
    [
      8,
      7
    ]
  ],
  "env": {
    "delay": 0,
    "grid_size": 10,
    "max_steps": 200,
    "noise": 0.0,
    "num_cues": 5,
    "reward_sparse_prob": 0.7
  },
  "seed": 9
}