{
  "agent": {
    "action_size": 4,
    "cue_exploration_bias": 0.3,
    "cue_regularization": 0.017499999999999998,
    "epsilon": 0.05,
    "state_size": 11,
    "target_weights": [
      [
        -0.014466555861444817,
        -0.014046540840351875,
        -0.03522047499691395,
        -0.03443365946187344,
        -1.0427838768532252e-05,
        1.0691438626360713e-06,
        1.9753281192579493e-20,
        1.6395353152743062e-96,
        2.855592139004527e-133,
        3.3038816972426602e-15,
        1.709226768317907e-82,
        -0.070939197020034
      ],
      [
        0.025733995957300925,
        0.010977806108647258,
        -0.05807572462687262,
        -0.02923935508063614,
        -0.0005423898453188203,
        0.0001459190821229743,
        8.398891892699251e-07,
        3.715330308613604e-14,
        3.548016299503721e-09,
        5.498025953002258e-06,
        1.4636824762651066e-15,
        -0.05245472429007477
      ],
      [
        -0.01409352018896937,
        0.004703117807063708,
        -0.040778629739275915,
        -0.026783340066826776,
        -4.32135867225922e-05,
        1.1238798514247093e-08,
        -1.779424176750132e-10,
        1.4063579634310834e-177,
        2.358905425977764e-98,
        5.528475144938903e-45,
        1.2888839842982843e-74,
        -0.06830760158166264
      ],
      [
        0.008715915545020844,
        0.018289694600828483,
        -0.03712165836726023,
        -0.04217261685253314,
        -1.9702565604679993e-05,
        -1.7828392482236355e-06,
        3.989001251047438e-06,
        -1.2549737700384373e-43,
        -1.6186333381582315e-06,
        -1.1132677197918302e-11,
        -5.428318522741571e-10,
        -0.05317508263661006
      ]
    ],
    "weights": [
      [
        -0.014253467346749392,
        -0.013801988155953217,
        -0.035159592564143825,
        -0.03440424119880655,
        -1.920598506294815e-05,
        5.90199108624634e-06,
        2.978660289113552e-23,
        2.4723076073262305e-99,
        4.306038487192148e-136,
        4.982028613657724e-18,
        2.577397572708577e-85,
        -0.07066522607256845
      ],
      [
        0.024561746568789327,
        0.009574306944040737,
        -0.058278004434426614,
        -0.029210385112095262,
        4.7252610385580554e-05,
        3.0966503483216394e-06,
        8.756940118825373e-06,
        5.60246510102061e-17,
        5.350166968933471e-12,
        1.2659824719253634e-07,
        2.207133501223113e-18,
        -0.05382925348614043
      ],
      [
        -0.013659659791541698,
        0.005169907087449094,
        -0.040649374483639526,
        -0.026687013694148103,
        -8.05662447447948e-06,
        1.0879197819013547e-06,
        -2.683250484362724e-13,
        2.120692039520218e-180,
        3.5570687470261783e-101,
        2.869582990199272e-06,
        1.943549278661594e-77,
        -0.06774448592859858
      ],
      [
        0.011549756256455594,
        0.0213004428110807,
        -0.0367088308481493,
        -0.041936696832239634,
        -5.959724359273892e-05,
        -1.1876002479541e-05,
        -1.998093206451428e-05,
        -1.8924149847554875e-46,
        -2.4407888492056823e-09,
        -1.6787319107985062e-14,
        -8.18553467786606e-13,
        -0.04992841440606434
      ]
    ]
  },
  "cues": [
    [
      0,
      1
    ],
    [
      1,
      5
    ],
    [
      2,
      4
    ],
    [
      4,
      9
    ],
    [
      3,
      9
    ]
  ],
  "env": {
    "delay": 0,
    "grid_size": 10,
    "max_steps": 200,
    "noise": 0.0,
    "num_cues": 5,
    "reward_sparse_prob": 0.1
  },
  "seed": 2
}