{
  "agent": {
    "action_size": 4,
    "cue_exploration_bias": 0.10000000000000002,
    "cue_regularization": 0.022500000000000003,
    "epsilon": 0.05,
    "state_size": 11,
    "target_weights": [
      [
        0.05614404460900015,
        0.07785036665474143,
        -0.0045106887412589315,
        -0.03790496197269344,
        -3.5426109443033984e-05,
        -0.00018976394554290305,
        1.1e-322,
        -1.1e-322,
        6.671857489430246e-191,
        9.284734726841137e-284,
        1.1e-322,
        0.053045802155940874
      ],
      [
        0.17666183226543236,
        0.14915399571807392,
        -0.024694138617134764,
        -0.007510614253175071,
        -0.0002058023388743768,
        -0.00019841645207478048,
        -2.3501719535609053e-156,
        -1.1e-322,
        3.228848726087194e-06,
        -5.417574795823657e-12,
        -1.1e-322,
        0.12601481158720876
      ],
      [
        0.05590176149530413,
        0.09383086899823073,
        -0.0034560023660029525,
        -0.020530368162854085,
        -4.147065401349497e-05,
        -0.0001803074851377893,
        -1.1e-322,
        1.1e-322,
        4.26717626976833e-84,
        7.853987984196034e-276,
        1.1e-322,
        0.06789503240267195
      ],
      [
        0.13859052219308926,
        0.20952958007806013,
        -0.011393737724964307,
        -0.07168293910446137,
        0.00010267437972113474,
        0.00016441648842285836,
        2.838851450532285e-144,
        1.0860912774464065e-147,
        -8.331649666971236e-06,
        1.5973396377255886e-102,
        1.1e-322,
        0.09926280275609004
      ]
    ],
    "weights": [
      [
        0.056895832059532095,
        0.07862659388378136,
        -0.004341689531327835,
        -0.037760402541270326,
        3.916740611602317e-07,
        -7.198668997599943e-07,
        1.1e-322,
        -1.1e-322,
        2.2148708995073893e-194,
        3.08227338319276e-287,
        1.1e-322,
        0.05396658881640391
      ],
      [
        0.17651211351554652,
        0.14840777827964544,
        -0.024772055117974555,
        -0.006992032065472263,
        5.704475342825104e-05,
        0.0001767184655616493,
        -7.801916448345773e-160,
        -1.1e-322,
        2.2528740061947592e-07,
        -1.798483972444561e-15,
        -1.1e-322,
        0.12578717633648312
      ],
      [
        0.05668131618737625,
        0.09489294743062526,
        -0.0030575804567937208,
        -0.020414469993967257,
        -1.495660277720458e-06,
        -6.470566765499708e-06,
        -1.1e-322,
        1.1e-322,
        1.4165836962122322e-87,
        2.6073053057315838e-279,
        1.1e-322,
        0.0690730090039533
      ],
      [
        0.13949856851041903,
        0.21058559736772026,
        -0.011374736546944035,
        -0.07181190889877158,
        -4.895252241156873e-06,
        -0.00021334087524075974,
        9.424196298810997e-148,
        3.605520604173275e-151,
        -2.7658756832710586e-09,
        5.302722796212184e-106,
        1.1e-322,
        0.10018985025144025
      ]
    ]
  },
  "cues": [
    [
      9,
      1
    ],
    [
      7,
      4
    ],
    [
      2,
      9
    ],
    [
      7,
      5
    ],
    [
      5,
      0
    ]
  ],
  "env": {
    "delay": 0,
    "grid_size": 10,
    "max_steps": 200,
    "noise": 0.0,
    "num_cues": 5,
    "reward_sparse_prob": 0.7
  },
  "seed": 6
}