{
  "agent": {
    "action_size": 4,
    "cue_exploration_bias": 0.3333333333333333,
    "cue_regularization": 0.01666666666666667,
    "epsilon": 0.05,
    "state_size": 11,
    "target_weights": [
      [
        0.09716104785157657,
        0.12692472384158615,
        -0.009634225029850353,
        -0.02713606704460162,
        -1.6424674445004847e-05,
        -2.684934993710368e-05,
        -8.440993701814806e-273,
        -2.4434454913865823e-208,
        -1.43e-322,
        9.629280388447657e-36,
        2.0092268821437553e-73,
        0.08960451511068837
      ],
      [
        0.24026790388285044,
        0.10857328110395242,
        -0.13581643646488595,
        -0.03316308513523956,
        8.315406733202988e-05,
        0.0001543636309210117,
        1.43e-322,
        1.43e-322,
        1.43e-322,
        6.172246300541563e-05,
        1.5308638844480076e-05,
        0.08486368508849171
      ],
      [
        0.07977409564744822,
        0.08909182098689941,
        -0.018688629691024316,
        -0.004116271601459168,
        -2.1111175424054008e-05,
        -1.1885337377729004e-05,
        1.43e-322,
        -1.43e-322,
        1.43e-322,
        8.379955592909917e-05,
        1.5472165490231094e-12,
        0.07763643719004962
      ],
      [
        0.16523197885229599,
        0.1311102412306143,
        -0.01982036668448117,
        -0.029949334065671667,
        -2.0023575196828228e-05,
        1.8319151469784095e-05,
        -6.324429508907552e-187,
        7.544733058029372e-13,
        -1.43e-322,
        1.4122941776979078e-05,
        6.4042459408870136e-06,
        0.11194569184979837
      ]
    ],
    "weights": [
      [
        0.09727052745712128,
        0.12704788839782397,
        -0.009620540079157264,
        -0.02713606704460162,
        -2.3926890343633303e-05,
        -4.326852714836347e-05,
        -6.4506838329296154e-273,
        -1.8673031736231948e-208,
        -1.43e-322,
        7.358783280592987e-36,
        1.535469379931621e-73,
        0.08972767966692617
      ],
      [
        0.24013127221722796,
        0.10840920479974436,
        -0.13583716206113122,
        -0.03315636609289926,
        7.590654144516484e-05,
        0.00015547856888001064,
        1.43e-322,
        1.43e-322,
        1.43e-322,
        7.897883773911652e-05,
        1.3871662155461933e-05,
        0.08470632782662395
      ],
      [
        0.07977409564744822,
        0.08909182098689941,
        -0.018688629691024316,
        -0.004116271601459168,
        -1.6133351452780645e-05,
        -9.082882463820212e-06,
        1.43e-322,
        -1.43e-322,
        1.43e-322,
        6.40403795731183e-05,
        1.1823968991563995e-12,
        0.07763643719004962
      ],
      [
        0.1652671071870755,
        0.13112414793945734,
        -0.01979288616690131,
        -0.029900631922155373,
        -1.386197231301253e-05,
        2.8213890251718263e-05,
        -4.833186308010352e-187,
        5.765753331949052e-13,
        -1.43e-322,
        3.891803354532997e-05,
        6.761048334239244e-06,
        0.11200830070215771
      ]
    ]
  },
  "cues": [
    [
      2,
      9
    ],
    [
      1,
      4
    ],
    [
      1,
      7
    ],
    [
      7,
      7
    ],
    [
      6,
      3
    ]
  ],
  "env": {
    "delay": 0,
    "grid_size": 10,
    "max_steps": 200,
    "noise": 0.3,
    "num_cues": 5,
    "reward_sparse_prob": 1.0
  },
  "seed": 1
}