{
  "agent": {
    "action_size": 4,
    "cue_exploration_bias": 0.2333333333333333,
    "cue_regularization": 0.01916666666666667,
    "epsilon": 0.05,
    "state_size": 11,
    "target_weights": [
      [
        0.018614260207858634,
        0.04727945903154077,
        -0.034021392721461936,
        -0.009642550212922029,
        -2.8630817878875722e-06,
        -0.00010301308759504665,
        1.3e-322,
        2.302664869987964e-237,
        3.6221987146184527e-06,
        5.6921663353930486e-220,
        1.1705585394500088e-212,
        0.01571162927884725
      ],
      [
        0.08519316024983618,
        0.048663233277085625,
        -0.041898857185413946,
        -0.03168276182535873,
        -1.4412144034580468e-05,
        0.00010754880660927065,
        1.287734664296031e-184,
        -1.2211590500198669e-85,
        -3.601591152097201e-07,
        -1.6006633972008893e-107,
        -3.2512228268333903e-09,
        0.051204441205381854
      ],
      [
        0.008678727644470212,
        0.022169204122904157,
        -0.026446851240681947,
        -0.019822113276063785,
        -1.5954204721879304e-05,
        -6.27259448661308e-05,
        2.5813289466578234e-223,
        7.125469872058869e-209,
        5.376777788561351e-84,
        8.318343271675725e-231,
        3.2149750595181946e-221,
        0.0065497027537774035
      ],
      [
        0.057863620727589236,
        0.0950713780160053,
        -0.01916072340571627,
        -0.05888130078493504,
        2.0352328423819564e-05,
        0.00022349062243847442,
        -2.3164218481684456e-220,
        1.1060393261898381e-111,
        2.6316677605310084e-06,
        5.190475033054929e-144,
        2.413632779601948e-22,
        0.028631646653221786
      ]
    ],
    "weights": [
      [
        0.018984342708982603,
        0.04767226837012673,
        -0.0338638013707765,
        -0.009507685699698579,
        5.1285788846165896e-06,
        -1.5871103663867012e-05,
        1.3e-322,
        1.6240755755013873e-239,
        1.2309492718407506e-05,
        4.0146998538486456e-222,
        8.255980096770554e-215,
        0.016239303130656656
      ],
      [
        0.08359216292685337,
        0.047078038555602254,
        -0.04189985198560536,
        -0.03169955922704958,
        1.919475794800378e-05,
        0.00018724458219039717,
        9.082426380268673e-187,
        -8.612866825688401e-88,
        -4.495113615864277e-06,
        -1.1289520945384586e-109,
        -2.2930959916890925e-11,
        0.04960244908220762
      ],
      [
        0.009082303723587055,
        0.02266100190935236,
        -0.026331543789505706,
        -0.019795027532218908,
        -1.1252542457682304e-07,
        -3.87096003079299e-05,
        1.8206180800524448e-225,
        5.025612599562649e-211,
        3.792255484119364e-86,
        5.8669493386744765e-233,
        2.267530346279574e-223,
        0.007068586284070488
      ],
      [
        0.05776001346768354,
        0.09505514412519359,
        -0.019066439801590163,
        -0.058874390549902934,
        2.1422594469729494e-05,
        0.00010212209458396997,
        -1.6337784083134165e-222,
        7.80092439252056e-114,
        2.1731664470037274e-05,
        3.6608556617612932e-146,
        1.7023415333563203e-24,
        0.028622322997442183
      ]
    ]
  },
  "cues": [
    [
      1,
      9
    ],
    [
      8,
      3
    ],
    [
      4,
      4
    ],
    [
      4,
      1
    ],
    [
      7,
      4
    ]
  ],
  "env": {
    "delay": 0,
    "grid_size": 10,
    "max_steps": 200,
    "noise": 0.0,
    "num_cues": 5,
    "reward_sparse_prob": 0.3
  },
  "seed": 14
}