{
  "agent": {
    "action_size": 4,
    "cue_exploration_bias": 0.3333333333333333,
    "cue_regularization": 0.01666666666666667,
    "epsilon": 0.05,
    "state_size": 11,
    "target_weights": [
      [
        0.12810592898010906,
        0.12036914317421218,
        -0.0034045275585514933,
        -0.01810582339155438,
        -1.3728398152468824e-05,
        -0.00020739204399792505,
        2.756046212675227e-05,
        2.175470329044206e-44,
        1.43e-322,
        -2.305348530132091e-11,
        4.801703962180995e-143,
        0.13337598008715695
      ],
      [
        0.2090253458894355,
        0.20524112455247262,
        -0.06432465657028104,
        -0.02174479751360064,
        -0.00019279586434950706,
        -0.0005760432660727881,
        -6.76845908968028e-05,
        2.824520700108021e-08,
        -1.3156367124141306e-75,
        1.058128791537743e-05,
        1.890529928676945e-74,
        0.20275569308677785
      ],
      [
        0.08189732456565307,
        0.05109250543433542,
        0.021152076261441437,
        0.008307919836978175,
        -5.142345602376876e-07,
        -3.3093956856981414e-06,
        3.3096593695101404e-14,
        1.7565439709407692e-09,
        4.552082870227462e-197,
        3.1729951820238864e-07,
        6.513217333405835e-147,
        0.06190998709662876
      ],
      [
        0.2190495592428952,
        0.2566602386889026,
        -0.0027467679606888533,
        -0.06260404576973179,
        0.00012567207024938293,
        0.000326304030122763,
        -2.5700551515869182e-05,
        4.4627172702395674e-08,
        -1.8743377882298944e-72,
        -5.317298549181296e-06,
        6.56375921434112e-14,
        0.1414258476689332
      ]
    ],
    "weights": [
      [
        0.13077727751858348,
        0.12334808242197587,
        -0.0028473168855721585,
        -0.017856203427864318,
        -0.00011981085154003878,
        -0.0008616671634808954,
        3.7297642131677294e-07,
        2.944069421898864e-46,
        1.43e-322,
        -3.119833915346163e-13,
        6.498157947425827e-145,
        0.1366045392986107
      ],
      [
        0.21098091247246417,
        0.206742069048099,
        -0.06445396764432704,
        -0.02141948650024437,
        -0.0001499694719460384,
        -0.0004249021498962751,
        -6.111476104707104e-05,
        3.822430907785286e-10,
        -1.780454444096114e-77,
        6.343974186965615e-05,
        2.5584588674430663e-76,
        0.20458194859576057
      ],
      [
        0.08316536231515047,
        0.0523374424491606,
        0.021364102488930937,
        0.008543046799139885,
        -9.580434950005552e-06,
        -2.138102043765361e-05,
        4.478970279018634e-16,
        2.377135336678934e-11,
        6.160345101132365e-199,
        4.294022293254237e-09,
        8.814353261203307e-149,
        0.06339005107361566
      ],
      [
        0.22206408355680107,
        0.26001632933933555,
        -0.0022901636351082763,
        -0.06248900778067838,
        -0.0002391420337564761,
        -0.0011661768078372718,
        3.9417603076414076e-05,
        -4.5811844933430065e-05,
        -2.5365460033930263e-74,
        -1.7039852841789407e-06,
        1.7029465594012017e-07,
        0.14489697630841974
      ]
    ]
  },
  "cues": [
    [
      3,
      4
    ],
    [
      1,
      6
    ],
    [
      7,
      2
    ],
    [
      1,
      1
    ],
    [
      0,
      6
    ]
  ],
  "env": {
    "delay": 0,
    "grid_size": 10,
    "max_steps": 200,
    "noise": 0.2,
    "num_cues": 5,
    "reward_sparse_prob": 1.0
  },
  "seed": 4
}