{
  "agent": {
    "action_size": 4,
    "cue_exploration_bias": 0.16666666666666666,
    "cue_regularization": 0.020833333333333336,
    "epsilon": 0.05,
    "state_size": 11,
    "target_weights": [
      [
        0.023288489523851118,
        0.032875102147884236,
        0.0012093401373112933,
        -0.031547024235915745,
        4.961007589028069e-06,
        -7.099798428311211e-05,
        1.0575940543002128e-11,
        3.8552069653768614e-47,
        9.521097902039142e-103,
        1.14e-322,
        1.8000702222737695e-05,
        -0.019307865330226437
      ],
      [
        0.10892427171384791,
        0.07610489679353052,
        -0.04764425966985117,
        -0.01994297322828381,
        -0.0003265449382161437,
        -0.0005074968940455334,
        -2.3319739291463044e-05,
        -5.2775577071245744e-05,
        -2.834304266955822e-76,
        -6.878681439863719e-56,
        -1.5712781251958073e-05,
        0.04393769537848888
      ],
      [
        0.01442068973956962,
        0.0029533578793762205,
        -0.01524011501442567,
        -0.02793388894915624,
        2.606403916973301e-05,
        -1.8516537850633592e-05,
        1.4795954027601522e-42,
        0.00016241155796298108,
        1.8213806399989333e-154,
        1.754259459061979e-182,
        5.636343545442751e-25,
        -0.011796242912831892
      ],
      [
        0.06491325323294002,
        0.11509484665391494,
        -0.030274131108715293,
        -0.052798398977629855,
        2.4796468167953838e-05,
        1.559549877138235e-05,
        -2.6216134175282757e-06,
        -7.965591865822785e-06,
        2.987092359968812e-75,
        1.1407251074829104e-138,
        7.7633468820672e-07,
        0.029103169755057865
      ]
    ],
    "weights": [
      [
        0.023549557870303887,
        0.033210761450466364,
        0.001446647476326033,
        -0.03138430785303037,
        3.5040728972137567e-06,
        -3.383657910003091e-06,
        1.8569069775002094e-13,
        6.768911648668928e-49,
        1.6716993685689176e-104,
        1.14e-322,
        2.4657508797551594e-05,
        -0.01880948964475893
      ],
      [
        0.11009103829173862,
        0.07670980850674991,
        -0.04793226400551495,
        -0.01966912269927622,
        -0.00018650050662298104,
        -0.00014898129420629414,
        -1.0062932290022943e-05,
        -8.01453337478752e-06,
        -4.976426775726646e-78,
        -1.2077480494286426e-57,
        3.011207003684081e-06,
        0.04481645762071583
      ],
      [
        0.015265696286706088,
        0.004020869167274087,
        -0.014882243503942478,
        -0.02779852217943445,
        7.123922403032869e-06,
        -1.3451648002859075e-05,
        2.597850296237246e-44,
        2.8515965457813638e-06,
        3.1979514307459886e-156,
        3.0801011187920724e-184,
        9.896203193054206e-27,
        -0.010593364855212234
      ],
      [
        0.07015102414765707,
        0.12102851444408858,
        -0.029171529955421088,
        -0.052391694699792206,
        1.6180180797705753e-05,
        -0.00031773010097456466,
        -4.602987533375966e-08,
        2.0543007505890088e-05,
        5.244689702169157e-77,
        2.002867170897885e-140,
        1.363076213926307e-08,
        0.035443541823069157
      ]
    ]
  },
  "cues": [
    [
      8,
      6
    ],
    [
      4,
      5
    ],
    [
      4,
      2
    ],
    [
      8,
      4
    ],
    [
      1,
      0
    ]
  ],
  "env": {
    "delay": 0,
    "grid_size": 10,
    "max_steps": 200,
    "noise": 0.0,
    "num_cues": 5,
    "reward_sparse_prob": 0.5
  },
  "seed": 17
}