{
  "agent": {
    "action_size": 4,
    "cue_exploration_bias": 0.3,
    "cue_regularization": 0.017499999999999998,
    "epsilon": 0.05,
    "state_size": 11,
    "target_weights": [
      [
        0.0015719774458782347,
        -0.01823666375750446,
        -0.023732610862983578,
        -0.04901287629645894,
        -7.994928522304221e-05,
        -2.053194013779365e-05,
        1.1462170841588333e-16,
        9.558598388557418e-27,
        -1.4e-322,
        -1.4e-322,
        1.580146369406049e-257,
        -0.04520388688885422
      ],
      [
        0.02044995772742012,
        0.014210708637887618,
        -0.06387461730779505,
        -0.027529171879048894,
        -0.0003423948049459391,
        6.853249058441958e-05,
        -8.613665193477298e-06,
        -1.9203245308793196e-19,
        1.4e-322,
        -1.4e-322,
        -2.6913077091376375e-257,
        -0.028947371418003826
      ],
      [
        -0.011226890292596171,
        0.0032537407470621094,
        -0.04478377008991386,
        -0.030393499745230507,
        -2.7515024832332435e-05,
        -5.080786756704263e-06,
        3.751687527811742e-06,
        -2.4640282044206025e-199,
        1.4e-322,
        -1.4e-322,
        -1.5694651799041246e-256,
        -0.0408173520609125
      ],
      [
        0.0023999994596727425,
        0.014446442382236864,
        -0.04189451893198327,
        -0.052824540317439175,
        2.6461425012569825e-05,
        1.9248539962723736e-06,
        6.215735987832671e-07,
        1.0550038732056796e-203,
        -6.353672869604409e-234,
        -4.1930892972207213e-153,
        4.376290568344696e-256,
        -0.01665909835141902
      ]
    ],
    "weights": [
      [
        0.0015719774458782347,
        -0.01823666375750446,
        -0.023732610862983578,
        -0.04901287629645894,
        -2.5828451190638247e-05,
        -6.633057596683423e-06,
        3.702973945230424e-17,
        3.0880049926777117e-27,
        -1.4e-322,
        -1.4e-322,
        5.104827799574343e-258,
        -0.04520388688885422
      ],
      [
        0.020069126497860197,
        0.013817699623717478,
        -0.06393619200587398,
        -0.02757856879251763,
        6.119763540466678e-05,
        5.730298381188756e-05,
        -2.2495167073137616e-05,
        -6.203808861784155e-20,
        1.4e-322,
        -1.4e-322,
        -8.694550502925042e-258,
        -0.029389777345642704
      ],
      [
        -0.011226890292596171,
        0.0032537407470621094,
        -0.04478377008991386,
        -0.030393499745230507,
        -8.889016004439215e-06,
        -1.6414012006420757e-06,
        1.2120218201361e-06,
        -7.960300336980533e-200,
        1.4e-322,
        -1.4e-322,
        -5.070321101867315e-257,
        -0.0408173520609125
      ],
      [
        0.0024241819508516154,
        0.014444994085057271,
        -0.04188206718066759,
        -0.05278645777776503,
        2.305979540530233e-05,
        -8.449096408972184e-06,
        1.6828687362888686e-05,
        3.40830014539939e-204,
        -2.0526203472118467e-234,
        -1.3546212695850288e-153,
        1.4138063526797392e-256,
        -0.01662246410892447
      ]
    ]
  },
  "cues": [
    [
      5,
      2
    ],
    [
      6,
      0
    ],
    [
      1,
      8
    ],
    [
      1,
      5
    ],
    [
      9,
      0
    ]
  ],
  "env": {
    "delay": 0,
    "grid_size": 10,
    "max_steps": 200,
    "noise": 0.0,
    "num_cues": 5,
    "reward_sparse_prob": 0.1
  },
  "seed": 7
}