{
  "agent": {
    "action_size": 4,
    "cue_exploration_bias": 0.08333333333333333,
    "cue_regularization": 0.02291666666666667,
    "epsilon": 0.05,
    "state_size": 11,
    "target_weights": [
      [
        0.07781887259089697,
        0.09994991299287988,
        -0.0009478905591535664,
        -0.0009438523989103451,
        2.2603660092904992e-05,
        -3.761570267402985e-05,
        7.563708665422777e-156,
        0.0005944373473493806,
        1.04e-322,
        1.231815411557123e-07,
        1.865734123238178e-178,
        0.08113681831539493
      ],
      [
        0.2750589449076048,
        0.173300472561136,
        -0.05472026605506904,
        -0.017617556073954863,
        6.390218242052027e-05,
        1.3558450338715334e-05,
        8.020326054328903e-26,
        -8.566380521034914e-05,
        -8.832286216393136e-13,
        -5.055881118725059e-05,
        1.2460117926941113e-125,
        0.18732762849142545
      ],
      [
        0.08300322441371097,
        0.06868902110196141,
        0.018186880307800506,
        -0.02541451541061034,
        1.8885483278162436e-05,
        5.37742845410619e-05,
        3.9930095756897035e-297,
        2.9111245534712374e-14,
        -1.04e-322,
        3.4017090863164594e-29,
        8.673318260224274e-203,
        0.07330133693635187
      ],
      [
        0.2019805693886051,
        0.21704140858626872,
        0.0009018970186413453,
        -0.06100626264954198,
        5.6179192796803864e-05,
        -1.4568907211966691e-05,
        -3.129152157873857e-137,
        3.265486083694625e-07,
        1.845146696304339e-101,
        -6.641772068587359e-05,
        -1.2925053682944553e-216,
        0.2135002480995468
      ]
    ],
    "weights": [
      [
        0.07781887259089697,
        0.09994991299287988,
        -0.0008028438385301933,
        -0.000798805678286972,
        1.67963705024461e-06,
        4.760015649155749e-06,
        2.0009017290045247e-158,
        1.5725231744231323e-06,
        1.04e-322,
        3.258641621228147e-10,
        4.935608704914788e-181,
        0.08128186503601831
      ],
      [
        0.2761514634605627,
        0.17401931850948135,
        -0.05472559924482384,
        -0.017249216659096903,
        -0.00013008278866436795,
        2.3044941171306023e-05,
        2.1216951867341263e-28,
        -6.330350052741712e-05,
        -2.3364909389269836e-15,
        -0.0001168638309283301,
        3.2961966948290895e-128,
        0.1884148138546288
      ],
      [
        0.08434182715825746,
        0.06964017472827064,
        0.01901180631173326,
        -0.024202140288440317,
        -1.903092257252948e-05,
        0.00010535599876710504,
        1.0563098233084258e-299,
        4.896063283985596e-05,
        -1.04e-322,
        8.998873295446464e-32,
        2.2944375928206404e-205,
        0.07546486568483113
      ],
      [
        0.20942939524584303,
        0.225786979231609,
        0.002072990834511439,
        -0.06113191362177419,
        -6.884063773710218e-05,
        -0.0002510275893204801,
        -8.277851831642528e-140,
        -1.242106358089796e-05,
        4.881146773645557e-104,
        -6.463887602130789e-05,
        -3.4191906914535414e-219,
        0.22212016777265484
      ]
    ]
  },
  "cues": [
    [
      2,
      6
    ],
    [
      6,
      4
    ],
    [
      7,
      3
    ],
    [
      7,
      8
    ],
    [
      2,
      8
    ]
  ],
  "env": {
    "delay": 0,
    "grid_size": 10,
    "max_steps": 200,
    "noise": 0.05,
    "num_cues": 5,
    "reward_sparse_prob": 1.0
  },
  "seed": 21
}