{
  "agent": {
    "action_size": 4,
    "cue_exploration_bias": 0.05555555555555555,
    "cue_regularization": 0.02361111111111111,
    "epsilon": 0.05,
    "state_size": 11,
    "target_weights": [
      [
        0.06719409812794465,
        0.08691684210164169,
        0.003466457146413222,
        0.019233937850089217,
        8.743197721972088e-07,
        9.103904741770512e-07,
        4.114942624578408e-34,
        -1.04e-322,
        1.0383977730756403e-105,
        -1.04e-322,
        7.993067650286291e-305,
        0.056909582519967056
      ],
      [
        0.2621801658114702,
        0.1825928930185479,
        -0.07569768521597414,
        -0.001650259703059971,
        -0.00017409680719403586,
        9.920445387607306e-05,
        6.59624019283092e-10,
        1.2683826435182888e-113,
        1.6720609193675082e-50,
        1.04e-322,
        4.185613251042122e-281,
        0.19322869390762948
      ],
      [
        0.09187659867012847,
        0.0867824536808115,
        0.01659302308551355,
        0.0479478582941426,
        -9.672513078363084e-06,
        3.384153014138571e-06,
        9.227354276938804e-14,
        3.768492363179457e-309,
        -1.04e-322,
        1.04e-322,
        -1.04e-322,
        0.07314934119660954
      ],
      [
        0.2066056313379062,
        0.24686034599881712,
        0.026865338354898897,
        -0.032357988757297805,
        -0.00028642207299179863,
        -4.915822525992686e-05,
        -7.544651526221695e-05,
        -7.780264522263511e-37,
        -5.182487219456985e-07,
        -1.04e-322,
        -2.241424231759572e-193,
        0.18651307803426861
      ]
    ],
    "weights": [
      [
        0.06809344196776337,
        0.08771625884814722,
        0.003466457146413222,
        0.019333864943402407,
        -0.0006000032833607959,
        1.3460276832160127e-07,
        6.084012129558945e-35,
        -1.04e-322,
        1.5352886353661986e-106,
        -1.04e-322,
        1.1817885441770716e-305,
        0.05780892635978578
      ],
      [
        0.2646460860192522,
        0.18474617873900437,
        -0.0756294055721397,
        -0.0012693455718999235,
        -0.0007470470747752765,
        4.3958093220356756e-05,
        9.752652467852859e-11,
        1.8753251483981322e-114,
        2.472170293221439e-51,
        1.04e-322,
        6.188499843686626e-282,
        0.19576289375924594
      ],
      [
        0.09187659867012847,
        0.0867824536808115,
        0.01659302308551355,
        0.0479478582941426,
        -1.4300973855767346e-06,
        5.003527354992455e-07,
        1.3642799053701261e-14,
        5.5717795700939e-310,
        -1.04e-322,
        1.04e-322,
        -1.04e-322,
        0.07314934119660954
      ],
      [
        0.2085443438727336,
        0.2491487307098326,
        0.027168266840367723,
        -0.03240473244801697,
        -0.0008440753644104551,
        -0.00010709927106302427,
        -3.250655838366067e-05,
        -1.1503252424929731e-37,
        -1.0401931505165231e-05,
        -1.04e-322,
        -3.313983561291992e-194,
        0.18875471905456487
      ]
    ]
  },
  "cues": [
    [
      4,
      4
    ],
    [
      2,
      3
    ],
    [
      2,
      2
    ],
    [
      1,
      8
    ],
    [
      3,
      4
    ]
  ],
  "env": {
    "delay": 1,
    "grid_size": 10,
    "max_steps": 200,
    "noise": 0.0,
    "num_cues": 5,
    "reward_sparse_prob": 1.0
  },
  "seed": 13
}