{
  "agent": {
    "action_size": 4,
    "cue_exploration_bias": 0.3333333333333333,
    "cue_regularization": 0.01666666666666667,
    "epsilon": 0.05,
    "state_size": 11,
    "target_weights": [
      [
        0.03366642459969371,
        0.03746576531040507,
        -0.029879850105840537,
        -0.03247236026041913,
        -1.3177465164066468e-05,
        3.800737457505381e-06,
        1.1356226410584644e-19,
        -1.43e-322,
        4.10275979e-315,
        4.4549459317241503e-128,
        8.164112296362434e-262,
        -0.01746559166782219
      ],
      [
        0.16766513323015886,
        0.10981743114387654,
        -0.11399852706283028,
        -0.04207064527896723,
        0.00047169352715046046,
        -2.1281485154521705e-05,
        5.21977034772761e-19,
        1.43e-322,
        3.5074486300384e-309,
        -3.2760545229010477e-100,
        1.0778526904564853e-247,
        0.03355361054682181
      ],
      [
        0.05336405982485224,
        0.08381517957894338,
        -0.02072401853266489,
        -0.018383210618273502,
        -7.5685289152988625e-06,
        2.8933975332987756e-06,
        -1.5138195078338443e-08,
        -1.43e-322,
        -1.43e-322,
        7.74004936671934e-48,
        1.534568798029672e-251,
        0.019204589638771696
      ],
      [
        0.10753605386458473,
        0.11907596110639355,
        -0.03018553945937897,
        -0.03720262613065376,
        2.238880775850985e-05,
        1.5374563174813477e-05,
        2.1610735912542623e-05,
        -4.967e-320,
        -5.002720267894232e-283,
        -4.579716202006164e-11,
        -2.8269860179970253e-134,
        0.05258117459083493
      ]
    ],
    "weights": [
      [
        0.03366642459969371,
        0.03746576531040507,
        -0.029879850105840537,
        -0.03247236026041913,
        -4.494491850903658e-06,
        1.296333044139935e-06,
        3.8733145126098645e-20,
        -1.43e-322,
        1.39934505e-315,
        1.519466599763846e-128,
        2.7845671173483836e-262,
        -0.01746559166782219
      ],
      [
        0.16958747959650966,
        0.1111664939861717,
        -0.11430973886997163,
        -0.041808573562052996,
        -0.0005122514210491463,
        0.00019686711638966083,
        1.780328386329093e-19,
        1.43e-322,
        1.196299826172796e-309,
        -1.1173772932024999e-100,
        3.676276183177791e-248,
        0.035164745106031216
      ],
      [
        0.05354232791627556,
        0.08401609621791697,
        -0.020703706216297767,
        -0.01838554684945666,
        -4.493321467202835e-05,
        9.868629112598655e-07,
        -5.163246008990837e-09,
        -1.43e-322,
        -1.43e-322,
        2.6399302423636165e-48,
        5.234016460315186e-252,
        0.01940317004656214
      ],
      [
        0.10758165732628686,
        0.11900534492504275,
        -0.030182732425368033,
        -0.03708359945358989,
        -3.845012353717861e-05,
        2.0091971800428392e-05,
        1.3469952398067484e-06,
        -1.694e-320,
        -1.7062982293221703e-283,
        -4.074915368256507e-06,
        -9.642116645585028e-135,
        0.05262958508654799
      ]
    ]
  },
  "cues": [
    [
      0,
      1
    ],
    [
      1,
      5
    ],
    [
      2,
      4
    ],
    [
      4,
      9
    ],
    [
      3,
      9
    ]
  ],
  "env": {
    "delay": 0,
    "grid_size": 10,
    "max_steps": 200,
    "noise": 0.2,
    "num_cues": 5,
    "reward_sparse_prob": 1.0
  },
  "seed": 2
}