{
  "agent": {
    "action_size": 4,
    "cue_exploration_bias": 0.16666666666666666,
    "cue_regularization": 0.020833333333333336,
    "epsilon": 0.05,
    "state_size": 11,
    "target_weights": [
      [
        0.1118813793831965,
        0.11545453598135268,
        0.026177010968504853,
        0.03152972544227715,
        8.30198074737825e-06,
        -4.80147011647599e-06,
        4.1510009549472744e-70,
        4.8630123594769144e-89,
        1.696140229255847e-184,
        -1.14e-322,
        7.060246104097856e-16,
        0.1298668973124868
      ],
      [
        0.2842878731965968,
        0.19621891376568723,
        -0.03402152703760255,
        0.038066855134175674,
        -0.0003262428137355141,
        -5.205666029042639e-05,
        1.381989341236975e-06,
        -8.630072098685932e-06,
        -1.5888163937518333e-05,
        -2.8674918473984056e-212,
        -0.00013058332699664467,
        0.20608051066175134
      ],
      [
        0.08687908371865534,
        0.09775563373866555,
        0.008264876189376116,
        0.034291016659607404,
        -0.00017584665902517217,
        -9.269588181235193e-05,
        4.055848439299434e-77,
        7.113322717068829e-175,
        3.8274142843622774e-22,
        -1.14e-322,
        2.5548909891360035e-05,
        0.14614396035372923
      ],
      [
        0.20379889634001244,
        0.24144276648306906,
        0.02838214521271883,
        -0.03009669576852298,
        0.00011440617448738932,
        -6.317545886832353e-06,
        -3.258533373226315e-05,
        1.9344192022512207e-06,
        1.9716362049127062e-52,
        1.1392525022544293e-228,
        3.991811060226485e-06,
        0.23016506174919252
      ]
    ],
    "weights": [
      [
        0.11311524981421865,
        0.11651967215630205,
        0.02646174884213776,
        0.03198319757198284,
        -0.0002889889586166211,
        -7.712262305681507e-05,
        7.288262075141738e-72,
        8.538400481040435e-91,
        2.978056290802422e-186,
        -1.14e-322,
        4.279174856436007e-05,
        0.13138550561714185
      ],
      [
        0.2866925284547939,
        0.19814632239791516,
        -0.03456479929088044,
        0.038000829506866785,
        -0.00037600318710696244,
        -3.182721369867506e-05,
        2.426475111257949e-08,
        -1.1214101968460742e-05,
        -6.5236072546486425e-06,
        -5.034697006577142e-214,
        -0.0001499790455232698,
        0.20794189366667032
      ],
      [
        0.08758078917439543,
        0.09831676442755799,
        0.008808975807662812,
        0.034975691044741755,
        -3.9813890976270965e-05,
        4.363465170682242e-06,
        7.121194787353247e-79,
        1.2489459951886566e-176,
        6.720113697234171e-24,
        -1.14e-322,
        4.4858373448574174e-07,
        0.147389765427756
      ],
      [
        0.2049370769480898,
        0.24270038717736286,
        0.028995488508819816,
        -0.029602792558638413,
        6.492484572094146e-06,
        -3.8693085991246835e-05,
        -3.057231869772557e-05,
        3.396422757356985e-08,
        3.46176778425342e-54,
        2.0002815938395133e-230,
        2.9671123914656545e-05,
        0.23191658565337084
      ]
    ]
  },
  "cues": [
    [
      5,
      7
    ],
    [
      7,
      4
    ],
    [
      6,
      3
    ],
    [
      7,
      0
    ],
    [
      6,
      4
    ]
  ],
  "env": {
    "delay": 3,
    "grid_size": 10,
    "max_steps": 200,
    "noise": 0.0,
    "num_cues": 5,
    "reward_sparse_prob": 1.0
  },
  "seed": 16
}