{
  "agent": {
    "action_size": 4,
    "cue_exploration_bias": 0.16666666666666666,
    "cue_regularization": 0.020833333333333336,
    "epsilon": 0.05,
    "state_size": 11,
    "target_weights": [
      [
        0.08951150715285006,
        0.09867721562043848,
        0.01544811302973195,
        0.06287125390504673,
        -7.038524131365513e-06,
        2.1625072098895416e-09,
        5.631459305985924e-31,
        4.438888609235267e-32,
        -6.659608400437477e-217,
        6.030575721089637e-09,
        2.4522917003572387e-173,
        0.12722009463119544
      ],
      [
        0.24543500113078634,
        0.1853019859784409,
        -0.008451681704137464,
        0.024806100533935758,
        -0.0001351105366215678,
        5.0841221203745476e-05,
        -1.8072242522940585e-05,
        -1.485695557007176e-11,
        1.4928301726768423e-08,
        -2.158479339634285e-05,
        8.439082557793787e-74,
        0.2268594740063047
      ],
      [
        0.12213919837349763,
        0.10671472004766305,
        0.04916783399442295,
        0.022168313093016274,
        -7.78953224441209e-05,
        2.8960455426801066e-05,
        8.244816109842193e-10,
        1.5396025661763285e-159,
        6.5596358431207e-219,
        3.4434242003277047e-69,
        7.111183101745012e-163,
        0.13691381078442555
      ],
      [
        0.20523387758592246,
        0.2853922511808779,
        0.018878484720764477,
        -0.04287378687328465,
        0.00016212594214306622,
        -0.00011673705401553454,
        -0.00011021204088933396,
        3.088426730099165e-151,
        8.930188934518445e-198,
        4.6783217572603396e-05,
        -2.2975726177878835e-07,
        0.17364154367388335
      ]
    ],
    "weights": [
      [
        0.08951150715285006,
        0.09867721562043848,
        0.01544811302973195,
        0.06287125390504673,
        -1.8293858676832692e-06,
        5.620581892879875e-10,
        1.4636750370571534e-31,
        1.1537134686756879e-32,
        -1.7309017152863736e-217,
        1.5674095580624092e-09,
        6.3737620221814285e-174,
        0.12722009463119544
      ],
      [
        0.2458493495851521,
        0.18562426239955315,
        -0.008413344235812104,
        0.024936510035514597,
        -6.305910840308804e-05,
        4.147917400561993e-05,
        -2.234165241382158e-05,
        -3.861477782759922e-12,
        3.8800213933718076e-09,
        -2.1279559278671278e-05,
        2.1934056173286438e-74,
        0.2273121599289958
      ],
      [
        0.12288895715722802,
        0.10748232465381835,
        0.04932615941799768,
        0.02230879269416608,
        -0.00011388468197724466,
        0.00010196476032980612,
        2.1429137403648406e-10,
        4.0015877247059286e-160,
        1.7049178044411346e-219,
        8.94981881279131e-70,
        1.8482706922703365e-163,
        0.13782189499173067
      ],
      [
        0.2047468993369378,
        0.2849110840389331,
        0.018864758735300347,
        -0.042893323965788835,
        0.00011450700796450053,
        -6.698232170715322e-05,
        -5.787625386633287e-05,
        8.027143344214896e-152,
        2.3210492892606078e-198,
        2.9952045448257066e-05,
        -5.971630981879967e-08,
        0.17314083943943456
      ]
    ]
  },
  "cues": [
    [
      6,
      9
    ],
    [
      2,
      3
    ],
    [
      2,
      1
    ],
    [
      2,
      4
    ],
    [
      0,
      7
    ]
  ],
  "env": {
    "delay": 3,
    "grid_size": 10,
    "max_steps": 200,
    "noise": 0.0,
    "num_cues": 5,
    "reward_sparse_prob": 1.0
  },
  "seed": 24
}