{
  "agent": {
    "action_size": 4,
    "cue_exploration_bias": 0.16666666666666666,
    "cue_regularization": 0.020833333333333336,
    "epsilon": 0.05,
    "state_size": 11,
    "target_weights": [
      [
        -0.05146354414746308,
        -0.054536251288812766,
        -0.051878733272142555,
        -0.06926052378463812,
        1.1928879109523488e-06,
        8.130653863118104e-07,
        -2.7640831888761064e-06,
        -7.055262933927006e-06,
        -2.1195841807009606e-20,
        1.14e-322,
        -2.8748108152964165e-53,
        -0.10212188125608924
      ],
      [
        -0.06685309599059507,
        -0.030278036423169407,
        -0.06185394005305272,
        -0.03612154023917262,
        -7.421938630842277e-07,
        8.841378080598815e-06,
        1.748465770098328e-07,
        1.3294084641076085e-06,
        -5.3196273391073834e-08,
        1.14e-322,
        1.14e-322,
        -0.11604498505086591
      ],
      [
        -0.05919407542454681,
        -0.03925919622825219,
        -0.05773850968724953,
        -0.05149532769243229,
        4.28660529697087e-07,
        6.831585655434761e-06,
        8.437437799383717e-08,
        -3.520915686977317e-17,
        5.2450256020256135e-06,
        1.14e-322,
        1.14e-322,
        -0.11130377416965681
      ],
      [
        -0.07539940547089592,
        -0.06882519753516686,
        -0.0509468969480037,
        -0.057580961844238214,
        -1.9708851073203774e-06,
        1.6521676501068123e-05,
        4.2679171129202476e-33,
        5.651057508024296e-53,
        -1.6670889138487014e-06,
        -2.7628646472192637e-30,
        1.14e-322,
        -0.09038168433251137
      ]
    ],
    "weights": [
      [
        -0.05155783740352187,
        -0.05462589733729124,
        -0.05192281784832754,
        -0.06930925556840337,
        4.345117218038579e-07,
        3.1247062034944153e-06,
        -8.362668448460608e-06,
        -1.0040255225205275e-08,
        4.24902822739955e-08,
        1.14e-322,
        -1.7383599478889368e-56,
        -0.10226025908833306
      ],
      [
        -0.06685293371716222,
        -0.030004448364895686,
        -0.06160177451367491,
        -0.03614280048463568,
        3.736400280797576e-05,
        -9.361083195914998e-05,
        -1.406164205383221e-07,
        1.968090722176407e-09,
        -3.527648329249695e-08,
        1.14e-322,
        1.14e-322,
        -0.11579265723805521
      ],
      [
        -0.05919817486738608,
        -0.0395309874692544,
        -0.058003993570641045,
        -0.051493119777660835,
        1.1624602132798551e-07,
        1.2833214759846351e-05,
        5.1020066625638193e-11,
        -8.637492652845565e-09,
        2.330273666541248e-06,
        1.14e-322,
        1.14e-322,
        -0.11157335749588757
      ],
      [
        -0.07543603522079885,
        -0.06885788410736854,
        -0.0509437857210036,
        -0.05758179379493945,
        6.074627259873183e-08,
        -2.5046489135468987e-06,
        2.5807528379029606e-36,
        3.417119478922519e-56,
        -1.008066541973632e-09,
        -1.6706675857100027e-33,
        1.14e-322,
        -0.09041520285541425
      ]
    ]
  },
  "cues": [
    [
      7,
      4
    ],
    [
      8,
      5
    ],
    [
      2,
      6
    ],
    [
      0,
      5
    ],
    [
      7,
      9
    ]
  ],
  "env": {
    "delay": 3,
    "grid_size": 10,
    "max_steps": 200,
    "noise": 0.0,
    "num_cues": 5,
    "reward_sparse_prob": 1.0
  },
  "seed": 12
}