{
  "agent": {
    "action_size": 4,
    "cue_exploration_bias": 0.3333333333333333,
    "cue_regularization": 0.01666666666666667,
    "epsilon": 0.05,
    "state_size": 11,
    "target_weights": [
      [
        0.05857993232568903,
        0.09421708346790272,
        0.04566907844622537,
        0.045522151981384484,
        -0.00014833576459407784,
        -3.287616464833239e-05,
        3.52414485820586e-164,
        1.0185665352666336e-05,
        1.780730056703254e-171,
        1.2329192721398218e-139,
        4.461742290485225e-177,
        0.09049803801752376
      ],
      [
        0.20630493768746283,
        0.16802109848007807,
        0.0012818755018701013,
        0.034025867429245245,
        4.663861499469136e-05,
        5.124943214801088e-05,
        -5.692622271591263e-21,
        -7.640744606593192e-07,
        -9.169052501296412e-08,
        8.571060373076365e-68,
        -9.418521527797643e-07,
        0.21433302650146424
      ],
      [
        0.11667477677875787,
        0.11716075554521348,
        0.020980209039216664,
        0.046754920492073124,
        -0.00021786810209856034,
        -3.7767294199806226e-06,
        1.6594606100571808e-161,
        2.165693677968817e-157,
        9.576706390347331e-178,
        5.780901085229307e-145,
        -3.021300241389523e-309,
        0.10233470525894212
      ],
      [
        0.18152311947961078,
        0.25165501049852096,
        0.03555283813407928,
        -0.053547665336117885,
        -0.0009495000300019381,
        -0.00021751221073649065,
        5.220463803897576e-52,
        6.785142139886966e-28,
        4.6694530545320365e-168,
        -3.845639861883548e-14,
        6.070199815483196e-12,
        0.1701180659551532
      ]
    ],
    "weights": [
      [
        0.05973556908529106,
        0.09581527288610311,
        0.04688835448047436,
        0.046298875357035134,
        3.182702586329624e-05,
        -2.359053602553097e-05,
        5.5481229253799584e-167,
        1.6035471221278423e-08,
        2.803434492343264e-174,
        1.9410063871166052e-142,
        7.024198971656555e-180,
        0.0928729508113748
      ],
      [
        0.20991066190736576,
        0.17128329203677684,
        0.001555811498583364,
        0.034643334089162814,
        -0.0003576532519579688,
        1.598810407430188e-05,
        -6.807028365864336e-06,
        -4.5313085417233675e-06,
        -1.4434999817900055e-10,
        1.349357034514466e-70,
        -1.4827743272210937e-09,
        0.21821268671808064
      ],
      [
        0.1188603183959296,
        0.11957560678569759,
        0.021511375067589558,
        0.04705677689713364,
        -0.0002547739431181921,
        -5.945771221396094e-09,
        2.6125178801845484e-164,
        3.4094894584459094e-160,
        1.507677646967346e-180,
        9.100973748463614e-148,
        -4.756485844984e-312,
        0.10505141290448673
      ],
      [
        0.18448571907029368,
        0.255490620210559,
        0.03609749103745788,
        -0.05387602255409402,
        -0.0008076768609087199,
        -0.0001870025740289484,
        8.218667528401718e-55,
        2.873247707618244e-06,
        7.351201662585376e-171,
        -6.054258136066891e-17,
        9.556421802441204e-15,
        0.17362531844921492
      ]
    ]
  },
  "cues": [
    [
      4,
      4
    ],
    [
      2,
      3
    ],
    [
      2,
      2
    ],
    [
      1,
      8
    ],
    [
      3,
      4
    ]
  ],
  "env": {
    "delay": 10,
    "grid_size": 10,
    "max_steps": 200,
    "noise": 0.0,
    "num_cues": 5,
    "reward_sparse_prob": 1.0
  },
  "seed": 13
}