{
  "agent": {
    "action_size": 4,
    "cue_exploration_bias": 0.2333333333333333,
    "cue_regularization": 0.01916666666666667,
    "epsilon": 0.05,
    "state_size": 11,
    "target_weights": [
      [
        0.004881564427997281,
        -0.0099843476441167,
        -0.03685597310678069,
        -0.05286045757525323,
        -8.577239566077291e-05,
        -3.611998959389321e-05,
        8.904154737591038e-175,
        1.544234596948309e-62,
        1.1809326989427979e-245,
        1.1300516174035514e-57,
        2.206740653059985e-08,
        -0.013775027879492004
      ],
      [
        0.0856109897924716,
        0.020372829301672626,
        -0.049821208726497083,
        -0.05712131042012625,
        0.00021739506784545983,
        0.00010650011492303749,
        -4.3768959020855443e-29,
        8.497268065368401e-07,
        1.9599387197775936e-85,
        -2.2945855959831732e-05,
        1.582532648140655e-08,
        0.0004569681130703454
      ],
      [
        0.02433766363522474,
        0.0023761932978504418,
        -0.028988602763349452,
        -0.04195260900327625,
        -2.1854456888038942e-07,
        -3.077232872067796e-08,
        2.0369806470512565e-73,
        2.660019210194078e-13,
        1.3e-322,
        3.193646669045347e-09,
        1.297880222235152e-10,
        -0.037456412260854416
      ],
      [
        0.040896626600858674,
        0.052093653891918015,
        -0.03435433453022031,
        -0.05224226839351766,
        2.2671941597217592e-05,
        7.431947061193275e-06,
        4.965600734769749e-60,
        -1.966232228507863e-08,
        -2.666360654918167e-178,
        2.374087046956248e-05,
        2.141073424197468e-05,
        0.007316685210241821
      ]
    ],
    "weights": [
      [
        0.0050160115107514645,
        -0.009888314013577999,
        -0.03681755965456521,
        -0.052783630670822264,
        -6.293192392793471e-05,
        -4.327489039465658e-05,
        6.533052787808646e-175,
        1.1330178367220408e-62,
        8.664601962128415e-246,
        0.0001509601679375639,
        1.6191040699888563e-08,
        -0.013602167344522341
      ],
      [
        0.08527158893476344,
        0.02005675621270092,
        -0.04983300754947012,
        -0.05715643701183572,
        0.00024093063754193066,
        0.00011438011927021508,
        -3.2113651231092893e-29,
        6.234516633999009e-07,
        1.4380234277735904e-85,
        -2.2561263224329377e-05,
        1.161117437131443e-08,
        0.00010576843238916909
      ],
      [
        0.02433766363522474,
        0.0023761932978504418,
        -0.028988602763349452,
        -0.04195260900327625,
        -1.603479776644963e-07,
        -2.2577914901597782e-08,
        1.4945497340414353e-73,
        1.951678337688513e-13,
        1.3e-322,
        2.3432052664582505e-09,
        9.522655719715213e-11,
        -0.037456412260854416
      ],
      [
        0.042798235147119695,
        0.054257700002643405,
        -0.034111517659293496,
        -0.05226188908705521,
        -0.00035176865020757156,
        -0.00038276765716304946,
        3.643302781619083e-60,
        -1.442641027755518e-08,
        -1.956331108709949e-178,
        1.7418875185466563e-05,
        1.1774033471588253e-05,
        0.009461110627429655
      ]
    ]
  },
  "cues": [
    [
      9,
      0
    ],
    [
      6,
      7
    ],
    [
      3,
      7
    ],
    [
      7,
      4
    ],
    [
      2,
      0
    ]
  ],
  "env": {
    "delay": 0,
    "grid_size": 10,
    "max_steps": 200,
    "noise": 0.0,
    "num_cues": 5,
    "reward_sparse_prob": 0.3
  },
  "seed": 10
}