{
  "agent": {
    "action_size": 4,
    "cue_exploration_bias": 0.3333333333333333,
    "cue_regularization": 0.01666666666666667,
    "epsilon": 0.05,
    "state_size": 11,
    "target_weights": [
      [
        0.10986269229511589,
        0.10323000799203116,
        0.03862831690925431,
        0.06122952196728197,
        2.9285506799170005e-05,
        -4.2446735637917335e-05,
        1.8947235885819402e-128,
        -1.43e-322,
        1.43e-322,
        2.3886531310382045e-12,
        1.5180877839989023e-06,
        0.10019765145623497
      ],
      [
        0.2575796632890498,
        0.2014479808392893,
        -0.02633058166052044,
        0.018262147601029583,
        5.475768729472334e-05,
        -0.00023123275544590708,
        -1.3098576061752427e-27,
        5.962966713367038e-29,
        1.43e-322,
        7.269679435140361e-05,
        3.827133921637902e-05,
        0.2088053323113781
      ],
      [
        0.11081723883106831,
        0.09033157404856154,
        -0.008834428017974679,
        0.03438383244088616,
        -4.736474073899062e-05,
        -1.6810359598145e-05,
        1.140950162549661e-93,
        1.43e-322,
        -1.43e-322,
        1.24719280845727e-05,
        5.559089313441421e-09,
        0.13549899648801011
      ],
      [
        0.1721125023287088,
        0.28673492270219914,
        0.033074687275539215,
        -0.020820601632080226,
        -0.0007630700136321486,
        -0.0001526497381568007,
        2.527953012888011e-70,
        -4.4446353599680977e-07,
        -1.43e-322,
        9.988958034928291e-12,
        3.5950683276198865e-05,
        0.21764850211026543
      ]
    ],
    "weights": [
      [
        0.10995857021462792,
        0.10327557176189471,
        0.03893035116145741,
        0.06158187036913356,
        1.3594559149077544e-05,
        -2.5160781891490725e-05,
        1.6844397564858496e-129,
        -1.43e-322,
        1.43e-322,
        2.123551067090731e-13,
        1.3496044661148027e-07,
        0.1005955636279501
      ],
      [
        0.25742512052793753,
        0.20109672747357318,
        -0.025631716903498112,
        0.019157722962655974,
        8.48635362576236e-05,
        -3.5552008795696614e-05,
        -1.1644844875912878e-28,
        5.301173352739328e-30,
        1.43e-322,
        0.0001357573544005083,
        3.4023836351914903e-06,
        0.20934965430728844
      ],
      [
        0.11155753338764558,
        0.09109900516922234,
        -0.008476987707476255,
        0.03471413618730105,
        -0.0001112519142743297,
        -4.6805950125873475e-05,
        1.0143230524754338e-94,
        1.43e-322,
        -1.43e-322,
        1.1087744741389837e-06,
        4.942119845789528e-10,
        0.13659673135508582
      ],
      [
        0.1734181641475259,
        0.2884675572461858,
        0.033209094065398986,
        -0.021113167567389884,
        -0.0003405833955593605,
        -1.295693832557052e-06,
        2.247390903400156e-71,
        -3.951352349508831e-08,
        -1.43e-322,
        8.880344416092303e-13,
        3.7974522209354405e-05,
        0.21908857071894236
      ]
    ]
  },
  "cues": [
    [
      9,
      4
    ],
    [
      5,
      8
    ],
    [
      0,
      7
    ],
    [
      3,
      0
    ],
    [
      2,
      1
    ]
  ],
  "env": {
    "delay": 6,
    "grid_size": 10,
    "max_steps": 200,
    "noise": 0.0,
    "num_cues": 5,
    "reward_sparse_prob": 1.0
  },
  "seed": 5
}