{
  "agent": {
    "action_size": 4,
    "cue_exploration_bias": 0.3333333333333333,
    "cue_regularization": 0.01666666666666667,
    "epsilon": 0.05,
    "state_size": 11,
    "target_weights": [
      [
        0.09357003275884916,
        0.08599456892158781,
        -0.03359848580485836,
        -0.03771097315329075,
        -1.2627944465896958e-05,
        -1.3765653375661795e-05,
        2.09377879164267e-180,
        2.4220172964895647e-179,
        1.2784545985136603e-28,
        2.8219443328970937e-185,
        1.43e-322,
        0.06138399324219013
      ],
      [
        0.1619632151333817,
        0.1556137605520863,
        -0.024197539950961054,
        -0.02817239755306405,
        1.5439623132679698e-05,
        4.283004707680852e-06,
        -1.220140639519593e-21,
        -3.320642114419115e-14,
        1.43e-322,
        -9.82583817897412e-21,
        -1.43e-322,
        0.11181279312133191
      ],
      [
        0.0604275995827186,
        0.06719619311356684,
        -0.029382748643372845,
        -0.015296600468145174,
        -9.14930491799948e-07,
        -9.513197130637425e-05,
        3.0672744684910427e-299,
        3.81935838998393e-278,
        6.04972972439192e-27,
        4.0401341375015386e-188,
        1.43e-322,
        0.04649412421271647
      ],
      [
        0.13937099720317309,
        0.2339871698204685,
        -0.03355468752841051,
        -0.11752100364023244,
        -3.728458420029657e-05,
        -0.00013342202955921457,
        6.325444468797846e-209,
        1.3757223535476097e-140,
        -9.433006820127578e-05,
        7.086490172859018e-20,
        -1.43e-322,
        0.07788232796272822
      ]
    ],
    "weights": [
      [
        0.0962882832991918,
        0.08856663317835234,
        -0.03330722615037367,
        -0.037273527215227954,
        -0.00012791404420545087,
        -0.00039038321015906594,
        1.2646263278484423e-182,
        1.4628798667131315e-181,
        7.7217676991123455e-31,
        1.7044327286859901e-187,
        1.43e-322,
        0.06439350343701747
      ],
      [
        0.16319223620500775,
        0.1569656015020951,
        -0.02382667541896367,
        -0.027924352899449313,
        -1.235927267980993e-05,
        -8.409063681517198e-05,
        -7.369555860310043e-24,
        -2.0056423629939078e-16,
        1.43e-322,
        -5.934730881747185e-23,
        -1.43e-322,
        0.11341267872495536
      ],
      [
        0.0604518961384895,
        0.06731767589242134,
        -0.029188376197205632,
        -0.015199414245061568,
        5.719931208851589e-06,
        2.2327239466638808e-05,
        1.8526102485486944e-301,
        2.306863167561796e-280,
        3.6539903433786453e-29,
        2.440210025393963e-190,
        1.43e-322,
        0.04671279321465458
      ],
      [
        0.1381824116742633,
        0.23250403507593084,
        -0.03417594428642106,
        -0.11784771118261526,
        0.0002010926163868477,
        0.0002930093721950079,
        3.820519933870002e-211,
        8.309257477677446e-143,
        -1.1654374540405183e-05,
        4.280185700804547e-22,
        -1.43e-322,
        0.0760724856758078
      ]
    ]
  },
  "cues": [
    [
      9,
      1
    ],
    [
      7,
      4
    ],
    [
      2,
      9
    ],
    [
      7,
      5
    ],
    [
      5,
      0
    ]
  ],
  "env": {
    "delay": 0,
    "grid_size": 10,
    "max_steps": 200,
    "noise": 0.2,
    "num_cues": 5,
    "reward_sparse_prob": 1.0
  },
  "seed": 6
}