{
  "agent": {
    "action_size": 4,
    "cue_exploration_bias": 0.3,
    "cue_regularization": 0.017499999999999998,
    "epsilon": 0.05,
    "state_size": 11,
    "target_weights": [
      [
        -0.022157764909743437,
        0.009354439542441513,
        -0.05773924175399537,
        -0.010406934165735477,
        -7.391237491124557e-07,
        -3.068903015271789e-07,
        6.401788306558071e-299,
        9.656513754822861e-08,
        6.41773143972355e-19,
        1.498234182983369e-52,
        6.331258952874854e-194,
        -0.041380250512302666
      ],
      [
        0.015187898563346255,
        0.0065485764907148355,
        -0.08947649667070552,
        -0.033862708551709184,
        0.00017998452562603603,
        2.231141337045992e-05,
        8.513806902448371e-49,
        -1.870711120732936e-07,
        2.2313136738508338e-07,
        5.431996334815209e-182,
        1.0317527064964066e-145,
        -0.0017002422240907267
      ],
      [
        -0.004933273940459079,
        0.014330719276685297,
        -0.046959928975084254,
        -0.015780883075895587,
        -2.1902821526741998e-05,
        -4.939397663048712e-06,
        -4.379161116612493e-282,
        1.681939078832764e-05,
        -4.249108704324522e-08,
        -1.4e-322,
        -3.099760067705793e-271,
        -0.044448421979174785
      ],
      [
        0.012980392400304578,
        0.02403290628430054,
        -0.042645109484411914,
        -0.036009279973207985,
        -0.00011271059953791004,
        -3.6538786174665264e-06,
        -5.333555217313837e-13,
        1.2885091504836876e-05,
        3.7322236396225657e-06,
        -1.4628631905679139e-18,
        -3.6945579139432352e-183,
        -0.022201325028041948
      ]
    ],
    "weights": [
      [
        -0.022157764909743437,
        0.009354439542441513,
        -0.05773924175399537,
        -0.010406934165735477,
        -7.391237491124557e-07,
        -3.068903015271789e-07,
        6.401788306558071e-299,
        9.656513754822861e-08,
        6.41773143972355e-19,
        1.498234182983369e-52,
        6.331258952874854e-194,
        -0.041380250512302666
      ],
      [
        0.015187898563346255,
        0.0065485764907148355,
        -0.08947649667070552,
        -0.033862708551709184,
        0.00017998452562603603,
        2.231141337045992e-05,
        8.513806902448371e-49,
        -1.870711120732936e-07,
        2.2313136738508338e-07,
        5.431996334815209e-182,
        1.0317527064964066e-145,
        -0.0017002422240907267
      ],
      [
        -0.004933273940459079,
        0.014330719276685297,
        -0.046959928975084254,
        -0.015780883075895587,
        -2.1902821526741998e-05,
        -4.939397663048712e-06,
        -4.379161116612493e-282,
        1.681939078832764e-05,
        -4.249108704324522e-08,
        -1.4e-322,
        -3.099760067705793e-271,
        -0.044448421979174785
      ],
      [
        0.012980392400304578,
        0.02403290628430054,
        -0.042645109484411914,
        -0.036009279973207985,
        -0.00011271059953791004,
        -3.6538786174665264e-06,
        -5.333555217313837e-13,
        1.2885091504836876e-05,
        3.7322236396225657e-06,
        -1.4628631905679139e-18,
        -3.6945579139432352e-183,
        -0.022201325028041948
      ]
    ]
  },
  "cues": [
    [
      3,
      5
    ],
    [
      6,
      2
    ],
    [
      3,
      0
    ],
    [
      1,
      2
    ],
    [
      3,
      8
    ]
  ],
  "env": {
    "delay": 0,
    "grid_size": 10,
    "max_steps": 200,
    "noise": 0.0,
    "num_cues": 5,
    "reward_sparse_prob": 0.1
  },
  "seed": 8
}