{
  "agent": {
    "action_size": 4,
    "cue_exploration_bias": 0.2333333333333333,
    "cue_regularization": 0.01916666666666667,
    "epsilon": 0.05,
    "state_size": 11,
    "target_weights": [
      [
        0.011468522983452788,
        0.02385694177741467,
        -0.035812912625676444,
        -0.015787563204507717,
        1.8046903958903638e-05,
        5.316208257690623e-06,
        2.9353672170197834e-176,
        1.572384e-318,
        9.168156664060405e-06,
        3.7011701114616215e-20,
        -2.2907248986435726e-272,
        -0.002603766809274971
      ],
      [
        0.08866336312290204,
        0.032032063674377775,
        -0.0445462706976194,
        -0.03882856879483648,
        -1.570459004534816e-05,
        4.8739051054031346e-05,
        4.4189959949490834e-160,
        -6.14495620053934e-77,
        -7.036371561810455e-12,
        -0.0005717971931221681,
        7.212221218683217e-266,
        0.02105129189204872
      ],
      [
        0.025729251867800507,
        0.003427689411476942,
        -0.026222168658209016,
        -0.043702649583451866,
        -3.0068705691761785e-05,
        1.7234076241851047e-05,
        5.691392394136742e-204,
        9.643775309568312e-247,
        1.318821366996036e-120,
        5.046197431349258e-05,
        3.795366756345776e-300,
        0.01563459272218333
      ],
      [
        0.04519578941885807,
        0.04982796425927382,
        -0.0160093469704623,
        -0.06266517798535992,
        -3.4712794069916267e-06,
        -3.177659554588548e-05,
        -5.47077019095664e-159,
        2.9603422787269116e-138,
        -1.476212800206238e-05,
        -2.3128691912117068e-05,
        -7.773274489506606e-269,
        0.03340075766039512
      ]
    ],
    "weights": [
      [
        0.01198240328598837,
        0.024289669715315217,
        -0.03574245709896804,
        -0.015635955313164283,
        -1.4517799382342288e-05,
        -6.807164124542494e-07,
        2.0703222012129918e-178,
        1.11e-320,
        6.466324954420566e-08,
        0.00015635987848398796,
        -1.6156542823790804e-274,
        -0.002019430980030985
      ],
      [
        0.08810414040959592,
        0.03110342765059972,
        -0.044766984368578185,
        -0.03867986915532347,
        4.103622264212266e-06,
        3.6355462839714234e-05,
        3.116729471654628e-162,
        -4.334053733956475e-79,
        5.172712018229079e-08,
        -0.0003884439202090561,
        5.086798551991403e-268,
        0.02027135550778372
      ],
      [
        0.025729251867800507,
        0.003427689411476942,
        -0.0262101340125177,
        -0.04369061493776055,
        2.6786531545582387e-06,
        8.442345232116213e-07,
        4.014153991049584e-206,
        6.801780033225205e-249,
        9.301681710195229e-123,
        3.5590962906621367e-07,
        2.676882133127484e-302,
        0.015646627367874644
      ],
      [
        0.04646845509055877,
        0.05114496421779968,
        -0.015947099952275372,
        -0.06264726525399811,
        2.4010764037541336e-06,
        -2.1659102991031767e-05,
        -3.858548572185488e-161,
        2.0879371777750814e-140,
        -1.0411767618924038e-07,
        -0.00010043358158966798,
        -5.482510896230276e-271,
        0.03473567035028273
      ]
    ]
  },
  "cues": [
    [
      3,
      9
    ],
    [
      8,
      2
    ],
    [
      5,
      9
    ],
    [
      7,
      9
    ],
    [
      1,
      9
    ]
  ],
  "env": {
    "delay": 0,
    "grid_size": 10,
    "max_steps": 200,
    "noise": 0.0,
    "num_cues": 5,
    "reward_sparse_prob": 0.3
  },
  "seed": 3
}