{
  "agent": {
    "action_size": 4,
    "cue_exploration_bias": 0.3,
    "cue_regularization": 0.017499999999999998,
    "epsilon": 0.05,
    "state_size": 11,
    "target_weights": [
      [
        -0.014884936769183498,
        -0.010970066618915508,
        -0.04843678447795241,
        -0.030216576065994375,
        3.988294817161696e-06,
        1.4328202863573536e-05,
        1.1397956357122905e-254,
        1.01530214025042e-06,
        1.4e-322,
        2.570041727787596e-21,
        -1.4e-322,
        -0.05905588496348462
      ],
      [
        0.03701718778143514,
        -0.012309422038448228,
        -0.04148955172222057,
        -0.05681870426769008,
        1.4594459159032774e-05,
        2.115180568350198e-05,
        6.79163056978664e-259,
        -8.272842184954294e-06,
        -1.6014628687226925e-20,
        -1.1109582185612243e-05,
        -1.4e-322,
        -0.03748341430189547
      ],
      [
        0.00406304768648503,
        -0.036353099042429324,
        -0.03169934429317689,
        -0.049198796594423076,
        -3.575548715174653e-05,
        1.469663504518111e-05,
        -7.654519797835543e-237,
        2.784229805322817e-10,
        -1.4e-322,
        7.784826978363069e-12,
        -1.4e-322,
        -0.05552506439185142
      ],
      [
        0.007778172020835965,
        0.00040464280084039127,
        -0.03526077443439159,
        -0.0747345656849173,
        -6.776302676281796e-05,
        -0.00010193544908875579,
        -3.3346378115806224e-199,
        5.5515650705659705e-06,
        2.0980979951306416e-12,
        -1.4208806746552534e-05,
        -1.4e-322,
        -0.016864820721256477
      ]
    ],
    "weights": [
      [
        -0.01472425236646997,
        -0.010811004841057384,
        -0.04817508301456957,
        -0.029953251977756154,
        2.4092569454634117e-06,
        1.8409095420009906e-05,
        4.010937409718657e-257,
        3.572845174085025e-09,
        1.4e-322,
        9.043969100723323e-24,
        -1.4e-322,
        -0.05863349909738826
      ],
      [
        0.037290961525246365,
        -0.012087643088512798,
        -0.04114410668375702,
        -0.05642126443535074,
        3.2875431904347206e-06,
        2.7707237928414124e-05,
        2.389972752292783e-261,
        1.7910071407832202e-05,
        -5.635543012428771e-23,
        2.200232363016507e-05,
        -1.4e-322,
        -0.036864195519620654
      ],
      [
        0.004606845609253132,
        -0.03581785612494859,
        -0.03159932794694842,
        -0.04909022524290724,
        -3.976750985637391e-06,
        -2.9262468329468423e-06,
        -2.6936232117948316e-239,
        8.109319993541262e-06,
        -1.4e-322,
        2.730475963408828e-05,
        -1.4e-322,
        -0.05488125012285485
      ],
      [
        0.006685323471427907,
        -0.000553657609578878,
        -0.03527999791672101,
        -0.0748883373062355,
        2.1895215212089346e-05,
        -4.007076418827134e-06,
        -1.173458041710492e-201,
        8.162096257358622e-06,
        7.383200526703396e-15,
        -5.721636878855503e-06,
        -1.4e-322,
        -0.017976892752993967
      ]
    ]
  },
  "cues": [
    [
      2,
      6
    ],
    [
      6,
      4
    ],
    [
      7,
      3
    ],
    [
      7,
      8
    ],
    [
      2,
      8
    ]
  ],
  "env": {
    "delay": 0,
    "grid_size": 10,
    "max_steps": 200,
    "noise": 0.0,
    "num_cues": 5,
    "reward_sparse_prob": 0.1
  },
  "seed": 21
}