{
  "agent": {
    "action_size": 4,
    "cue_exploration_bias": 0.3333333333333333,
    "cue_regularization": 0.01666666666666667,
    "epsilon": 0.05,
    "state_size": 11,
    "target_weights": [
      [
        0.03075248433022256,
        0.0765542296091397,
        -0.007200302214510028,
        0.025842464547017878,
        -1.9783135431712005e-05,
        -1.9760915560939214e-05,
        2.7959428299227335e-12,
        -3.479761844527267e-190,
        -1.4468284601466563e-221,
        1.6668104789219526e-12,
        4.5075336220745044e-235,
        0.062068938267148724
      ],
      [
        0.19849073845375112,
        0.17729591216330098,
        -0.045631116350597384,
        0.02253817598621691,
        4.0531694807679336e-05,
        3.3500094147810365e-05,
        -3.746782797579857e-05,
        -7.25733236733542e-85,
        6.153690688970343e-20,
        5.877929038402167e-05,
        1.9403100075856976e-12,
        0.22544797798642205
      ],
      [
        0.09798414837830235,
        0.12679448445462083,
        -0.0023587951055633045,
        0.019273907934450968,
        -0.0002448805709980357,
        -4.477676251333406e-05,
        1.4978608858336129e-12,
        2.0546347931627814e-162,
        1.1375481497224698e-218,
        8.723727462756649e-05,
        3.195901808692261e-253,
        0.10307013420910743
      ],
      [
        0.1667600843795056,
        0.25987636384522866,
        0.018184108644745713,
        -0.05724382742577587,
        -5.6109031773189874e-05,
        -8.928936624765802e-05,
        -0.0001206775104241604,
        1.0878370494105852e-80,
        9.608299711534244e-63,
        2.8904043766832274e-05,
        -5.319824100557666e-06,
        0.19240758508031783
      ]
    ],
    "weights": [
      [
        0.03075248433022256,
        0.0765542296091397,
        -0.007200302214510028,
        0.025842464547017878,
        -5.156511905347386e-06,
        -5.150720253737317e-06,
        7.287678203959794e-13,
        -9.070065481286364e-191,
        -3.7711859201966883e-222,
        4.3445732392557525e-13,
        1.1748972181994191e-235,
        0.062068938267148724
      ],
      [
        0.20018659437013345,
        0.17894018035252385,
        -0.04511882358829542,
        0.023102056475678395,
        -0.0006004933921317635,
        1.1912053289407074e-05,
        1.2070230824792308e-06,
        -1.8916374950979907e-85,
        1.6039711909688378e-20,
        7.99357862961723e-05,
        0.00011407542106361324,
        0.22765612666510637
      ],
      [
        0.09843365120559232,
        0.1273724166611365,
        -0.002230365726337599,
        0.019273907934450968,
        -0.0002443008089299162,
        -5.6789203875713405e-05,
        3.904202909097103e-13,
        5.355444696143386e-163,
        2.965040904257806e-219,
        2.2738561678449633e-05,
        8.330178894911783e-254,
        0.1036480664156231
      ],
      [
        0.1659620034737287,
        0.2590942134442303,
        0.018110442776110073,
        -0.05733342379918993,
        0.00027748577770109466,
        -3.30370876318126e-05,
        -6.289318738038734e-05,
        2.8354679750975244e-81,
        2.50442160817703e-63,
        3.717647352314905e-05,
        -1.386622277523662e-06,
        0.1915358383059054
      ]
    ]
  },
  "cues": [
    [
      3,
      5
    ],
    [
      6,
      2
    ],
    [
      3,
      0
    ],
    [
      1,
      2
    ],
    [
      3,
      8
    ]
  ],
  "env": {
    "delay": 6,
    "grid_size": 10,
    "max_steps": 200,
    "noise": 0.0,
    "num_cues": 5,
    "reward_sparse_prob": 1.0
  },
  "seed": 8
}