{
  "agent": {
    "action_size": 4,
    "cue_exploration_bias": 0.2333333333333333,
    "cue_regularization": 0.01916666666666667,
    "epsilon": 0.05,
    "state_size": 11,
    "target_weights": [
      [
        0.046257699395213514,
        0.02347286704621172,
        -0.025318390463366234,
        -0.011469967827255024,
        -7.906164133503867e-05,
        1.1676480776230948e-05,
        6.548089956128921e-22,
        3.7411229610760723e-06,
        1.3e-322,
        2.6732440212410073e-168,
        1.3e-322,
        0.051016272641109195
      ],
      [
        0.1250914242996282,
        0.06644002928675208,
        -0.03370471852832343,
        -0.01318067635215757,
        7.515533626816386e-05,
        -1.7852488966251936e-05,
        -4.7984514921206246e-05,
        -3.933708726678884e-09,
        -1.3e-322,
        3.813110417019297e-165,
        6.395784798635925e-178,
        0.06893307554996737
      ],
      [
        0.03526121906148016,
        0.06594462997042323,
        -0.042038766728422855,
        0.011345390715663005,
        -4.5797970071047174e-05,
        1.0104477249992977e-05,
        1.0057583412287658e-27,
        7.286573569532609e-06,
        -1.3e-322,
        1.6170331761774034e-214,
        8.946011230936345e-186,
        0.04847502554536365
      ],
      [
        0.09626380743925635,
        0.10370836143949856,
        0.021560636328482638,
        -0.05034176285490134,
        0.00015954590668601127,
        -6.116067908021923e-05,
        -1.5404171979987966e-05,
        -7.225672736850155e-07,
        -1.3e-322,
        -9.524908839057257e-194,
        -2.3993720160725277e-170,
        0.050408969904253996
      ]
    ],
    "weights": [
      [
        0.046514376118465,
        0.02372954376946321,
        -0.02518737903384171,
        -0.011338956397730499,
        -8.330760367968258e-06,
        7.180325573519775e-06,
        1.338394094465284e-24,
        7.64665255260599e-09,
        1.3e-322,
        5.463965881752698e-171,
        1.3e-322,
        0.05140396079388521
      ],
      [
        0.12134765945998656,
        0.06291591209421078,
        -0.03345628446430641,
        -0.013151889935240814,
        0.0002455165304812452,
        -5.520650236500848e-05,
        1.5072844362100779e-05,
        -8.04028741878498e-12,
        -1.3e-322,
        7.793791010622776e-168,
        1.3072637458123232e-180,
        0.06543774477434294
      ],
      [
        0.03621576023545107,
        0.06682400087511357,
        -0.04209515400873144,
        0.011364173704634974,
        -9.480051844409894e-05,
        2.1520658062407166e-05,
        2.0557155344206087e-30,
        1.489336142247287e-08,
        -1.3e-322,
        3.305128164167312e-217,
        1.8285162055995353e-188,
        0.04937317943902597
      ],
      [
        0.0952202938524431,
        0.1023238909207287,
        0.02165285834759959,
        -0.04990858390382776,
        9.50418738776013e-05,
        2.0346050166791e-05,
        9.655341705233954e-06,
        -2.16891243538517e-06,
        -1.3e-322,
        -1.9468397389046835e-196,
        -4.904186347853983e-173,
        0.049457678336557696
      ]
    ]
  },
  "cues": [
    [
      3,
      3
    ],
    [
      6,
      9
    ],
    [
      8,
      0
    ],
    [
      2,
      7
    ],
    [
      0,
      9
    ]
  ],
  "env": {
    "delay": 0,
    "grid_size": 10,
    "max_steps": 200,
    "noise": 0.0,
    "num_cues": 5,
    "reward_sparse_prob": 0.3
  },
  "seed": 26
}