{
  "agent": {
    "action_size": 4,
    "cue_exploration_bias": 0.2333333333333333,
    "cue_regularization": 0.01916666666666667,
    "epsilon": 0.05,
    "state_size": 11,
    "target_weights": [
      [
        0.03905608605202346,
        0.004552658982345493,
        -0.019483488678158863,
        -0.030492514626576612,
        3.2795462265820424e-05,
        -7.35069715131571e-08,
        8.783065223778577e-246,
        1.2008162038239983e-46,
        1.0881735013171531e-54,
        -1.3e-322,
        1.4773041950741159e-44,
        -0.013031617292770243
      ],
      [
        0.11230982498726304,
        0.04209548521477338,
        -0.0433469311095432,
        -0.024588715055653222,
        0.0002835349437832695,
        -0.0001387367488979591,
        -6.763350411799101e-175,
        -5.367208009854337e-06,
        -2.725691302829513e-15,
        1.7731087703977323e-165,
        -1.7763784403779063e-06,
        0.014355896881081623
      ],
      [
        0.03877538417038796,
        0.01278770878542211,
        -0.021693649312845936,
        -0.0357562348334555,
        -2.6660061143552397e-07,
        1.3302618919834755e-08,
        1.9680455991971282e-158,
        2.5911203578063354e-54,
        3.568109999809201e-130,
        -1.3e-322,
        4.070712903025713e-09,
        -0.00022522165059823225
      ],
      [
        0.03891217105809715,
        0.08961177616146102,
        -0.037933619333887225,
        -0.02876926777479642,
        1.168717158267072e-05,
        4.802661570681789e-06,
        4.899953371087151e-157,
        -7.219593338258288e-08,
        7.830675180772812e-06,
        -3.7996370574334494e-168,
        8.895436514430624e-06,
        0.02727120056706428
      ]
    ],
    "weights": [
      [
        0.03905608605202346,
        0.004552658982345493,
        -0.019483488678158863,
        -0.030492514626576612,
        1.2953411522802667e-05,
        -2.9033469450351635e-08,
        3.4690975645674353e-246,
        4.74293252075702e-47,
        4.298021188577845e-55,
        -1.3e-322,
        5.834992971909266e-45,
        -0.013031617292770243
      ],
      [
        0.11135915483794857,
        0.04114224590679241,
        -0.043390828329258835,
        -0.024630043116702343,
        0.00023576464422476028,
        3.468566987684748e-05,
        -2.671359240093914e-175,
        3.4327162553823453e-07,
        -1.0765819015904515e-15,
        7.003349241272815e-166,
        -4.829800110393225e-06,
        0.013361329512051535
      ],
      [
        0.03902540009174138,
        0.013037724706775534,
        -0.021628966635043077,
        -0.03569155215565264,
        -5.087257795651716e-05,
        1.2163019336581148e-05,
        7.773302396353167e-159,
        1.0234296448614954e-54,
        1.409316838150678e-130,
        -1.3e-322,
        0.00012864744413523232,
        8.947694855805194e-05
      ],
      [
        0.04453713588330288,
        0.09591397822707279,
        -0.03723757611990281,
        -0.02875046180121805,
        -0.0016750511762375318,
        -6.3054284850056e-06,
        1.9353626408366245e-157,
        -2.851564121272032e-08,
        3.0929266157550834e-06,
        -1.500764405858732e-168,
        2.0561690280654725e-06,
        0.03359220860625443
      ]
    ]
  },
  "cues": [
    [
      8,
      1
    ],
    [
      5,
      9
    ],
    [
      9,
      4
    ],
    [
      1,
      8
    ],
    [
      5,
      6
    ]
  ],
  "env": {
    "delay": 0,
    "grid_size": 10,
    "max_steps": 200,
    "noise": 0.0,
    "num_cues": 5,
    "reward_sparse_prob": 0.3
  },
  "seed": 29
}