{
  "agent": {
    "action_size": 4,
    "cue_exploration_bias": 0.3333333333333333,
    "cue_regularization": 0.01666666666666667,
    "epsilon": 0.05,
    "state_size": 11,
    "target_weights": [
      [
        0.057857735288874786,
        0.09431388199037222,
        0.049352420229646254,
        0.04838649820552167,
        8.96006798356592e-09,
        -5.869759033559051e-07,
        1.2552157608217025e-155,
        7.518386558742572e-167,
        5.424368734356804e-166,
        8.178270020262256e-128,
        2.1428600829831363e-218,
        0.09345918276413034
      ],
      [
        0.2286902153596792,
        0.17539647278489265,
        -0.012894392791256976,
        0.034859502503521246,
        0.00043452593992501825,
        7.383447905966242e-05,
        -4.494790274906573e-06,
        5.988969584074202e-06,
        3.8209655929719535e-07,
        1.368475868384647e-65,
        -1.468134098426203e-05,
        0.2225420358805576
      ],
      [
        0.13070303202958744,
        0.1320436740903364,
        0.021859976230849808,
        0.04678002438941291,
        -7.442674393870356e-05,
        -9.49763521948696e-08,
        3.3167841144599396e-154,
        1.8601017765740131e-177,
        1.6774870660560963e-15,
        1.0052420807933926e-156,
        -2.0873000263146203e-303,
        0.11724272770140487
      ],
      [
        0.20422546195923966,
        0.2575936762192838,
        0.02297496508601898,
        -0.04936186162531055,
        -1.764859535388037e-05,
        -0.00010098577038309249,
        4.3358746744078446e-65,
        7.187926489961623e-123,
        2.496084169376195e-34,
        -1.0570341174330295e-06,
        1.300282100541644e-55,
        0.18024253538672047
      ]
    ],
    "weights": [
      [
        0.058151914172928684,
        0.09472573242804767,
        0.04958776333688937,
        0.04850416975914323,
        -2.953343089761607e-05,
        -8.887426276332214e-05,
        5.602152464708033e-156,
        3.3555305076089053e-167,
        2.4209495788014294e-166,
        3.6500430428843216e-128,
        9.563797133609796e-219,
        0.09398870475542735
      ],
      [
        0.22934170976674376,
        0.17600314493332792,
        -0.012772609599631588,
        0.03502610795377597,
        -0.00014917695974356814,
        4.551490542993763e-05,
        -2.0060694904300478e-06,
        2.67293653917468e-06,
        1.7053348501790355e-07,
        6.107643560773848e-66,
        -6.55242812808223e-06,
        0.22331531347924752
      ],
      [
        0.130841159171119,
        0.1322853965880166,
        0.022032635157764234,
        0.04684908796017868,
        -3.321739417321002e-05,
        -0.00010021334298638833,
        1.4803136545674368e-154,
        8.301818760959691e-178,
        7.486791191555863e-16,
        4.486495132006928e-157,
        -9.315827088841492e-304,
        0.11755351376985083
      ],
      [
        0.20393717511456153,
        0.2571952507167975,
        0.022798806738935407,
        -0.049427881314586,
        0.00014907294986395503,
        -3.39452133733199e-05,
        1.935143881399157e-65,
        3.208042900570187e-123,
        1.1140271272912928e-34,
        -4.717648129578474e-07,
        5.803288009701645e-56,
        0.1797780901949588
      ]
    ]
  },
  "cues": [
    [
      4,
      4
    ],
    [
      2,
      3
    ],
    [
      2,
      2
    ],
    [
      1,
      8
    ],
    [
      3,
      4
    ]
  ],
  "env": {
    "delay": 6,
    "grid_size": 10,
    "max_steps": 200,
    "noise": 0.0,
    "num_cues": 5,
    "reward_sparse_prob": 1.0
  },
  "seed": 13
}