{
  "agent": {
    "action_size": 4,
    "cue_exploration_bias": 0.3333333333333333,
    "cue_regularization": 0.01666666666666667,
    "epsilon": 0.05,
    "state_size": 11,
    "target_weights": [
      [
        0.06253224087530063,
        0.07202645439040413,
        -0.004270453183274268,
        -0.007836002223756829,
        -3.03898357451102e-06,
        1.2195846528174456e-06,
        1.43e-322,
        7.970829870160041e-22,
        2.1794131678211243e-22,
        7.840359796120127e-13,
        -1.43e-322,
        0.03248091931250791
      ],
      [
        0.122086237452954,
        0.13799676396873853,
        -0.03667948021204244,
        -0.02402816172983403,
        -2.762640822689368e-05,
        -6.467714778395252e-06,
        3.244905936251147e-05,
        1.422871644168561e-08,
        -9.482567985044162e-06,
        -9.711193895114739e-15,
        1.43e-322,
        0.1151504722681732
      ],
      [
        0.10154609520158023,
        0.10500454283114245,
        -0.0252407673965797,
        -0.012557015346713477,
        -1.2134141096921574e-05,
        -6.147464830496767e-06,
        1.43e-322,
        2.1422246931012779e-218,
        1.3587223331539928e-11,
        7.202593069679504e-19,
        1.43e-322,
        0.08771915049079586
      ],
      [
        0.11824969358766424,
        0.22765149799554818,
        -0.03812807649710253,
        -0.15842825714210015,
        -0.00016682106489926467,
        -3.729327309676689e-05,
        7.381830413141172e-06,
        -0.00010441323834746411,
        1.6267005980425978e-06,
        -6.669640583182866e-05,
        -3.3850640779458127e-06,
        0.07163378164993593
      ]
    ],
    "weights": [
      [
        0.06292599863573692,
        0.07237646128856973,
        -0.004270453183274268,
        -0.007792251361486129,
        -0.00010153783015419613,
        4.159687174527619e-07,
        1.43e-322,
        2.7186434910155724e-22,
        7.433413483220618e-23,
        2.6741435301157923e-13,
        -1.43e-322,
        0.03287467707294421
      ],
      [
        0.12198022496781316,
        0.1379276365131758,
        -0.03666611760777265,
        -0.02405168415514239,
        3.336043301669556e-05,
        -9.653180965460774e-06,
        1.1067533175651449e-05,
        4.853046416723755e-09,
        -3.234258182722363e-06,
        -3.3122365554157524e-15,
        1.43e-322,
        0.11505782238730212
      ],
      [
        0.10162255102337461,
        0.10506400847031586,
        -0.0252407673965797,
        -0.012540025164092503,
        -1.5924900635584644e-05,
        8.498239645022542e-07,
        1.43e-322,
        7.306573233980828e-219,
        4.634249742244753e-12,
        2.4566178285429767e-19,
        1.43e-322,
        0.08779560631259024
      ],
      [
        0.11691794234324912,
        0.2263995031142423,
        -0.03823724152679625,
        -0.15861717853490312,
        0.00027420906116255026,
        -3.7370647628595144e-05,
        2.5177510411552806e-06,
        -5.311626254616615e-05,
        1.7574034189345597e-05,
        -8.950434409256213e-05,
        -1.1545576272591104e-06,
        0.0701928653758271
      ]
    ]
  },
  "cues": [
    [
      0,
      8
    ],
    [
      1,
      8
    ],
    [
      3,
      6
    ],
    [
      5,
      8
    ],
    [
      4,
      9
    ]
  ],
  "env": {
    "delay": 0,
    "grid_size": 10,
    "max_steps": 200,
    "noise": 0.2,
    "num_cues": 5,
    "reward_sparse_prob": 1.0
  },
  "seed": 19
}