{
  "agent": {
    "action_size": 4,
    "cue_exploration_bias": 0.3333333333333333,
    "cue_regularization": 0.01666666666666667,
    "epsilon": 0.05,
    "state_size": 11,
    "target_weights": [
      [
        0.026174743766342507,
        0.06120497567413733,
        -0.048397065702505404,
        -0.004582785569855425,
        -9.942640501225544e-05,
        -5.673437466861464e-07,
        -8.503075685907701e-306,
        -3.1304592977498116e-182,
        -1.364e-321,
        2.0699932920156192e-10,
        7.524675828653199e-12,
        0.016294434215272942
      ],
      [
        0.06974832014944625,
        0.09629326626941963,
        -0.0565460689120114,
        -0.03611654898562031,
        -2.6068711892435092e-05,
        4.177130168095578e-06,
        -1.206617928185537e-13,
        -1.43e-322,
        -3.1960783211787575e-269,
        -4.7234704947967937e-07,
        2.4711390760984693e-09,
        0.08579060712070254
      ],
      [
        0.05724347579586082,
        0.08162740425928992,
        -0.03892762191591076,
        -0.012868511263007162,
        -8.998996162171106e-05,
        -6.120763505283079e-06,
        6.853526213759409e-235,
        3.2454527997148632e-304,
        1.43e-322,
        -4.344784960643682e-114,
        1.581560391817027e-08,
        0.02576063481631828
      ],
      [
        0.06797869556740133,
        0.19497207945160766,
        -0.04917861901911961,
        -0.1584836595081244,
        -0.0005178486328052684,
        -8.195226516287431e-05,
        1.9056354449425835e-33,
        1.43e-322,
        1.43e-322,
        2.7703860975323386e-46,
        -1.2655894953261301e-05,
        0.026263468604347102
      ]
    ],
    "weights": [
      [
        0.026362916207770624,
        0.06142002989291232,
        -0.048343302147811656,
        -0.004555903792508551,
        -4.144325265694058e-05,
        -5.0437771940498217e-08,
        -7.559371099860939e-307,
        -2.783028685011021e-183,
        -1.43e-322,
        1.8402573429403132e-11,
        6.68955788423881e-13,
        0.01653637021139481
      ],
      [
        0.069754833082799,
        0.09636922867177765,
        -0.05643979256314617,
        -0.036079722105760374,
        1.715728585945931e-05,
        1.0113855982227722e-05,
        -1.0727027527247207e-14,
        -1.43e-322,
        -2.8413650526540815e-270,
        -8.371558945475346e-06,
        3.6041762968225846e-05,
        0.08590339640292047
      ],
      [
        0.057595177760161695,
        0.08193606747788022,
        -0.038905160874914926,
        -0.012803011476300738,
        -8.078015088445136e-05,
        1.1527438516330148e-05,
        6.09289507775347e-236,
        2.8852597585115293e-305,
        1.43e-322,
        -3.8625837379094424e-115,
        1.4060326357438637e-09,
        0.026134797821614993
      ],
      [
        0.06655129593518873,
        0.19360749408287556,
        -0.0486721136970782,
        -0.1580399684495635,
        0.000634877935671698,
        -5.879616171001765e-06,
        1.6941405723630017e-34,
        1.43e-322,
        1.43e-322,
        7.61284874079603e-05,
        -6.41200869529396e-05,
        0.02534257429417589
      ]
    ]
  },
  "cues": [
    [
      3,
      5
    ],
    [
      6,
      2
    ],
    [
      3,
      0
    ],
    [
      1,
      2
    ],
    [
      3,
      8
    ]
  ],
  "env": {
    "delay": 0,
    "grid_size": 10,
    "max_steps": 200,
    "noise": 0.2,
    "num_cues": 5,
    "reward_sparse_prob": 1.0
  },
  "seed": 8
}