{
  "agent": {
    "action_size": 4,
    "cue_exploration_bias": 0.3,
    "cue_regularization": 0.017499999999999998,
    "epsilon": 0.05,
    "state_size": 11,
    "target_weights": [
      [
        -0.01664775385706389,
        -0.03275684603445415,
        -0.046674700454414124,
        -0.06143600481760975,
        -1.1860622383107686e-05,
        -1.201411202803341e-05,
        1.6135045695314948e-220,
        1.745542784018161e-09,
        -1.3568502190960914e-295,
        3.74789971144074e-191,
        8.407411106439211e-08,
        -0.04512307351218657
      ],
      [
        0.032404651302235396,
        -0.02086921334520479,
        -0.040189190301556904,
        -0.05945358783854315,
        -6.0298263643387196e-05,
        -1.6243658428116279e-06,
        -1.731589519809238e-148,
        -5.350896276548073e-06,
        2.694844916935806e-06,
        -8.719343338074027e-07,
        -2.921969090733099e-06,
        -0.04311735195222693
      ],
      [
        0.0012491797862762422,
        -0.020898640334269473,
        -0.038416486332884164,
        -0.05119414278964037,
        -1.3338958180737363e-05,
        -3.2251672573783825e-06,
        3.799396873678745e-224,
        3.684527201387367e-10,
        -1.099942980929963e-292,
        1.612522719222661e-19,
        1.471960054783098e-05,
        -0.06997277967933771
      ],
      [
        0.0019483405584776415,
        0.008663620064263036,
        -0.04274994258454086,
        -0.05615612866256425,
        -6.0972457350323e-05,
        -9.644674109710289e-05,
        2.6152071796432105e-107,
        -5.29349673994154e-05,
        -1.5895064200495623e-10,
        6.816840741638306e-07,
        4.3341551012212505e-06,
        -0.040027208886459095
      ]
    ],
    "weights": [
      [
        -0.016557711647790564,
        -0.032675722831007274,
        -0.04662603952249658,
        -0.06137842487986576,
        -1.4796132388288433e-06,
        -7.209876959844077e-07,
        3.0921704553941274e-222,
        6.854137048354983e-06,
        -2.600310057443612e-297,
        7.182591841597516e-193,
        1.611222473155586e-09,
        -0.044984370370995695
      ],
      [
        0.03242539890550006,
        -0.020825532752394654,
        -0.04010359932487863,
        -0.05939092985141035,
        -1.1272559479389405e-05,
        -3.806140191914081e-06,
        -3.3184721352099717e-150,
        6.157836370131264e-06,
        5.1644848061617294e-08,
        -1.4132850322405188e-06,
        8.095549913635807e-06,
        -0.04301101337228399
      ],
      [
        0.0013412993499765822,
        -0.02077396608733668,
        -0.0383461173735221,
        -0.05115632851351076,
        -4.11820204193403e-06,
        -9.314775836534209e-06,
        7.281282608649525e-226,
        7.061142787797733e-12,
        -2.1079650175625887e-294,
        3.090288806854713e-21,
        2.820910134913486e-07,
        -0.06981029115627531
      ],
      [
        0.0016133066108801042,
        0.008369631584708888,
        -0.042690452509049376,
        -0.05613768405511614,
        3.376825656193926e-05,
        1.2844323775592458e-06,
        5.011864563839077e-109,
        -1.2904466801525967e-05,
        -3.046179653624216e-12,
        1.3064006101043456e-08,
        2.446604988475997e-05,
        -0.04030275275856514
      ]
    ]
  },
  "cues": [
    [
      9,
      0
    ],
    [
      6,
      7
    ],
    [
      3,
      7
    ],
    [
      7,
      4
    ],
    [
      2,
      0
    ]
  ],
  "env": {
    "delay": 0,
    "grid_size": 10,
    "max_steps": 200,
    "noise": 0.0,
    "num_cues": 5,
    "reward_sparse_prob": 0.1
  },
  "seed": 10
}