{
  "agent": {
    "action_size": 4,
    "cue_exploration_bias": 0.10000000000000002,
    "cue_regularization": 0.022500000000000003,
    "epsilon": 0.05,
    "state_size": 11,
    "target_weights": [
      [
        0.0657949012159415,
        0.06456976129193445,
        0.012786827802029027,
        -0.007058093155160499,
        -0.00010971496133774227,
        -1.995949632293441e-06,
        1.3024874577775077e-05,
        7.109505759705213e-28,
        0.00019736285011470023,
        -1.1e-322,
        1.9673614274607678e-26,
        0.044190396523429355
      ],
      [
        0.18569402010061026,
        0.15687725097191327,
        -0.03664866909693994,
        -0.0037869489260073546,
        0.00010534163745799529,
        -7.818041331581124e-06,
        -2.6371982270168567e-05,
        5.776242987831053e-06,
        -0.00017112985251373258,
        -2.7530852030049387e-12,
        -3.1947781712161376e-05,
        0.13557187611181587
      ],
      [
        0.05743454918267846,
        0.0739129020109458,
        -0.017063175786999306,
        -0.004406331243320009,
        6.753535653121761e-07,
        2.0330998203824448e-08,
        5.157820815655877e-06,
        4.659804653161783e-09,
        2.665860627073106e-07,
        -1.1e-322,
        6.2544103059976406e-15,
        0.07384369625414906
      ],
      [
        0.1546109647344359,
        0.2217437656866236,
        0.004435672019148009,
        -0.07075935814114671,
        4.3393510794060745e-05,
        -8.55845788808496e-06,
        -4.720616917010358e-05,
        -8.930784115279018e-06,
        -0.0006051189927745708,
        7.936583148012947e-114,
        -7.86948312489863e-06,
        0.10196514365858313
      ]
    ],
    "weights": [
      [
        0.06682487465353915,
        0.06559022643697528,
        0.012904877652602322,
        -0.006930535012030396,
        -5.6972779944334726e-05,
        -3.2321452033660113e-07,
        0.00013771675134260762,
        1.151279299224115e-28,
        3.1959994330512726e-05,
        -1.1e-322,
        3.1858508341956867e-27,
        0.04533841981160028
      ],
      [
        0.1843767388990849,
        0.15575542206116003,
        -0.03646068675192566,
        -0.00379441887176516,
        0.00010627185972214338,
        -9.604317152347538e-06,
        -1.4872205791142645e-05,
        6.867266298728585e-06,
        -0.00012209022437823034,
        -4.458214270229709e-13,
        -5.173470700284969e-06,
        0.1344425772553048
      ],
      [
        0.05796364371774186,
        0.07438320826433549,
        -0.017063175786999306,
        -0.0043475429616462976,
        -0.00011482172715153488,
        3.2923044379946146e-09,
        8.352327904180594e-07,
        7.545864391895242e-10,
        4.3169669711233845e-08,
        -1.1e-322,
        1.0128092384367953e-15,
        0.07437279078921247
      ],
      [
        0.15421968377360676,
        0.2214399407470039,
        0.004651672897811879,
        -0.07063081328369246,
        7.646596242720596e-05,
        -3.6401077184800366e-05,
        -4.3177691730616306e-05,
        5.051946980371325e-06,
        -9.799007040646888e-05,
        1.285212248742468e-114,
        1.393708542588809e-05,
        0.10178986357641776
      ]
    ]
  },
  "cues": [
    [
      7,
      8
    ],
    [
      7,
      7
    ],
    [
      8,
      9
    ],
    [
      3,
      2
    ],
    [
      8,
      7
    ]
  ],
  "env": {
    "delay": 0,
    "grid_size": 10,
    "max_steps": 200,
    "noise": 0.0,
    "num_cues": 5,
    "reward_sparse_prob": 0.7
  },
  "seed": 11
}