{
  "agent": {
    "action_size": 4,
    "cue_exploration_bias": 0.3333333333333333,
    "cue_regularization": 0.01666666666666667,
    "epsilon": 0.05,
    "state_size": 11,
    "target_weights": [
      [
        0.007228135451234278,
        0.013862483962071495,
        -0.03274976557773937,
        -0.044158599919231975,
        -1.3036239775957523e-06,
        -5.3146421157962205e-08,
        3.1623312308151136e-06,
        -1.43e-322,
        1.43e-322,
        5.575691317811433e-19,
        1.3466898340923013e-12,
        -0.03343533177634661
      ],
      [
        0.16745668956158846,
        0.015921220226080987,
        -0.21409347699471057,
        -0.0480161567111304,
        -0.00032903411638592853,
        2.9308800354771527e-05,
        -3.2327238964624434e-06,
        2.1800535804249848e-44,
        -1.1840848663899386e-07,
        1.804882297752587e-15,
        9.470850214711535e-06,
        -0.015648330352170132
      ],
      [
        0.04065620439970078,
        0.016765631830768988,
        -0.05502373295822974,
        -0.07350239483823161,
        -0.0001614211443620216,
        -6.9405933959851865e-06,
        2.4956438869295752e-08,
        -4.608058821552264e-19,
        -1.43e-322,
        5.81358701075392e-294,
        -2.4866103233252982e-05,
        -0.0049862008100147095
      ],
      [
        0.02814144392616158,
        0.015556219914665693,
        -0.04898362726032431,
        -0.0642874382685967,
        -3.2134805692599e-05,
        -7.636283084029523e-06,
        4.5482437504449894e-10,
        -1.8791472910409126e-05,
        1.43e-322,
        4.602040857168851e-06,
        -4.2272587254393176e-05,
        0.006675718043614
      ]
    ],
    "weights": [
      [
        0.007647996480974996,
        0.01416471508393612,
        -0.032588701974674554,
        -0.043879906408291064,
        -3.19529206750898e-05,
        -1.0983160318208898e-05,
        8.524625720868968e-09,
        -1.43e-322,
        1.43e-322,
        1.5030266645151453e-21,
        1.5649541215897174e-07,
        -0.03285440714354108
      ],
      [
        0.16891309480972252,
        0.016907665524925355,
        -0.21488076091513283,
        -0.048333480682263216,
        0.0001869313708326063,
        3.210697135690435e-05,
        -9.074920614478105e-06,
        5.876721781536185e-47,
        -3.1919111474978507e-10,
        4.8653809280430576e-18,
        2.5530359549975786e-08,
        -0.014979209024458545
      ],
      [
        0.04064154933591913,
        0.016674735398864573,
        -0.05511092026970387,
        -0.07351334078158299,
        3.823727655793649e-06,
        2.79147916167232e-06,
        6.727451527323275e-11,
        -1.2421841320953703e-21,
        -1.43e-322,
        1.5671556755175376e-296,
        -1.0065099383612589e-05,
        -0.0050880431852705086
      ],
      [
        0.02854977951462367,
        0.015898776151044066,
        -0.048990937971918884,
        -0.06422896962810748,
        -1.8467494892054787e-05,
        -7.564906086081685e-06,
        1.2260599168743977e-12,
        -5.0655754129777195e-08,
        1.43e-322,
        1.0089413163475719e-07,
        1.764120944657025e-05,
        0.007076742920481551
      ]
    ]
  },
  "cues": [
    [
      6,
      0
    ],
    [
      3,
      4
    ],
    [
      7,
      0
    ],
    [
      4,
      0
    ],
    [
      4,
      9
    ]
  ],
  "env": {
    "delay": 0,
    "grid_size": 10,
    "max_steps": 200,
    "noise": 0.3,
    "num_cues": 5,
    "reward_sparse_prob": 1.0
  },
  "seed": 25
}