{
  "agent": {
    "action_size": 4,
    "cue_exploration_bias": 0.05555555555555555,
    "cue_regularization": 0.02361111111111111,
    "epsilon": 0.05,
    "state_size": 11,
    "target_weights": [
      [
        0.10075874514695216,
        0.10816930194181452,
        0.0191675564365521,
        0.02772552039663259,
        1.5042806264896758e-05,
        -6.635419274480942e-06,
        5.545800081818155e-125,
        -1.04e-322,
        1.04e-322,
        5.639136223187919e-122,
        1.9704009692170625e-40,
        0.07163294383536926
      ],
      [
        0.2752599801687645,
        0.21740959401701906,
        -0.030664631921580972,
        0.01564680104195457,
        8.303152782719044e-05,
        -0.0004970594823302566,
        -2.7058564980240613e-63,
        1.5793036230944596e-22,
        1.04e-322,
        -1.1296370641448657e-18,
        -5.141556996254896e-05,
        0.22215159893003297
      ],
      [
        0.096139999795615,
        0.08012060688830999,
        -0.011765282414138562,
        0.026986706169520973,
        -6.0054594520390374e-05,
        -9.199862135216933e-08,
        1.3365045666774747e-75,
        1.3780971117005223e-57,
        -1.04e-322,
        1.6351454258473705e-118,
        7.204025156607978e-10,
        0.11789090305639342
      ],
      [
        0.1928952983955596,
        0.3046008125205794,
        0.00690843242829747,
        -0.044069950230852514,
        -0.0002937806450146498,
        -6.73079401487004e-05,
        5.951145006936702e-60,
        -1.0913935998082962e-06,
        -1.04e-322,
        4.474534757601523e-117,
        9.093327029020111e-08,
        0.212265043329875
      ]
    ],
    "weights": [
      [
        0.10187580414631936,
        0.1091861381944617,
        0.019436374285160738,
        0.028094560991961264,
        7.954476299358727e-05,
        -0.0002735529832167298,
        2.627107314828803e-127,
        -1.04e-322,
        1.04e-322,
        2.671321685363777e-124,
        9.334009021253508e-43,
        0.07301882068334511
      ],
      [
        0.27505076029203174,
        0.21673843880658572,
        -0.0306418679296855,
        0.01613150036755072,
        0.00017162999214601556,
        1.1043118892120366e-05,
        -1.2817943838512054e-65,
        7.48133729913839e-25,
        1.04e-322,
        -5.351216687464468e-21,
        -1.5155721725776858e-06,
        0.2219651430451957
      ],
      [
        0.09745530366421888,
        0.08153302148954396,
        -0.011514337965061834,
        0.027140539885967627,
        -1.6521819928378658e-05,
        -4.4037859240235844e-07,
        6.331171105377081e-78,
        6.528199627250097e-60,
        -1.04e-322,
        7.745866143166434e-121,
        3.4126270161060067e-12,
        0.11945715137407403
      ],
      [
        0.19557215340615847,
        0.3078024740298351,
        0.008289450498716473,
        -0.04321373865909019,
        -0.0002763699549959225,
        -7.819131290168718e-05,
        2.819123724020849e-62,
        -6.007015242257558e-06,
        -1.04e-322,
        2.1196369899249717e-119,
        4.3076103721065443e-10,
        0.21632291641089293
      ]
    ]
  },
  "cues": [
    [
      9,
      4
    ],
    [
      5,
      8
    ],
    [
      0,
      7
    ],
    [
      3,
      0
    ],
    [
      2,
      1
    ]
  ],
  "env": {
    "delay": 1,
    "grid_size": 10,
    "max_steps": 200,
    "noise": 0.0,
    "num_cues": 5,
    "reward_sparse_prob": 1.0
  },
  "seed": 5
}