{
  "agent": {
    "action_size": 4,
    "cue_exploration_bias": 0.3,
    "cue_regularization": 0.017499999999999998,
    "epsilon": 0.05,
    "state_size": 11,
    "target_weights": [
      [
        -0.0047020088942923656,
        -0.004336287881443197,
        -0.03877411138327608,
        -0.030213961324196972,
        -9.282944301230086e-06,
        -1.895804439387959e-09,
        4.294149885623962e-71,
        1.3012316509131817e-08,
        7.948467265783211e-16,
        -1.4e-322,
        2.0834554959380612e-10,
        -0.051667613316782816
      ],
      [
        0.037357915173837984,
        0.007121224541826095,
        -0.0465870041163422,
        -0.032330890743461835,
        7.401786813967972e-05,
        2.8743367497788517e-05,
        2.1688680510486857e-06,
        -4.502013990257321e-06,
        -2.8544879039617875e-06,
        -4.1699322664975143e-156,
        -7.615600791065066e-07,
        -0.05341492443974703
      ],
      [
        -0.020124909321380155,
        -0.0077558034912044455,
        -0.05803780429092115,
        -0.03350421963085516,
        -2.7202657645604713e-05,
        -1.3657057559630918e-06,
        1.7196686977551693e-12,
        3.6173576583282735e-207,
        3.084507773413734e-73,
        3.072266771212563e-137,
        4.2766660909862695e-10,
        -0.027162713166603014
      ],
      [
        0.007420435785029182,
        0.010781238028420884,
        -0.0332251762723005,
        -0.057420949353877475,
        -9.95930359037346e-06,
        -3.4088079377960633e-06,
        -2.5757387312956066e-06,
        5.312796860116366e-06,
        1.4325654283210852e-06,
        1.4e-322,
        7.489196284492413e-06,
        -0.027820720290808936
      ]
    ],
    "weights": [
      [
        -0.0043867961309023325,
        -0.00411303506094738,
        -0.038884071550813935,
        -0.030231961548840596,
        -1.4854948158550792e-05,
        -5.596702906606295e-07,
        1.5111100516212086e-73,
        3.3439854117847436e-06,
        2.7970632372469913e-18,
        -1.4e-322,
        4.829532811457254e-06,
        -0.05146236072093064
      ],
      [
        0.03863840022718532,
        0.008158683309020521,
        -0.04680262064134837,
        -0.0323034809823151,
        4.607983329808796e-05,
        4.314030980878271e-05,
        7.539861439033229e-06,
        -2.8866493559999197e-05,
        -1.189369881795859e-05,
        -1.4673979088572027e-158,
        -1.5498793865017777e-05,
        -0.05235005591140586
      ],
      [
        -0.02012454537344669,
        -0.007755621517237713,
        -0.05825995093921959,
        -0.033726184305186875,
        -4.201519823699995e-05,
        1.983113164551885e-08,
        6.051508968831897e-15,
        1.272947070643423e-209,
        1.0854373566031152e-75,
        1.0811297516147502e-139,
        1.5049575095532311e-12,
        -0.027384495866968003
      ],
      [
        0.007060846251986422,
        0.010446353790373234,
        -0.033074608001346754,
        -0.05729508637791886,
        3.0587589411842884e-05,
        4.337699372792629e-06,
        -8.340970699606609e-06,
        1.8695716151922102e-08,
        2.970574420871253e-07,
        1.4e-322,
        -2.2239568172791073e-06,
        -0.02802974155289798
      ]
    ]
  },
  "cues": [
    [
      5,
      7
    ],
    [
      7,
      4
    ],
    [
      6,
      3
    ],
    [
      7,
      0
    ],
    [
      6,
      4
    ]
  ],
  "env": {
    "delay": 0,
    "grid_size": 10,
    "max_steps": 200,
    "noise": 0.0,
    "num_cues": 5,
    "reward_sparse_prob": 0.1
  },
  "seed": 16
}