{
  "agent": {
    "action_size": 4,
    "cue_exploration_bias": 0.2333333333333333,
    "cue_regularization": 0.01916666666666667,
    "epsilon": 0.05,
    "state_size": 11,
    "target_weights": [
      [
        0.031875221509087455,
        0.01922058797901027,
        -0.031636190530691624,
        -0.023858269262445903,
        2.55866131018753e-06,
        -5.443009705293851e-06,
        1.0599709277444801e-18,
        -1.3e-322,
        9.665608194901336e-172,
        -1.3e-322,
        -6.17041522749907e-263,
        -0.010459624207194766
      ],
      [
        0.06720149814330763,
        0.046093899484988786,
        -0.038000923235632464,
        -0.03397814476709767,
        -1.3513159410055335e-05,
        3.892898800563381e-05,
        1.2168591368170612e-05,
        7.546326403294236e-48,
        -3.910745035779745e-22,
        1.3e-322,
        -4.478066712818114e-43,
        0.025530175584207594
      ],
      [
        -0.0156562278610572,
        -0.0071679833617396115,
        -0.055438458801457674,
        -0.030856396559373285,
        1.2919842183870019e-11,
        -2.1366729251875634e-05,
        1.7686865860457077e-23,
        1.3e-322,
        8.856318907159523e-176,
        -1.3e-322,
        -8.6054787053805e-259,
        -0.005741452181090794
      ],
      [
        0.04644846192112495,
        0.06306941659080124,
        -0.012584448249382848,
        -0.08104758155771555,
        0.00019653083717319366,
        -0.0010879903465454341,
        1.2005263524156355e-05,
        -4.407503606292492e-19,
        4.5793481539415816e-139,
        -1.2128022022655653e-68,
        5.976748907901669e-190,
        0.03638333274855939
      ]
    ],
    "weights": [
      [
        0.032196778736897094,
        0.01952275066237397,
        -0.03161781473971711,
        -0.02382049892702544,
        1.1087551645009373e-05,
        -0.00015723095436097397,
        1.653616382597466e-19,
        -1.3e-322,
        1.507891173286039e-172,
        -1.3e-322,
        -9.626207135070619e-264,
        -0.010119691188410603
      ],
      [
        0.0672190576398769,
        0.04613629407313369,
        -0.03789509829264319,
        -0.033897154915684076,
        5.074787129964592e-07,
        9.26947314524089e-06,
        1.6406886870699047e-05,
        1.1772708705764923e-48,
        -6.10099002723405e-23,
        1.3e-322,
        -6.986044885624904e-44,
        0.02565356002376611
      ],
      [
        -0.015553912328883469,
        -0.007040088946522448,
        -0.05531056438624051,
        -0.030754081027199554,
        -5.017724022129646e-05,
        -2.8421955326816983e-05,
        2.759254086891908e-24,
        1.3e-322,
        1.3816373308982896e-176,
        -1.3e-322,
        -1.3425047984656785e-259,
        -0.005511242233699899
      ],
      [
        0.046878332139127406,
        0.06368994126007438,
        -0.01249933427534731,
        -0.08115312203495069,
        0.00010400919383663484,
        -0.0004909501783364492,
        -1.9420095578288892e-05,
        -6.875962329675914e-20,
        7.144049832657957e-140,
        -1.892042072119998e-69,
        9.324076396895483e-191,
        0.03689831694059738
      ]
    ]
  },
  "cues": [
    [
      2,
      4
    ],
    [
      1,
      5
    ],
    [
      9,
      2
    ],
    [
      0,
      6
    ],
    [
      6,
      1
    ]
  ],
  "env": {
    "delay": 0,
    "grid_size": 10,
    "max_steps": 200,
    "noise": 0.0,
    "num_cues": 5,
    "reward_sparse_prob": 0.3
  },
  "seed": 20
}