{
  "agent": {
    "action_size": 4,
    "cue_exploration_bias": 0.3333333333333333,
    "cue_regularization": 0.01666666666666667,
    "epsilon": 0.05,
    "state_size": 11,
    "target_weights": [
      [
        0.04069767745950637,
        0.06902787821453528,
        0.033390938393040664,
        0.006267568194144408,
        -1.4309416182173467e-05,
        -5.2595314539631915e-06,
        0.00016618866445121364,
        3.0478928537546296e-11,
        7.1016719720312875e-273,
        2.075025747159487e-83,
        3.9945328111330605e-131,
        0.052836449690871826
      ],
      [
        0.19870429994004563,
        0.1699600681782972,
        -0.003909023288913881,
        0.0389153881704179,
        4.095475595734409e-05,
        5.8522670171691965e-06,
        4.7627696058530424e-05,
        2.3341527093819077e-05,
        -4.5013724588198163e-10,
        -3.111230888802548e-20,
        3.558432287789113e-36,
        0.17468228103062958
      ],
      [
        0.0835182770123423,
        0.11672937762964973,
        0.024963567510701723,
        0.02454439456187687,
        -9.652507046777695e-05,
        2.7802453729815726e-06,
        2.0576204023905324e-07,
        3.486749974162649e-07,
        1.0315310494135321e-17,
        2.7358471758055367e-33,
        4.190053894524984e-109,
        0.09504639286962817
      ],
      [
        0.16013312769954066,
        0.23582204650353056,
        0.013284059041420068,
        -0.057882039192036605,
        0.00028396443431183004,
        -9.076845006123761e-05,
        2.475279915288057e-08,
        4.711620768041089e-05,
        7.042634633823834e-32,
        -6.270337436926786e-05,
        -3.1014073558240944e-08,
        0.1486478469265896
      ]
    ],
    "weights": [
      [
        0.04161623363560974,
        0.07030841056106575,
        0.034325133542413254,
        0.006839787173089894,
        -0.000148218317161112,
        1.7665141901434035e-05,
        8.334628310046966e-05,
        1.4068354340345145e-13,
        3.277964236451372e-275,
        9.577829299484049e-86,
        1.8437821048048918e-133,
        0.054689201016347784
      ],
      [
        0.19979816966534186,
        0.17077341023498005,
        -0.0035574836284075853,
        0.03954745549953777,
        -3.7228531652373605e-05,
        1.2926051070526137e-05,
        3.54522839997262e-05,
        3.759095045302005e-05,
        -2.0777273285882367e-12,
        -1.4360707767132325e-22,
        1.642488391908953e-38,
        0.176127690416432
      ],
      [
        0.08356686307627673,
        0.1168919490748097,
        0.025284938014682203,
        0.024751779684631818,
        -3.1781660300020512e-06,
        -2.7197961206377265e-06,
        1.8214656551226083e-06,
        1.6094015271003496e-09,
        4.761303960649642e-20,
        1.2628025110151542e-35,
        1.9340300240772897e-111,
        0.09541634943754308
      ],
      [
        0.16214351787503645,
        0.2383981455903747,
        0.013664737728129674,
        -0.058067069416675346,
        -0.00014273236498435447,
        -0.00011735214348181822,
        1.1425308109802523e-10,
        7.42072383135998e-05,
        3.2507139939702373e-34,
        -7.0448019948523245e-06,
        -3.127739357417853e-05,
        0.1510389157887951
      ]
    ]
  },
  "cues": [
    [
      0,
      1
    ],
    [
      1,
      5
    ],
    [
      2,
      4
    ],
    [
      4,
      9
    ],
    [
      3,
      9
    ]
  ],
  "env": {
    "delay": 10,
    "grid_size": 10,
    "max_steps": 200,
    "noise": 0.0,
    "num_cues": 5,
    "reward_sparse_prob": 1.0
  },
  "seed": 2
}