{
  "agent": {
    "action_size": 4,
    "cue_exploration_bias": 0.16666666666666666,
    "cue_regularization": 0.020833333333333336,
    "epsilon": 0.05,
    "state_size": 11,
    "target_weights": [
      [
        0.037857972592866364,
        0.0653138841412671,
        -0.016436539753217728,
        -0.04268562074548552,
        -2.351679019661708e-07,
        1.7663395820110233e-05,
        4.9250025545771716e-08,
        6.0945575766995225e-05,
        -1.14e-322,
        2.1514908862785332e-16,
        1.4867219253099156e-139,
        0.0001692666779728411
      ],
      [
        0.13042495117612296,
        0.10815547080221545,
        -0.04305353199115653,
        -0.006703871919664391,
        -3.762755047097548e-05,
        4.917351719842417e-05,
        -1.2293895761865249e-05,
        3.2881851594419167e-07,
        -3.681982076347586e-06,
        -2.0976322708969946e-05,
        3.906257999762245e-08,
        0.06725842356446365
      ],
      [
        0.04503191357112054,
        0.08289600056429403,
        -0.01747898431497174,
        -0.02255114363966267,
        -7.01324973951983e-06,
        -7.374166089001911e-06,
        8.281781245977837e-11,
        1.294028780268938e-36,
        -1.14e-322,
        2.7776397752026245e-25,
        1.692253655847197e-113,
        0.014117477602733073
      ],
      [
        0.1012960886460726,
        0.14731279971919617,
        -0.021985010414832588,
        -0.0634789009174224,
        -0.000799250887972849,
        -1.6405278412373833e-05,
        3.653967400188996e-07,
        -4.597253149735871e-06,
        1.9716772159966437e-79,
        -4.975755744002576e-05,
        -1.8735706444416953e-06,
        0.05454173841686875
      ]
    ],
    "weights": [
      [
        0.037857972592866364,
        0.0653138841412671,
        -0.016436539753217728,
        -0.04268562074548552,
        -3.1161160154660356e-08,
        2.3405060870287924e-06,
        6.52592433245279e-09,
        8.075655016331771e-06,
        -1.14e-322,
        2.850854709256273e-17,
        1.9699958894344175e-140,
        0.0001692666779728411
      ],
      [
        0.13141198922144473,
        0.10885376159409266,
        -0.04310674729012201,
        -0.006468339965185305,
        -0.0001380780189661556,
        6.176155755749522e-05,
        -3.1094779667056445e-06,
        4.2482277031462485e-05,
        -4.878847504629294e-07,
        -1.314321809184358e-05,
        5.17602658008679e-09,
        0.06819224631081995
      ],
      [
        0.04519279922539296,
        0.08311051476999058,
        -0.01739854148783553,
        -0.022524329363950598,
        -2.1723582709540757e-05,
        9.420021169126036e-06,
        1.0973857810276403e-11,
        1.7146658931583586e-37,
        -1.14e-322,
        3.6805396129057905e-26,
        2.2423377829747203e-114,
        0.0143588060841417
      ],
      [
        0.10247807476190918,
        0.1486685759584401,
        -0.021726720272322295,
        -0.0633944008983194,
        -0.0005348175864105062,
        -1.4131506359762855e-05,
        2.7604822902542422e-05,
        1.608472097515197e-06,
        2.612590790974716e-80,
        -6.593175358244246e-06,
        -2.482593688356173e-07,
        0.05598201467521564
      ]
    ]
  },
  "cues": [
    [
      0,
      1
    ],
    [
      1,
      5
    ],
    [
      2,
      4
    ],
    [
      4,
      9
    ],
    [
      3,
      9
    ]
  ],
  "env": {
    "delay": 0,
    "grid_size": 10,
    "max_steps": 200,
    "noise": 0.0,
    "num_cues": 5,
    "reward_sparse_prob": 0.5
  },
  "seed": 2
}