{
  "agent": {
    "action_size": 4,
    "cue_exploration_bias": 0.3,
    "cue_regularization": 0.017499999999999998,
    "epsilon": 0.05,
    "state_size": 11,
    "target_weights": [
      [
        -0.005530602594690559,
        0.00803028454550187,
        -0.0325246422556142,
        -0.05777348058149976,
        9.25954324366097e-08,
        -3.0483123382039746e-06,
        1.4e-322,
        -1.4e-322,
        -1.1883132564424333e-166,
        7.514242471224338e-223,
        1.4e-322,
        -0.03664279856210535
      ],
      [
        0.032962419411041534,
        0.016937199175586774,
        -0.04056969287158057,
        -0.034868784819525496,
        3.589858631329323e-05,
        0.0001161248293032279,
        -1.4e-322,
        -2.8545715366764933e-83,
        2.4590657465495546e-39,
        -8.216350020034317e-12,
        -1.4e-322,
        -0.03356015552162761
      ],
      [
        -0.017301352135107275,
        0.011010727646936107,
        -0.033619177788950246,
        -0.04107651586491828,
        -1.5484026709441646e-06,
        6.092669422409085e-07,
        -1.4e-322,
        -1.4e-322,
        6.561193124968632e-124,
        2.6966983562881116e-218,
        1.4e-322,
        -0.03547125665068764
      ],
      [
        0.014679454034206965,
        0.045832830249341074,
        -0.03320651946613371,
        -0.053710039175793,
        3.924292873795425e-05,
        6.167975444659231e-05,
        1.4e-322,
        -1.4e-322,
        -2.338903926255931e-09,
        5.449711321422655e-26,
        1.4e-322,
        -0.046461047143961084
      ]
    ],
    "weights": [
      [
        -0.005371048858756004,
        0.008218556867279339,
        -0.032487284501647305,
        -0.057764841413375775,
        -5.659234064483515e-07,
        -1.93649804247862e-06,
        1.4e-322,
        -1.4e-322,
        -3.152613870265417e-169,
        1.9935404162906384e-225,
        1.4e-322,
        -0.036445887072203906
      ],
      [
        0.031905713660875405,
        0.015862473957211264,
        -0.040467017758217816,
        -0.03474809023795343,
        3.309890929314281e-05,
        0.00010120862325117713,
        -1.4e-322,
        -7.57322345046745e-86,
        6.523940331757342e-42,
        -2.1798106598308896e-14,
        -1.4e-322,
        -0.03451418615843107
      ],
      [
        -0.017245531288344496,
        0.0110731816773357,
        -0.0336152999829817,
        -0.04107927124258655,
        -2.4126788399258864e-06,
        3.6559169332439475e-07,
        -1.4e-322,
        -1.4e-322,
        1.740694916859934e-126,
        7.154383405103171e-221,
        1.4e-322,
        -0.03541155799795632
      ],
      [
        0.014131268516984347,
        0.045147664538252086,
        -0.033336165364770534,
        -0.053702704880563425,
        9.250535683962801e-06,
        2.6832082429466e-05,
        1.4e-322,
        -1.4e-322,
        -6.205149121375555e-12,
        1.4458170358458719e-28,
        1.4e-322,
        -0.04713887855982052
      ]
    ]
  },
  "cues": [
    [
      9,
      1
    ],
    [
      7,
      4
    ],
    [
      2,
      9
    ],
    [
      7,
      5
    ],
    [
      5,
      0
    ]
  ],
  "env": {
    "delay": 0,
    "grid_size": 10,
    "max_steps": 200,
    "noise": 0.0,
    "num_cues": 5,
    "reward_sparse_prob": 0.1
  },
  "seed": 6
}