{
  "agent": {
    "action_size": 4,
    "cue_exploration_bias": 0.2333333333333333,
    "cue_regularization": 0.01916666666666667,
    "epsilon": 0.05,
    "state_size": 11,
    "target_weights": [
      [
        0.026407790665344752,
        0.027688724645145997,
        -0.04132962681876954,
        -0.021997825629147944,
        -7.5554898241891216e-06,
        -3.5228477846754945e-05,
        1.9248976508737138e-06,
        6.999507912171304e-06,
        1.763922893332768e-08,
        3.286972708860867e-27,
        -1.3e-322,
        0.0035949784777069673
      ],
      [
        0.11546276198158235,
        0.07567793528708405,
        -0.06267391303361007,
        -0.011462896384910682,
        -7.260021484316824e-05,
        -2.8346112034077425e-05,
        3.0888564975996684e-05,
        -1.8413249595335253e-05,
        4.329539697535564e-05,
        5.365225059254901e-05,
        -1.3e-322,
        0.04049006711972079
      ],
      [
        0.03138539806073978,
        0.029501254053546516,
        -0.06618902572028643,
        -0.0011926825803417682,
        -1.6731726107802844e-05,
        -3.458476048010801e-05,
        3.0357691093636595e-06,
        2.8339844648277346e-23,
        3.5291134951044e-08,
        2.5395370632646786e-08,
        1.3e-322,
        2.21569757657236e-05
      ],
      [
        0.07811426954128804,
        0.09470877932580016,
        -0.018221314162969866,
        -0.05972640642351222,
        4.6599041529213423e-05,
        4.840264436106483e-05,
        2.557711952351152e-05,
        1.9111500747631037e-05,
        5.2822251389762575e-06,
        -8.668152471411206e-06,
        -1.3e-322,
        0.056446389567722174
      ]
    ],
    "weights": [
      [
        0.026765021944905383,
        0.027911912324130813,
        -0.04125105265497761,
        -0.0217852078647802,
        -1.4184176206397638e-05,
        -8.567061167673558e-06,
        1.0658642949269537e-05,
        5.878347537007776e-07,
        1.4813829665745428e-09,
        2.7604751890837154e-28,
        -1.3e-322,
        0.004030783921059529
      ],
      [
        0.11312881281418424,
        0.07346684576794395,
        -0.06270924805292583,
        -0.01162109105248444,
        0.00015613354383151723,
        0.00011442258418229235,
        2.3209398118567794e-05,
        -9.541697163123483e-06,
        3.6360468959725187e-06,
        1.960981362082523e-06,
        -1.3e-322,
        0.03812078293300695
      ],
      [
        0.031994832533499606,
        0.030082869487483194,
        -0.06615028581644197,
        -0.001126123637674168,
        -1.6867690089768562e-05,
        -1.3460422137116219e-05,
        2.549508635588697e-07,
        2.380045255720072e-24,
        2.96383058381778e-09,
        2.132761563855567e-09,
        1.3e-322,
        0.0006703313523700027
      ],
      [
        0.07738543289129869,
        0.09388122601313942,
        -0.018044440861528406,
        -0.059450816459399425,
        4.5298732696257506e-05,
        6.28048057042628e-05,
        6.136283580411481e-05,
        1.0912388614968686e-05,
        1.489760881143367e-05,
        -3.1978216473384904e-06,
        -1.3e-322,
        0.0558944262191743
      ]
    ]
  },
  "cues": [
    [
      2,
      1
    ],
    [
      7,
      5
    ],
    [
      3,
      3
    ],
    [
      7,
      7
    ],
    [
      2,
      7
    ]
  ],
  "env": {
    "delay": 0,
    "grid_size": 10,
    "max_steps": 200,
    "noise": 0.0,
    "num_cues": 5,
    "reward_sparse_prob": 0.3
  },
  "seed": 18
}