{
  "agent": {
    "action_size": 4,
    "cue_exploration_bias": 0.08333333333333333,
    "cue_regularization": 0.02291666666666667,
    "epsilon": 0.05,
    "state_size": 11,
    "target_weights": [
      [
        0.09394605868160888,
        0.1117107668629921,
        0.024533129638260157,
        0.042258646134250066,
        -1.3920959921064471e-05,
        -1.3943381116751314e-05,
        1.641772455812991e-19,
        2.8126966645123576e-11,
        2.8968096837364675e-79,
        8.683148684531893e-140,
        1.1369924288775053e-14,
        0.10472821556547847
      ],
      [
        0.27025595224953614,
        0.2167283541489146,
        -0.04102093787325078,
        0.006966812947360578,
        -0.0002840136398699476,
        5.1001052420047214e-05,
        -2.040654741818624e-06,
        8.036594277840062e-06,
        4.2145682007690675e-07,
        1.766274222459019e-113,
        -3.827337530155334e-05,
        0.23598122768841645
      ],
      [
        0.11907692664464772,
        0.13252172849963156,
        0.024413543979725574,
        0.037229432344054035,
        -3.4856667339553944e-08,
        -4.9822734771047e-08,
        3.497465989085092e-08,
        3.8021829832908746e-07,
        -5.116511951908291e-199,
        6.0478706895571335e-229,
        3.20668861086819e-22,
        0.1081701900653408
      ],
      [
        0.22990873980614174,
        0.2886099038124611,
        0.02369367718522914,
        -0.0539760992723784,
        -0.0014580621953484152,
        -0.0001818711078603082,
        4.6718937165934e-06,
        1.4073526383977743e-05,
        1.1410270196754474e-06,
        -1.707704993532697e-91,
        -2.9246980618764017e-05,
        0.2066445253328346
      ]
    ],
    "weights": [
      [
        0.09421095191618124,
        0.11197566009756446,
        0.024745044225918045,
        0.042470560721907955,
        -3.1874520400138916e-05,
        -3.187694194702173e-05,
        1.773156538214523e-20,
        3.0377848422512224e-12,
        3.128629069450989e-80,
        9.37802422482616e-141,
        1.227981107872967e-15,
        0.10520502338770872
      ],
      [
        0.27138721933945553,
        0.2177496955038918,
        -0.04075327320327179,
        0.007344403352281873,
        -0.0002602478303321724,
        3.722140636945441e-05,
        1.78131357106498e-06,
        3.0274027127895055e-05,
        1.1130026649509061e-05,
        1.907621652893488e-114,
        3.057510156781572e-05,
        0.23738015944831492
      ],
      [
        0.11948602974353775,
        0.13287238829868017,
        0.02453043057940844,
        0.03740476224357833,
        -7.971702365836179e-05,
        -5.314755368268761e-05,
        3.7773533498941505e-09,
        4.106455552009915e-08,
        -5.525964690329985e-200,
        6.531856115318895e-230,
        3.4633062920789114e-23,
        0.1086961797639137
      ],
      [
        0.22984177528205005,
        0.28861399344804134,
        0.023655525752162843,
        -0.05408530486511662,
        -0.00029869757485639556,
        -3.5314285919275216e-05,
        8.497421213094674e-06,
        6.560840617318006e-06,
        1.2323385698507603e-07,
        -1.8443653771281236e-92,
        -1.0588809847383741e-05,
        0.20653940937567652
      ]
    ]
  },
  "cues": [
    [
      4,
      4
    ],
    [
      2,
      3
    ],
    [
      2,
      2
    ],
    [
      1,
      8
    ],
    [
      3,
      4
    ]
  ],
  "env": {
    "delay": 0,
    "grid_size": 10,
    "max_steps": 200,
    "noise": 0.05,
    "num_cues": 5,
    "reward_sparse_prob": 1.0
  },
  "seed": 13
}