{
  "agent": {
    "action_size": 4,
    "cue_exploration_bias": 0.16666666666666666,
    "cue_regularization": 0.020833333333333336,
    "epsilon": 0.05,
    "state_size": 11,
    "target_weights": [
      [
        0.09045863369334883,
        0.08808685719915625,
        -0.008794270789845134,
        0.014190240873770028,
        -1.7919704052373302e-05,
        -3.618439573990931e-05,
        1.110052958373403e-11,
        6.939375411342345e-10,
        8.665895884622207e-11,
        3.933426087666374e-19,
        1.1660375759558407e-287,
        0.10018117753463585
      ],
      [
        0.24096958917930208,
        0.19152483320595556,
        -0.05832136685644889,
        0.00254957907109969,
        -0.00018546468100059526,
        -9.76839275150204e-05,
        6.747183571488349e-06,
        -0.0001195305579674837,
        3.635890904188826e-05,
        8.353123823770903e-06,
        2.411707e-318,
        0.17034944049460363
      ],
      [
        0.08761516789973862,
        0.08323895686183111,
        -0.043846642081073584,
        0.02364176808958471,
        -5.8312812012870725e-06,
        -1.8748444718044157e-07,
        1.009512530142595e-07,
        2.535765512331262e-38,
        5.005891944816509e-05,
        7.570757871046232e-16,
        1.14e-322,
        0.07859431045397738
      ],
      [
        0.19593684063385888,
        0.21636331709327492,
        -0.005576422805564313,
        -0.05091348174101085,
        1.7796873571223548e-05,
        1.7443200681327054e-05,
        4.907903049207122e-06,
        2.428516438979033e-06,
        1.5878983837683296e-06,
        -2.555133129515323e-05,
        -1.6332991817719178e-89,
        0.1869138520176998
      ]
    ],
    "weights": [
      [
        0.091712958665395,
        0.08934697520469397,
        -0.008460691754562238,
        0.01451802687556137,
        -3.889384678614607e-06,
        1.340803313718735e-07,
        2.3509759381830046e-06,
        7.45176071609741e-07,
        2.671503589449491e-14,
        1.2125880638240644e-22,
        3.5946353511202025e-291,
        0.1017690815419649
      ],
      [
        0.2410369159074855,
        0.19089284215764055,
        -0.058719723659913015,
        0.002850540044133734,
        2.0157456409485723e-05,
        8.69737658205642e-05,
        5.3092996421816525e-06,
        -1.510084260649493e-05,
        1.1047206702668861e-05,
        -1.559918688012418e-05,
        7.46e-322,
        0.1700184104193227
      ],
      [
        0.0908337848258668,
        0.08625609008685943,
        -0.04368849945767491,
        0.02400139441408324,
        -3.4856576672101604e-05,
        -8.044900499269623e-06,
        3.1121033344698996e-11,
        7.817202927877695e-42,
        1.5432055123930886e-08,
        2.3338968176669633e-19,
        1.14e-322,
        0.08197107000350423
      ],
      [
        0.19909302078625576,
        0.22011961508629888,
        -0.004599017430047998,
        -0.050536194206121696,
        -3.512257632820943e-05,
        -0.00015620445447594815,
        6.326256436487638e-05,
        4.580319243920039e-06,
        -3.842016786737596e-05,
        -6.409602757406788e-05,
        -5.035099295955611e-93,
        0.191047437545613
      ]
    ]
  },
  "cues": [
    [
      2,
      1
    ],
    [
      7,
      5
    ],
    [
      3,
      3
    ],
    [
      7,
      7
    ],
    [
      2,
      7
    ]
  ],
  "env": {
    "delay": 0,
    "grid_size": 10,
    "max_steps": 200,
    "noise": 0.1,
    "num_cues": 5,
    "reward_sparse_prob": 1.0
  },
  "seed": 18
}