{
  "agent": {
    "action_size": 4,
    "cue_exploration_bias": 0.3333333333333333,
    "cue_regularization": 0.01666666666666667,
    "epsilon": 0.05,
    "state_size": 11,
    "target_weights": [
      [
        0.026114861413874747,
        0.05467575277094879,
        -0.012489565166316214,
        -0.039843625967256865,
        -6.569708329415233e-06,
        2.3292492786193949e-07,
        6.96228838095075e-20,
        1.43e-322,
        1.43e-322,
        5.3750858660667856e-15,
        2.879163235369522e-224,
        -0.007626869914116615
      ],
      [
        0.20628642385674995,
        0.053458499677818135,
        -0.19917585647210906,
        -0.03226775259559224,
        9.592592526382002e-07,
        2.333429023647885e-05,
        5.2185263701911745e-54,
        1.43e-322,
        1.2354555818828832e-241,
        6.322355235193295e-08,
        6.89115382839988e-111,
        -0.013002428235861075
      ],
      [
        0.04277846485928946,
        0.07772844730913678,
        -0.02629178685319132,
        -0.028449841634555578,
        -4.3231705944770394e-05,
        1.70119234126852e-06,
        -1.3970796921556471e-06,
        -1.43e-322,
        -1.43e-322,
        -2.2904581819675945e-46,
        4.025913325552e-311,
        0.0030512263526826884
      ],
      [
        0.07578761910094374,
        0.07792973906901199,
        -0.03332694889034581,
        -0.030946248287879657,
        5.735759466207647e-06,
        7.137155954339431e-06,
        9.739928187752056e-06,
        -1.43e-322,
        -6.483135602415538e-24,
        -6.567703439956343e-06,
        -4.697489067104828e-71,
        0.017691330396227382
      ]
    ],
    "weights": [
      [
        0.0262483249357048,
        0.05487594805369387,
        -0.012422833405401188,
        -0.039843625967256865,
        -4.442625216763606e-06,
        2.4089236309549687e-09,
        7.200440571279871e-22,
        1.43e-322,
        1.43e-322,
        5.55894617207097e-17,
        2.977647956670986e-226,
        -0.007426674631371536
      ],
      [
        0.21108588558313962,
        0.05838739846440067,
        -0.19949396513466897,
        -0.03271529831834493,
        -9.165425789221086e-05,
        -3.461567018782923e-05,
        5.397031398617135e-56,
        1.43e-322,
        1.2777156028387494e-243,
        6.538617858186583e-10,
        7.126872788651319e-113,
        -0.008521075172031212
      ],
      [
        0.042953936256471224,
        0.07794138714559386,
        -0.026258836961193237,
        -0.028454360181832807,
        -7.0640421326038815e-06,
        9.394127149212703e-08,
        -1.682454809526851e-06,
        -1.43e-322,
        -1.43e-322,
        -2.3688056451932335e-48,
        4.16362380566e-313,
        0.0032596476418625393
      ],
      [
        0.0792910488072783,
        0.08195183760359992,
        -0.0332764701296895,
        -0.031414438355476686,
        -4.698674175560319e-05,
        -8.392801428956836e-06,
        -4.148594735316945e-06,
        -1.43e-322,
        -6.704897882205675e-26,
        -2.0958913389418474e-05,
        -4.858171482018728e-73,
        0.02124523886321825
      ]
    ]
  },
  "cues": [
    [
      0,
      1
    ],
    [
      1,
      5
    ],
    [
      2,
      4
    ],
    [
      4,
      9
    ],
    [
      3,
      9
    ]
  ],
  "env": {
    "delay": 0,
    "grid_size": 10,
    "max_steps": 200,
    "noise": 0.3,
    "num_cues": 5,
    "reward_sparse_prob": 1.0
  },
  "seed": 2
}