{
  "agent": {
    "action_size": 4,
    "cue_exploration_bias": 0.05555555555555555,
    "cue_regularization": 0.02361111111111111,
    "epsilon": 0.05,
    "state_size": 11,
    "target_weights": [
      [
        0.061048499903571786,
        0.06051229273863828,
        -0.009919762207792938,
        0.011229180126563298,
        2.6033832979476197e-05,
        2.2395762433679262e-05,
        5.404272100149468e-10,
        5.576955357039647e-10,
        1.486923991481729e-205,
        5.476577094116714e-10,
        -1.04e-322,
        0.06964555232691061
      ],
      [
        0.2478113816857791,
        0.17794587251032828,
        -0.08727476971123285,
        -0.005983070581581927,
        -5.267536844043957e-05,
        3.093004836224913e-05,
        3.6434965616112075e-43,
        -7.261590374728843e-07,
        2.6410845474398764e-58,
        -6.473705443039368e-05,
        1.04e-322,
        0.14823783014629457
      ],
      [
        0.06977117932848922,
        0.051738405803597814,
        -0.04871039937147946,
        0.03243457328616134,
        -4.1082236719481444e-05,
        -2.390331124415896e-06,
        4.771337944329801e-28,
        1.2001170772876669e-05,
        2.8614136874270187e-265,
        3.1901441931444705e-05,
        1.04e-322,
        0.05588656459232107
      ],
      [
        0.1841645152715919,
        0.20737680841613593,
        -0.0024858817177245062,
        -0.05060875733829851,
        -6.487535441795003e-05,
        -0.00023654885145284467,
        -8.495354311977775e-06,
        4.632943677741173e-05,
        -8.425712526233957e-14,
        2.7669102909690662e-06,
        -1.04e-322,
        0.17823206774327222
      ]
    ],
    "weights": [
      [
        0.06290415668181158,
        0.06226321798027645,
        -0.008347529808126244,
        0.012906144062831618,
        -3.47374924047982e-05,
        1.2382689739440275e-05,
        1.7620069333198414e-13,
        1.8183085203365908e-13,
        4.8479616380492045e-209,
        1.7855812275676125e-13,
        -1.04e-322,
        0.0730734415048171
      ],
      [
        0.2530801609254556,
        0.18237060176926176,
        -0.08764178032403358,
        -0.005506031213639499,
        -0.0001942057829331368,
        -8.091381177347826e-05,
        1.1879243095306752e-46,
        -0.00015374961340397015,
        8.610982566818301e-62,
        -5.667571941222194e-05,
        1.04e-322,
        0.15313959877317054
      ],
      [
        0.07340178791139741,
        0.05468077969867615,
        -0.04846449329342248,
        0.03336871405204816,
        -0.00010612198213198546,
        -5.304022992272852e-05,
        1.9009121974334437e-06,
        3.9128574057511495e-09,
        9.329342903003104e-269,
        1.0401134662437027e-08,
        1.04e-322,
        0.05976307925328622
      ],
      [
        0.1866634970612311,
        0.2102582287090679,
        -0.0014952880840919443,
        -0.05000060220795873,
        -3.264134649002291e-05,
        -0.00015603545448852814,
        -5.363102063632945e-06,
        2.3250241595801215e-05,
        -2.747116283980864e-17,
        -1.1800815477049303e-06,
        -1.04e-322,
        0.18172164316654382
      ]
    ]
  },
  "cues": [
    [
      2,
      1
    ],
    [
      7,
      5
    ],
    [
      3,
      3
    ],
    [
      7,
      7
    ],
    [
      2,
      7
    ]
  ],
  "env": {
    "delay": 1,
    "grid_size": 10,
    "max_steps": 200,
    "noise": 0.0,
    "num_cues": 5,
    "reward_sparse_prob": 1.0
  },
  "seed": 18
}