{
  "agent": {
    "action_size": 4,
    "cue_exploration_bias": 0.16666666666666666,
    "cue_regularization": 0.020833333333333336,
    "epsilon": 0.05,
    "state_size": 11,
    "target_weights": [
      [
        0.09698216000750749,
        0.0796445574659954,
        0.004117387649268358,
        0.059754610853895,
        1.4201422786575223e-05,
        1.6699792512191157e-05,
        1.6064656963224077e-13,
        2.0076421439072576e-05,
        -1.336296011867151e-222,
        3.0580751828850745e-246,
        2.4085723381214573e-06,
        0.1177479177007334
      ],
      [
        0.2764303722749616,
        0.18683858465418918,
        -0.045850746157533234,
        -0.005421019266518363,
        -4.3000623127047453e-05,
        -0.00011481660159726046,
        -0.00019951262940059796,
        -4.876477515096289e-05,
        3.2495686430458936e-18,
        1.9699351339815385e-235,
        -0.0002457431952862044,
        0.21963259348033698
      ],
      [
        0.08978603530271996,
        0.08362405936391414,
        0.0038113550265438004,
        0.024432070508921273,
        -0.0001628108219167561,
        -4.961056245491832e-05,
        0.00043798215051565594,
        1.0495116623040542e-10,
        2.326500002611674e-30,
        9.971460959097595e-235,
        0.001196304237345992,
        0.13022704786392933
      ],
      [
        0.1997308137171118,
        0.24286393822356456,
        0.03521376932525966,
        -0.05062066505079808,
        -0.00020588550777900694,
        3.674703209026814e-05,
        0.0019371147542930904,
        -0.0001237563541494318,
        -1.4652673673201135e-07,
        -1.541126783727437e-240,
        -0.0001878409883153177,
        0.24317141456579025
      ]
    ],
    "weights": [
      [
        0.09806846871424485,
        0.08059301915103224,
        0.0043391906032464065,
        0.060114260829573565,
        -6.100685832559722e-05,
        -6.0886351937606336e-05,
        7.74862809576662e-15,
        9.683662936679868e-07,
        -6.445491394879194e-224,
        1.4750322609014075e-247,
        1.1617509998861908e-07,
        0.1190560293614488
      ],
      [
        0.27879984372393757,
        0.18882824499652492,
        -0.045794397523325064,
        -0.004984859525670074,
        -9.364156426988243e-05,
        -9.668746566955906e-05,
        -9.994331687173102e-05,
        3.128973393206318e-05,
        1.5673972338326366e-19,
        9.501786910825949e-237,
        -0.00012453809845250913,
        0.222058413563521
      ],
      [
        0.09015198107670196,
        0.08383317123476099,
        0.004064209339438049,
        0.02484175872495066,
        1.8238568311190972e-07,
        1.2414369754963747e-05,
        2.112563501790947e-05,
        5.062215503250826e-12,
        1.12216422213724e-31,
        4.8096353828396335e-236,
        5.7702549427631494e-05,
        0.13084584795080556
      ],
      [
        0.2003718597155913,
        0.24386697849923517,
        0.03533349092322756,
        -0.05086293773002127,
        -2.390186385514939e-05,
        5.425330801082394e-05,
        0.0005340036276237285,
        -8.272157059276807e-05,
        -8.083589443149715e-07,
        -7.433472325531849e-242,
        -0.0001889610679448781,
        0.24393218216223772
      ]
    ]
  },
  "cues": [
    [
      7,
      9
    ],
    [
      5,
      4
    ],
    [
      2,
      2
    ],
    [
      0,
      5
    ],
    [
      8,
      7
    ]
  ],
  "env": {
    "delay": 3,
    "grid_size": 10,
    "max_steps": 200,
    "noise": 0.0,
    "num_cues": 5,
    "reward_sparse_prob": 1.0
  },
  "seed": 9
}