{
  "agent": {
    "action_size": 4,
    "cue_exploration_bias": 0.10000000000000002,
    "cue_regularization": 0.022500000000000003,
    "epsilon": 0.05,
    "state_size": 11,
    "target_weights": [
      [
        0.07691999567926043,
        0.08264607383539081,
        0.009806898886475336,
        0.013006691802273587,
        -0.0001134664039106663,
        -1.0323577821727617e-05,
        0.00021892255057337658,
        1.9995888144238995e-58,
        7.663832453341213e-239,
        -1.1e-322,
        3.488465230735378e-09,
        0.07853540152652132
      ],
      [
        0.22729106614509137,
        0.15209578332317814,
        -0.03939855555661088,
        0.019816150006171138,
        -0.00024200328464874863,
        -5.3161224135535206e-05,
        1.56762295977356e-05,
        -4.518351489468666e-09,
        -3.1796787188025873e-06,
        -1.131608719778104e-237,
        -1.8970130422815183e-05,
        0.1437066750912378
      ],
      [
        0.04883992314858267,
        0.056277760434874105,
        -0.012742956824043403,
        0.016721896379906787,
        -7.967329883652326e-06,
        6.596033170706804e-09,
        8.497907298705679e-10,
        1.6096536665052612e-206,
        1.4394775086957407e-153,
        -1.1e-322,
        7.685615558146623e-24,
        0.08709696677023739
      ],
      [
        0.16423884962083146,
        0.19704862290792455,
        0.004484456352122741,
        -0.04916028777315629,
        6.044655368130881e-05,
        -6.720132583413253e-06,
        -1.8643148547376227e-05,
        5.632340330946941e-07,
        1.3154389562237558e-64,
        5.75532366422423e-256,
        6.32269366176398e-10,
        0.1667073261694147
      ]
    ],
    "weights": [
      [
        0.07691999567926043,
        0.08264607383539081,
        0.009806898886475336,
        0.013006691802273587,
        -9.980553640726419e-07,
        -9.080663408975834e-08,
        1.9256521612181203e-06,
        1.7588469127361e-60,
        6.741139954900915e-241,
        -1.1e-322,
        3.068469005731004e-11,
        0.07853540152652132
      ],
      [
        0.22998913243700042,
        0.15440606711759375,
        -0.03893435857349954,
        0.020668129486775884,
        -0.000360749850668476,
        -5.570789365315051e-05,
        2.863370197875831e-05,
        -3.9743613839919053e-11,
        -2.7968590630818628e-08,
        -9.953678920635476e-240,
        -2.6532967775082953e-06,
        0.14686893836625828
      ],
      [
        0.04951107612361551,
        0.05704913883546098,
        -0.012346305644899148,
        0.01701832213349702,
        5.995588091838704e-06,
        -2.6711823986888008e-05,
        7.474795772626027e-12,
        1.415858281205076e-208,
        1.2661706016054088e-155,
        -1.1e-322,
        6.760300467482531e-26,
        0.08816477092441448
      ],
      [
        0.16665453509479625,
        0.20004029549233607,
        0.004724065589959838,
        -0.04949666564576598,
        2.5990156802625223e-05,
        -6.991537962125034e-05,
        -0.00011337786037939758,
        4.954230755396165e-09,
        1.1570657578985978e-66,
        5.062407423765396e-258,
        5.561468511401745e-12,
        0.16936262088121665
      ]
    ]
  },
  "cues": [
    [
      5,
      7
    ],
    [
      7,
      4
    ],
    [
      6,
      3
    ],
    [
      7,
      0
    ],
    [
      6,
      4
    ]
  ],
  "env": {
    "delay": 0,
    "grid_size": 10,
    "max_steps": 200,
    "noise": 0.0,
    "num_cues": 5,
    "reward_sparse_prob": 0.7
  },
  "seed": 16
}