{
  "agent": {
    "action_size": 4,
    "cue_exploration_bias": 0.3333333333333333,
    "cue_regularization": 0.01666666666666667,
    "epsilon": 0.05,
    "state_size": 11,
    "target_weights": [
      [
        0.07360188721674714,
        0.05747203308505546,
        -0.013488604437385133,
        0.011567120766235615,
        -0.0001129226488762853,
        -0.0001358010485109358,
        -1.43e-322,
        1.9291694419022195e-11,
        2.8792257632532894e-21,
        1.753045026590125e-61,
        3.820734669792764e-15,
        0.051921789740147745
      ],
      [
        0.22924043688431697,
        0.16181883105484132,
        -0.0444934219702145,
        0.006947606600128716,
        -0.0004935164850655609,
        -5.4146902773351354e-05,
        1.4288524624177551e-07,
        -3.409500789469451e-05,
        -2.7876679450544478e-05,
        -7.384687514646784e-22,
        -1.223519750394852e-05,
        0.14056117941685878
      ],
      [
        0.08361551097452172,
        0.07567320763881284,
        -0.03683952643058937,
        0.00800546739536095,
        -7.272386964660255e-05,
        -9.599056217647444e-06,
        1.43e-322,
        1.766987410068493e-10,
        6.180367129292872e-13,
        9.995625429005352e-91,
        2.6106297552571562e-20,
        0.09777598498963018
      ],
      [
        0.1501191719307568,
        0.19189695079584698,
        0.027326851960809417,
        -0.03528589774246665,
        0.00016158908831536608,
        -7.687457559514157e-05,
        -1.1940057240396472e-06,
        1.0328997506189264e-07,
        -6.6488748029999045e-06,
        5.3394697906879794e-70,
        -7.587744890677646e-06,
        0.17543004408802704
      ]
    ],
    "weights": [
      [
        0.07526798061679947,
        0.05869401432001233,
        -0.013049779008984092,
        0.012450058359732109,
        -4.098896571103837e-05,
        -2.702623278952131e-05,
        -1.43e-322,
        1.1652035433963808e-13,
        1.7390302731899302e-23,
        1.0588257476762112e-63,
        8.858723518168597e-05,
        0.0540267085686011
      ],
      [
        0.22822408545549483,
        0.16042100289051506,
        -0.044473363400761995,
        0.007349141905085411,
        -0.0002562899368610802,
        -3.7449255458675144e-06,
        8.630159259407326e-10,
        -3.93813513321953e-05,
        -4.2897487585714384e-05,
        -4.460294607640583e-24,
        5.048256156426919e-06,
        0.1395648865574892
      ],
      [
        0.08464929621168132,
        0.07666785608595178,
        -0.03643692712773449,
        0.008447203488236504,
        2.580999759555941e-05,
        -1.4103929592673573e-06,
        1.43e-322,
        1.0672468403389512e-12,
        3.732894333761472e-15,
        6.037281078252917e-93,
        1.5768003448791137e-22,
        0.09921236952964467
      ],
      [
        0.1541702173049734,
        0.19661801648603697,
        0.028312106716266276,
        -0.03497066330298318,
        -0.0004898186584549582,
        -0.00042094025989760525,
        -2.9679436047689587e-06,
        7.560714141818942e-07,
        -1.1341921580704485e-05,
        3.2249987921397485e-72,
        -2.957465628108143e-07,
        0.18046634421770041
      ]
    ]
  },
  "cues": [
    [
      5,
      7
    ],
    [
      7,
      4
    ],
    [
      6,
      3
    ],
    [
      7,
      0
    ],
    [
      6,
      4
    ]
  ],
  "env": {
    "delay": 6,
    "grid_size": 10,
    "max_steps": 200,
    "noise": 0.0,
    "num_cues": 5,
    "reward_sparse_prob": 1.0
  },
  "seed": 16
}