{
  "agent": {
    "action_size": 4,
    "cue_exploration_bias": 0.05555555555555555,
    "cue_regularization": 0.02361111111111111,
    "epsilon": 0.05,
    "state_size": 11,
    "target_weights": [
      [
        0.08017907801298645,
        0.08075666435649642,
        -0.00639691296136601,
        -0.0540830277559157,
        1.5750445678122364e-05,
        -2.5982634647636445e-05,
        1.04e-322,
        -1.04e-322,
        0.00024458192976422173,
        2.4526981248137824e-15,
        1.04e-322,
        0.022046226842012226
      ],
      [
        0.17012427370965363,
        0.13580527359487143,
        -0.04304560578400747,
        -0.022391768859867635,
        2.179949975234326e-05,
        3.499519230711868e-05,
        -1.04e-322,
        1.0135215078036495e-06,
        -4.613838987748815e-06,
        4.480968016825619e-06,
        -1.04e-322,
        0.15025164516986197
      ],
      [
        0.05371149364320464,
        0.0608414926937187,
        0.014783581909984073,
        -0.052289147535099445,
        5.79032578139316e-06,
        2.792964503595193e-09,
        1.04e-322,
        3.0423867745609728e-114,
        9.108773227362018e-64,
        2.6098807782202836e-37,
        1.04e-322,
        0.02151085872023942
      ],
      [
        0.14112407401485086,
        0.1860891380574929,
        -0.03064443647909141,
        -0.09453811160273634,
        8.253469258825838e-05,
        -3.7500620886591154e-05,
        -1.04e-322,
        -7.270981849196431e-06,
        -2.6352066861228977e-05,
        -5.009677635528562e-05,
        1.04e-322,
        0.14046432341546214
      ]
    ],
    "weights": [
      [
        0.08017907801298645,
        0.08075666435649642,
        -0.00639691296136601,
        -0.0540830277559157,
        5.002517533024072e-06,
        -8.252375077836838e-06,
        1.04e-322,
        -1.04e-322,
        7.768195369899138e-05,
        7.790043293593262e-16,
        1.04e-322,
        0.022046226842012226
      ],
      [
        0.1700171521406157,
        0.13580798753193227,
        -0.042845631239730494,
        -0.022301629821689477,
        3.970747050186218e-05,
        4.356770183538379e-05,
        -1.04e-322,
        4.8584318890848746e-05,
        -1.4654068146670356e-06,
        9.454158088271252e-06,
        -1.04e-322,
        0.150344498145101
      ],
      [
        0.05374979273987718,
        0.06110958637042645,
        0.015089974683364362,
        -0.05221254934175437,
        -2.080167525222415e-05,
        4.528238191249717e-05,
        1.04e-322,
        9.662960333320658e-115,
        2.8930481527587367e-64,
        8.289272963421245e-38,
        1.04e-322,
        0.021855550590292247
      ],
      [
        0.14070237035753627,
        0.18567803861639925,
        -0.030686571995268388,
        -0.0945908513351342,
        9.702560388789593e-05,
        -9.93468114342976e-06,
        -1.04e-322,
        -2.3093450767191904e-06,
        -8.369710876678871e-06,
        -2.203348295287872e-05,
        1.04e-322,
        0.14000048424197062
      ]
    ]
  },
  "cues": [
    [
      4,
      1
    ],
    [
      0,
      9
    ],
    [
      4,
      6
    ],
    [
      6,
      8
    ],
    [
      5,
      2
    ]
  ],
  "env": {
    "delay": 1,
    "grid_size": 10,
    "max_steps": 200,
    "noise": 0.0,
    "num_cues": 5,
    "reward_sparse_prob": 1.0
  },
  "seed": 23
}