{
  "agent": {
    "action_size": 4,
    "cue_exploration_bias": 0.16666666666666666,
    "cue_regularization": 0.020833333333333336,
    "epsilon": 0.05,
    "state_size": 11,
    "target_weights": [
      [
        0.03321048444434322,
        0.05462669670634104,
        0.0045214630212466285,
        -0.064003277691791,
        -2.3357667454110018e-05,
        -1.167542145166935e-05,
        1.14e-322,
        9.370534542735732e-14,
        5.845847472796189e-17,
        7.2942828304931e-27,
        1.14e-322,
        -0.014003990744017702
      ],
      [
        0.13572043243561363,
        0.09621443671495598,
        -0.04714100695186179,
        -0.021300174421845994,
        2.4835472124624045e-05,
        3.349854796599947e-05,
        -1.14e-322,
        4.6515830460284244e-05,
        -5.361397546923922e-08,
        -7.650330006937628e-05,
        -1.14e-322,
        0.11175240272796862
      ],
      [
        0.04795813628461714,
        0.05636404228880121,
        0.011490655389146334,
        -0.05685798100960788,
        -8.770251851359921e-05,
        -2.177330014319084e-06,
        -1.14e-322,
        2.685304642768361e-24,
        7.414006712959888e-11,
        3.280005829600474e-12,
        1.14e-322,
        0.012464574840814662
      ],
      [
        0.11128272090013823,
        0.1458316869519465,
        -0.039946528902042366,
        -0.09342410603485421,
        1.8921459449255616e-05,
        -9.551045714123142e-05,
        1.14e-322,
        -2.124082519912405e-05,
        6.976016188269323e-07,
        -9.946777195621457e-05,
        -1.14e-322,
        0.10132087787779907
      ]
    ],
    "weights": [
      [
        0.03321048444434322,
        0.05462669670634104,
        0.0045214630212466285,
        -0.064003277691791,
        -6.070901505072259e-06,
        -3.0345638665568138e-06,
        1.14e-322,
        2.4354997077765165e-14,
        1.519396758719437e-17,
        1.895860222390113e-27,
        1.14e-322,
        -0.014003990744017702
      ],
      [
        0.13713023613295802,
        0.0975662644058196,
        -0.04685618500568106,
        -0.02095737646918448,
        -0.00012352975822333437,
        6.425092486016345e-06,
        -1.14e-322,
        5.545275800338049e-05,
        -1.3934831678230757e-08,
        -8.580464167360251e-06,
        -1.14e-322,
        0.11344702837149377
      ],
      [
        0.04833207358567908,
        0.0566912374272304,
        0.011537397551779077,
        -0.05676449668434239,
        -5.542125001890195e-05,
        1.5747314356476583e-05,
        -1.14e-322,
        6.979386974058249e-25,
        1.9269777087439504e-11,
        8.525077414809881e-13,
        1.14e-322,
        0.012885254304509344
      ],
      [
        0.11061456993588743,
        0.1452223671206594,
        -0.03997854725393233,
        -0.09351495551970784,
        0.00011019532723311655,
        -2.9772186051510114e-05,
        1.14e-322,
        -6.711521599357817e-06,
        1.8131394010115791e-07,
        -4.429935053045407e-05,
        -1.14e-322,
        0.10062070856165832
      ]
    ]
  },
  "cues": [
    [
      4,
      1
    ],
    [
      0,
      9
    ],
    [
      4,
      6
    ],
    [
      6,
      8
    ],
    [
      5,
      2
    ]
  ],
  "env": {
    "delay": 3,
    "grid_size": 10,
    "max_steps": 200,
    "noise": 0.0,
    "num_cues": 5,
    "reward_sparse_prob": 1.0
  },
  "seed": 23
}