{
  "agent": {
    "action_size": 4,
    "cue_exploration_bias": 0.3333333333333333,
    "cue_regularization": 0.01666666666666667,
    "epsilon": 0.05,
    "state_size": 11,
    "target_weights": [
      [
        0.11508221925806014,
        0.06918544484126592,
        0.0037648742464756768,
        -0.04223233190425657,
        -1.407749868102626e-05,
        -2.1500057436672857e-05,
        -1.3420997069415886e-07,
        8.030230548917118e-12,
        -1.43e-322,
        1.43e-322,
        -6.852949429248084e-07,
        0.06705773325899805
      ],
      [
        0.25376631474268185,
        0.09042014625270936,
        -0.19701465778117014,
        -0.06140752002762454,
        0.00015090973634767545,
        0.0001533500288626017,
        4.3193297969256407e-38,
        -0.00011363928839252819,
        3.853132567757543e-147,
        1.43e-322,
        1.43e-322,
        0.055793350234971235
      ],
      [
        0.07927970008353435,
        0.06877107946548978,
        -0.018896595158293637,
        -0.041126565103301,
        -1.7724860284334823e-05,
        -0.0001529944220799587,
        -5.174097147246278e-09,
        6.738477193625318e-07,
        1.43e-322,
        1.43e-322,
        4.407863529357409e-34,
        0.08801057864472754
      ],
      [
        0.11891631431877185,
        0.14029704923762096,
        -0.04828432348368481,
        -0.01641875720937863,
        4.670458690756718e-06,
        4.827958253728047e-06,
        3.644569150001102e-05,
        7.028470611883355e-05,
        -8.836826068399452e-10,
        1.0908150548368217e-143,
        1.5745524762701252e-05,
        0.09202028728896303
      ]
    ],
    "weights": [
      [
        0.115704085333822,
        0.06978190278262711,
        0.0037276763395803544,
        -0.04224412167675122,
        -1.8574967746382262e-05,
        -0.00013819600274051852,
        -2.1128910563623005e-10,
        1.26421324880542e-14,
        -1.43e-322,
        1.43e-322,
        -1.0788718218080634e-09,
        0.0676424014278646
      ],
      [
        0.25583103319678974,
        0.09206721704195359,
        -0.1969724786349797,
        -0.06094769321657051,
        0.00022164004829342194,
        0.000570788785211545,
        0.0004792458149082102,
        -1.317591142572316e-05,
        6.066054034052126e-150,
        1.43e-322,
        1.43e-322,
        0.057900247835269474
      ],
      [
        0.0798401755442113,
        0.06928528609043356,
        -0.019099942791697903,
        -0.0412836439009721,
        -0.00012777917225556532,
        -0.00011180990543222648,
        -8.145671689385253e-12,
        1.060850257419208e-09,
        1.43e-322,
        1.43e-322,
        6.9393766950954175e-37,
        0.08836770647200018
      ],
      [
        0.11904172932458282,
        0.14034803211634436,
        -0.04854502596720371,
        -0.016605027565809966,
        8.887260479680167e-06,
        -3.268751271596903e-06,
        -8.519233701532004e-05,
        5.399247676272942e-05,
        -1.3911969930385383e-12,
        1.7172892308889982e-146,
        1.0736157551913571e-05,
        0.09188499981125509
      ]
    ]
  },
  "cues": [
    [
      3,
      0
    ],
    [
      8,
      0
    ],
    [
      2,
      3
    ],
    [
      2,
      5
    ],
    [
      3,
      1
    ]
  ],
  "env": {
    "delay": 0,
    "grid_size": 10,
    "max_steps": 200,
    "noise": 0.3,
    "num_cues": 5,
    "reward_sparse_prob": 1.0
  },
  "seed": 15
}