{
  "agent": {
    "action_size": 4,
    "cue_exploration_bias": 0.3333333333333333,
    "cue_regularization": 0.01666666666666667,
    "epsilon": 0.05,
    "state_size": 11,
    "target_weights": [
      [
        0.04213779871644158,
        0.08324532604511595,
        0.012681700095213218,
        0.028163022109442187,
        2.721998904861312e-05,
        2.2674962414229094e-05,
        9.041249699903683e-07,
        -2.728635275255908e-216,
        8.604990758695182e-68,
        0.0001354160198109174,
        5.553251703079343e-180,
        0.07707997326026837
      ],
      [
        0.22231476677807865,
        0.15602814692190506,
        -0.01196837711606577,
        0.02744300982583671,
        -5.505448422776061e-05,
        5.2798100253874286e-05,
        -1.9028904021368562e-05,
        2.3307359899717144e-05,
        -6.189310806894814e-12,
        -1.858710489929234e-05,
        6.64514299763129e-122,
        0.20022254424166877
      ],
      [
        0.10798296347822697,
        0.09774437562806768,
        0.035783651736832206,
        0.0035982403597501892,
        -3.8729587792946973e-05,
        -1.932847270532717e-05,
        8.442718953108365e-13,
        1.8929998202808243e-21,
        2.601793023034867e-104,
        2.795290485752357e-08,
        2.0257814890499572e-212,
        0.10937339363156405
      ],
      [
        0.17348832404486275,
        0.25175045893306447,
        0.03826126520727558,
        -0.021594767680017946,
        0.00016837481706866115,
        -0.00011366127510710598,
        -2.0411468038684257e-05,
        2.5496359623304895e-05,
        8.706599074739165e-08,
        -5.003723822677647e-05,
        -1.542636106447469e-127,
        0.1612787706193344
      ]
    ],
    "weights": [
      [
        0.042887653949453396,
        0.08421876811849835,
        0.013725399834910251,
        0.028983135008768646,
        6.38917113212706e-05,
        1.7471143270221515e-05,
        4.173227556247427e-09,
        -1.2594736678678427e-218,
        3.971860721402679e-70,
        6.250483994909341e-07,
        2.563249971330356e-182,
        0.07887352823297723
      ],
      [
        0.2238169169741458,
        0.15728007968898686,
        -0.011586744845112329,
        0.028074859525775476,
        5.826569569112889e-05,
        -1.1888880807421205e-05,
        -3.5168577458284457e-06,
        1.9316156744444507e-05,
        -2.8568398474592027e-14,
        -2.3479412591222455e-05,
        3.067241232505166e-124,
        0.20210632670868925
      ],
      [
        0.10865974218998492,
        0.0984678139036004,
        0.036271457641579984,
        0.0040393867007231955,
        -0.00014625538730974683,
        4.829787802498389e-05,
        3.896959884333203e-15,
        8.737640565387241e-24,
        1.2009262767620583e-106,
        1.5821164815409964e-06,
        9.350529421977255e-215,
        0.11053797824806978
      ],
      [
        0.174926891135651,
        0.2538653631041371,
        0.038749702260158114,
        -0.02178266770741963,
        -0.00019942921544453617,
        -7.035390082324863e-05,
        -2.8261850576026685e-05,
        0.00010309204370496675,
        4.018760722899507e-10,
        -1.6734078591506593e-05,
        -7.120444321715168e-130,
        0.16320577476300507
      ]
    ]
  },
  "cues": [
    [
      6,
      9
    ],
    [
      2,
      3
    ],
    [
      2,
      1
    ],
    [
      2,
      4
    ],
    [
      0,
      7
    ]
  ],
  "env": {
    "delay": 6,
    "grid_size": 10,
    "max_steps": 200,
    "noise": 0.0,
    "num_cues": 5,
    "reward_sparse_prob": 1.0
  },
  "seed": 24
}