{
  "agent": {
    "action_size": 4,
    "cue_exploration_bias": 0.3,
    "cue_regularization": 0.017499999999999998,
    "epsilon": 0.05,
    "state_size": 11,
    "target_weights": [
      [
        -0.0244388381303492,
        -0.011244912047799111,
        -0.04709645842037188,
        -0.021990763839807435,
        -8.758777665617084e-06,
        -2.913503847855654e-08,
        8.733848025310795e-05,
        2.8957111411017796e-27,
        7.308129804449008e-10,
        5.665553459999604e-190,
        1.1194612557873182e-09,
        -0.05488692650676352
      ],
      [
        0.03087660921328722,
        -0.006259997238322305,
        -0.04160307178280411,
        -0.05362852606095248,
        1.6222156334645844e-06,
        -9.966382539944165e-06,
        -0.00017360481862983842,
        -2.5782757228818523e-05,
        -2.368885634961454e-06,
        7.836299177718129e-201,
        -4.067732086960015e-05,
        -0.021673495206608294
      ],
      [
        -0.02195538490874461,
        -0.018833345761493134,
        -0.05024364318054017,
        -0.03890694278421969,
        1.3189098238308088e-07,
        3.918337369140766e-08,
        9.10041020471054e-07,
        7.316231291868877e-24,
        4.2497891790731966e-14,
        2.2566993267373633e-189,
        8.172225269631312e-06,
        -0.035569370554618944
      ],
      [
        0.00868579103142368,
        0.007962504961733036,
        -0.0320940448692154,
        -0.07407206866912941,
        1.8471581395863507e-05,
        1.9326627165256676e-05,
        -4.590588703065128e-05,
        1.702026827657382e-06,
        -3.7794009760535955e-06,
        -2.134361390878916e-245,
        -2.9247821544496596e-05,
        -0.015181422314372682
      ]
    ],
    "weights": [
      [
        -0.023873208369974044,
        -0.010739515831273277,
        -0.04694313350650116,
        -0.02177720538208739,
        -1.495476826076087e-05,
        -1.9135657712398662e-05,
        3.906034033450451e-06,
        1.295047295923458e-28,
        5.3661274101393547e-05,
        2.5338023479408918e-191,
        4.9572606329719674e-05,
        -0.054167971832517633
      ],
      [
        0.030486745967883033,
        -0.006680745866313591,
        -0.04168739133733745,
        -0.053681960232898736,
        1.3108782086249797e-05,
        3.895660085084761e-06,
        -0.00011320507424984203,
        -9.986744263357493e-06,
        -2.595581303638903e-06,
        3.5046237575650485e-202,
        -6.132876069471698e-06,
        -0.022147678006545837
      ],
      [
        -0.021693658457788242,
        -0.01848826089722831,
        -0.050124507398866,
        -0.03887116541585398,
        1.3840209831186774e-06,
        -1.0733640045641079e-06,
        4.378983771851595e-05,
        9.67604760381385e-06,
        1.900630869731519e-15,
        1.0092623947606625e-190,
        3.654859798303826e-07,
        -0.03518850832198841
      ],
      [
        0.008390750264084153,
        0.007641888466143825,
        -0.03207487675667016,
        -0.07402732482833439,
        1.2999310563811254e-05,
        1.1059102472847038e-05,
        -7.934937423031385e-05,
        7.611965190382235e-08,
        1.4801102680630492e-05,
        -9.545492672067665e-247,
        2.024313471069189e-05,
        -0.015457294969166955
      ]
    ]
  },
  "cues": [
    [
      7,
      9
    ],
    [
      5,
      4
    ],
    [
      2,
      2
    ],
    [
      0,
      5
    ],
    [
      8,
      7
    ]
  ],
  "env": {
    "delay": 0,
    "grid_size": 10,
    "max_steps": 200,
    "noise": 0.0,
    "num_cues": 5,
    "reward_sparse_prob": 0.1
  },
  "seed": 9
}