{
  "agent": {
    "action_size": 4,
    "cue_exploration_bias": 0.10000000000000002,
    "cue_regularization": 0.022500000000000003,
    "epsilon": 0.05,
    "state_size": 11,
    "target_weights": [
      [
        0.07028337316665464,
        0.09085195996609047,
        0.009487800475332275,
        0.024409438353269572,
        -0.000579000581352995,
        -1.5739040767205424e-05,
        1.8115825885690992e-27,
        1.7801326549881827e-17,
        4.379264456913019e-54,
        -1.176422388158798e-233,
        7.32114490790507e-64,
        0.06602020088759639
      ],
      [
        0.21261610543972667,
        0.13033403932856097,
        -0.05944240156123551,
        0.017299817269920317,
        -0.0008181373069333263,
        4.622524398722806e-06,
        4.6969027641692216e-05,
        3.6449986104082866e-05,
        3.408038373924588e-05,
        2.2743556272814262e-223,
        1.325066948391744e-33,
        0.15991991719062423
      ],
      [
        0.09048994053593572,
        0.09844239837220604,
        0.01163903533198367,
        0.02994726771502532,
        -0.00010556519723001476,
        -1.3439911981656239e-05,
        8.487586402869141e-08,
        1.5017213637570277e-85,
        1.1922752054076786e-09,
        2.2410304415357203e-240,
        1.7588311304761965e-278,
        0.0668086953088869
      ],
      [
        0.16769674379364957,
        0.1964958839356857,
        0.019071616035592813,
        -0.028696136557731063,
        0.0010967488064805198,
        0.0001647681523663059,
        -2.7812723431909434e-05,
        -7.463754524466613e-07,
        1.920275759689798e-06,
        -2.0032061089081732e-236,
        -3.410208391898694e-06,
        0.1398104681707058
      ]
    ],
    "weights": [
      [
        0.07132248407251421,
        0.09178492881281503,
        0.009888176862696548,
        0.024915956799768837,
        -4.050617404920239e-05,
        -3.4231613016557924e-05,
        1.6545467063084026e-06,
        5.909544712311961e-21,
        1.4537938530956198e-57,
        -3.905394737806996e-237,
        2.4304162421461407e-67,
        0.06745968818082021
      ],
      [
        0.2142425660927562,
        0.13131708924528343,
        -0.06003024841960607,
        0.017355381147856824,
        -0.0006506479280931332,
        4.5029472365295986e-05,
        -5.548271922814556e-07,
        5.658899099001832e-08,
        7.808853529286229e-06,
        7.55022735718937e-227,
        4.398853285672558e-37,
        0.16095853098528312
      ],
      [
        0.09074245834556317,
        0.09862276823622566,
        0.011711183277591517,
        0.030091563606241014,
        -0.0001034417641353094,
        -3.4473368153003905e-05,
        2.8176423373177916e-11,
        4.985296752850794e-89,
        3.9580216766398115e-13,
        7.439597020366702e-244,
        5.838829582632586e-282,
        0.06713336106412221
      ],
      [
        0.16540662353855232,
        0.19384308277470666,
        0.01986279412938921,
        -0.027542277558052934,
        -0.0003241126463108346,
        -5.359216046537505e-05,
        9.281918206308667e-06,
        5.508208070415832e-06,
        6.0514657381541364e-05,
        -6.65008646147661e-240,
        -1.579135419332228e-08,
        0.138311526009405
      ]
    ]
  },
  "cues": [
    [
      4,
      4
    ],
    [
      2,
      3
    ],
    [
      2,
      2
    ],
    [
      1,
      8
    ],
    [
      3,
      4
    ]
  ],
  "env": {
    "delay": 0,
    "grid_size": 10,
    "max_steps": 200,
    "noise": 0.0,
    "num_cues": 5,
    "reward_sparse_prob": 0.7
  },
  "seed": 13
}