{
  "agent": {
    "action_size": 4,
    "cue_exploration_bias": 0.2333333333333333,
    "cue_regularization": 0.01916666666666667,
    "epsilon": 0.05,
    "state_size": 11,
    "target_weights": [
      [
        -0.006972894875941462,
        0.018269589293665404,
        -0.04998848203257007,
        -0.01864211685927361,
        -3.138837784891636e-07,
        1.1985478054200427e-12,
        3.169435461700807e-21,
        4.153188102989154e-97,
        8.986019784876854e-09,
        -1.3e-322,
        4.264224859887614e-271,
        -0.03470090245989734
      ],
      [
        0.07909749811668022,
        0.02763195609186624,
        -0.0569018022473526,
        -0.03231149313681001,
        0.00012670770127359274,
        -2.8408900031377612e-05,
        -1.575627741424811e-05,
        9.523899200779537e-06,
        1.0855222681000133e-05,
        3.5304484574055755e-27,
        3.3716411733973965e-220,
        0.012071850448984756
      ],
      [
        0.03369093953419714,
        0.012726047204177868,
        -0.022618732093981495,
        -0.04407783899120331,
        -7.435805815711152e-06,
        4.528080087815424e-06,
        9.122943344490072e-07,
        1.2972414021006883e-64,
        2.8596448074606764e-05,
        -1.3e-322,
        2.5335296631726107e-250,
        -0.023321014143279084
      ],
      [
        0.057620200286455495,
        0.08294573792909825,
        -0.019317465645990312,
        -0.026236901287725375,
        9.023025251587618e-05,
        -6.30325529829122e-05,
        -2.451061069675312e-05,
        -1.1273915986755891e-07,
        -6.890478660141203e-06,
        -1.6812578713036803e-21,
        -1.8693153459365493e-222,
        -0.012168083992338888
      ]
    ],
    "weights": [
      [
        -0.006806847191856283,
        0.01846331159176478,
        -0.04990545819052748,
        -0.018586767631245216,
        -8.74409319845887e-10,
        2.550244637017619e-07,
        8.82933141591742e-24,
        1.1569844105378489e-99,
        2.503302173191827e-11,
        -1.3e-322,
        1.1879167433728914e-273,
        -0.03445183093376957
      ],
      [
        0.08326889881731185,
        0.031242703297125567,
        -0.05707806261421789,
        -0.03192710000830293,
        7.27311757452908e-05,
        -9.213477445429046e-06,
        -1.1182439370920125e-05,
        2.6531432310771432e-08,
        1.2119743512818327e-06,
        9.83503209133678e-30,
        9.392630862880317e-223,
        0.016066990782751134
      ],
      [
        0.03459532137732505,
        0.013603582344091968,
        -0.02236519136884637,
        -0.04379745156285437,
        -2.3979469743062677e-05,
        9.616139669991992e-06,
        2.5414459846396714e-09,
        3.613821579269501e-67,
        5.0573057441352956e-05,
        -1.3e-322,
        7.05784147319554e-253,
        -0.02216309157501604
      ],
      [
        0.05888799032378765,
        0.08512768366310344,
        -0.01910988506792263,
        -0.026943476406330734,
        0.00012705763287476716,
        -8.518633770116368e-05,
        -6.295127738842144e-06,
        -2.2798381987768777e-07,
        -1.284592472702348e-05,
        -4.6836047367862026e-24,
        -5.2074903905054414e-225,
        -0.010692713376939061
      ]
    ]
  },
  "cues": [
    [
      6,
      9
    ],
    [
      2,
      3
    ],
    [
      2,
      1
    ],
    [
      2,
      4
    ],
    [
      0,
      7
    ]
  ],
  "env": {
    "delay": 0,
    "grid_size": 10,
    "max_steps": 200,
    "noise": 0.0,
    "num_cues": 5,
    "reward_sparse_prob": 0.3
  },
  "seed": 24
}