{
  "agent": {
    "action_size": 4,
    "cue_exploration_bias": 0.05555555555555555,
    "cue_regularization": 0.02361111111111111,
    "epsilon": 0.05,
    "state_size": 11,
    "target_weights": [
      [
        0.10098551524127133,
        0.06841841856831303,
        0.012184000415710322,
        0.03581468737577783,
        5.629487228414782e-07,
        5.239509212027889e-06,
        5.692949422072617e-13,
        1.347131300351406e-66,
        2.8799928235006356e-218,
        9.853660248258817e-248,
        1.04e-322,
        0.14324647936624355
      ],
      [
        0.26518923016518325,
        0.1846296359634217,
        -0.02244575920958411,
        0.019986482155466525,
        -0.0002858565688265899,
        8.332004946739471e-05,
        4.661954267081406e-05,
        1.2467357708390244e-10,
        -1.190474844599398e-217,
        1.0552092544865269e-136,
        5.695792693865131e-104,
        0.22028984073426128
      ],
      [
        0.08263317429721931,
        0.11035836315067768,
        -0.007748126692390905,
        0.048594252807179765,
        -0.00016860944928203634,
        2.4114712897930236e-05,
        6.305473300310742e-08,
        1.622845360096037e-64,
        9.800941846002636e-220,
        7.013432066562297e-221,
        1.04e-322,
        0.1301376208171348
      ],
      [
        0.21947883726127293,
        0.2541242237997812,
        0.04795177127836262,
        -0.05115146044328802,
        3.821713650090993e-06,
        -4.387112488889168e-05,
        -9.275454848639778e-06,
        -1.6126607255277917e-05,
        1.653169196823795e-212,
        -1.1446927880795715e-42,
        -2.7303487224908155e-160,
        0.2000151346761486
      ]
    ],
    "weights": [
      [
        0.10170867008392898,
        0.0690612228728976,
        0.012184000415710322,
        0.0358950379138509,
        -0.00014248111309320838,
        4.7667588453652034e-05,
        1.8239991943786518e-14,
        4.316157099580657e-68,
        9.227386720693848e-220,
        3.157075010155566e-249,
        1.04e-322,
        0.1439696342089012
      ],
      [
        0.26678706016706205,
        0.18593335262660296,
        -0.022520990847246094,
        0.020205363856502165,
        -0.0002524903079713009,
        0.00011047277623603233,
        -6.242535817595235e-06,
        3.9944936675469734e-12,
        -3.814235814318557e-219,
        3.3808500434272285e-138,
        1.8249101677730127e-105,
        0.22181243909847814
      ],
      [
        0.08287812494315558,
        0.11058671290990542,
        -0.007427236240366792,
        0.0489317441459124,
        -7.845781146374544e-05,
        -3.62147298455694e-05,
        8.273764991349567e-06,
        5.199534388869809e-66,
        3.1401842359513583e-221,
        2.247076777046393e-222,
        1.04e-322,
        0.1307034619150952
      ],
      [
        0.22050205713736795,
        0.2553206478141889,
        0.048270715190082775,
        -0.05100572066988061,
        -9.358917161547173e-05,
        -8.691226865189365e-06,
        2.043780919387131e-05,
        -0.00010104489603718575,
        5.296690800531307e-214,
        -3.6675518583968877e-44,
        -8.747932751496183e-162,
        0.2013572984639638
      ]
    ]
  },
  "cues": [
    [
      3,
      3
    ],
    [
      6,
      9
    ],
    [
      8,
      0
    ],
    [
      2,
      7
    ],
    [
      0,
      9
    ]
  ],
  "env": {
    "delay": 1,
    "grid_size": 10,
    "max_steps": 200,
    "noise": 0.0,
    "num_cues": 5,
    "reward_sparse_prob": 1.0
  },
  "seed": 26
}