{
  "agent": {
    "action_size": 4,
    "cue_exploration_bias": 0.16666666666666666,
    "cue_regularization": 0.020833333333333336,
    "epsilon": 0.05,
    "state_size": 11,
    "target_weights": [
      [
        0.04729883682338778,
        0.04713699639291403,
        0.007112855122443701,
        -0.013795365328279189,
        1.4440386912689974e-05,
        -4.374867017111316e-05,
        7.40806423335884e-12,
        5.178463255236078e-31,
        2.4962589791075128e-11,
        2.632585636903939e-53,
        1.2261322101417069e-06,
        0.020020359451290208
      ],
      [
        0.14208295115873545,
        0.10965524847255462,
        -0.041429015742122245,
        -0.004956362013704581,
        -4.857755633872359e-05,
        -1.1855634431193166e-05,
        2.4982466994698627e-05,
        -3.592803667295094e-06,
        -0.0001411242621982435,
        -4.988831864758833e-16,
        -1.351159199135028e-05,
        0.08718046052476011
      ],
      [
        0.03572674044518397,
        0.04984666368735944,
        -0.024710565052872745,
        -0.009695290923101438,
        3.948077749118756e-06,
        1.8152608204305438e-07,
        6.742584282504848e-07,
        1.6647452650940824e-14,
        4.428053287988603e-05,
        9.42104925724968e-217,
        3.426259736392016e-12,
        0.044488498250781154
      ],
      [
        0.1160341753413633,
        0.1668376359164746,
        0.003331492233688552,
        -0.05553419754953113,
        1.3856155910364198e-05,
        1.5546979895140642e-05,
        -7.718390678485425e-05,
        -6.720830433861823e-05,
        -0.00012667240454133176,
        1.754877576363017e-80,
        -9.65774422810763e-06,
        0.06228417448005128
      ]
    ],
    "weights": [
      [
        0.04913741980361133,
        0.04906921250188609,
        0.007502584596751198,
        -0.0134992689827202,
        -2.841175305808266e-07,
        -1.3408632352252547e-06,
        2.6671219222375423e-06,
        0.00027780140464841053,
        4.574614788520595e-06,
        2.22949763352015e-56,
        3.314534389192455e-05,
        0.022248671905821256
      ],
      [
        0.14318041764864453,
        0.11048594209525359,
        -0.04129469391387796,
        -0.004555267318250206,
        -3.068580285179046e-05,
        -1.7694581978622419e-06,
        -4.902179620707561e-05,
        1.3370815617869957e-06,
        -0.00021660934343784052,
        -4.224967530245474e-19,
        -3.747418806639398e-05,
        0.08841224884291345
      ],
      [
        0.03651306525836903,
        0.050656409062138884,
        -0.024462643885625683,
        -0.009470790317448765,
        -4.242164853757612e-06,
        8.281972972492443e-06,
        0.000152133303671967,
        1.4098480128859588e-17,
        3.750052491466951e-08,
        7.978546539901745e-220,
        2.90164842770132e-15,
        0.045522744231213275
      ],
      [
        0.11833440260153824,
        0.16965162780920645,
        0.003348851934447791,
        -0.056030602481328955,
        9.935423599473202e-06,
        2.0461153200886384e-05,
        -3.813055878190341e-05,
        -3.451763822796184e-05,
        0.0008599520476957058,
        1.486179727175078e-83,
        -3.980117560475205e-07,
        0.0646017614409854
      ]
    ]
  },
  "cues": [
    [
      7,
      8
    ],
    [
      7,
      7
    ],
    [
      8,
      9
    ],
    [
      3,
      2
    ],
    [
      8,
      7
    ]
  ],
  "env": {
    "delay": 0,
    "grid_size": 10,
    "max_steps": 200,
    "noise": 0.0,
    "num_cues": 5,
    "reward_sparse_prob": 0.5
  },
  "seed": 11
}