{
  "agent": {
    "action_size": 4,
    "cue_exploration_bias": 0.08333333333333333,
    "cue_regularization": 0.02291666666666667,
    "epsilon": 0.05,
    "state_size": 11,
    "target_weights": [
      [
        0.08382305963100498,
        0.12711609351073122,
        0.036963552294163156,
        0.014283253583859354,
        1.2567300221541392e-07,
        -9.273199367769539e-08,
        -2.180831196030598e-179,
        1.934924502783587e-148,
        2.0486766055350304e-38,
        5.152649112110811e-09,
        2.8675506299125243e-196,
        0.1393034265562999
      ],
      [
        0.2860489841455521,
        0.23676238198063576,
        -0.03732380897652563,
        0.023388983142590025,
        -0.000296965788280864,
        -0.00010778353823206626,
        -2.3245506422330297e-07,
        -2.4489893598690658e-08,
        -5.342766208193402e-05,
        -3.531699243667669e-05,
        1.7468923175437766e-27,
        0.23642639334077564
      ],
      [
        0.09617654134490189,
        0.12331671961198187,
        0.010462384790402988,
        0.04643440565607363,
        2.7326206140064652e-05,
        -1.2442978869237957e-05,
        -9.361236274656149e-187,
        2.3590291477488e-100,
        3.301415193901768e-09,
        5.280780886299128e-05,
        5.789377667876172e-187,
        0.14146471077061712
      ],
      [
        0.2374788491613674,
        0.28436379144666113,
        0.0061223409307567984,
        -0.06567318383056718,
        -8.025811997679003e-05,
        -0.00010309537702343732,
        6.41490244575489e-113,
        4.089006013940132e-66,
        5.996713546557556e-09,
        -0.0002050664253129624,
        -2.138261638213193e-10,
        0.24015462428152806
      ]
    ],
    "weights": [
      [
        0.08762025491742954,
        0.13094235289642475,
        0.03776870562070402,
        0.015059342811131273,
        -9.558637887004207e-05,
        -2.1795139691997614e-05,
        -2.543842835868662e-181,
        2.2570035880409825e-150,
        2.3896903691985276e-40,
        0.0002981822425438984,
        3.344870588641062e-198,
        0.14390577516926534
      ],
      [
        0.2870032784032372,
        0.23766358422521044,
        -0.036970074675343745,
        0.02379580945688223,
        -7.042453106597863e-05,
        -4.9826985698655165e-05,
        -2.7114851936368877e-09,
        -2.8566374369371876e-10,
        -3.6628200983418872e-06,
        -1.6353144303488664e-05,
        2.0376723861553726e-29,
        0.23773442189964267
      ],
      [
        0.09714038464415911,
        0.12430583811515365,
        0.011066853072710433,
        0.047013598734466526,
        1.0500485906811406e-05,
        4.368858219980177e-06,
        -1.0919466795734419e-188,
        2.7517028406548654e-102,
        3.850954353789945e-11,
        6.159796617846857e-07,
        6.753052199257972e-189,
        0.14303302235218185
      ],
      [
        0.2383852421528841,
        0.28540423701806883,
        0.006247241682904469,
        -0.06568233565831066,
        -5.726353784982605e-05,
        -0.00014868046652239195,
        7.482699100751941e-115,
        4.769644103274994e-68,
        6.994900303119546e-11,
        -3.075538865590346e-05,
        -2.4941873353067673e-12,
        0.24118591802519243
      ]
    ]
  },
  "cues": [
    [
      2,
      1
    ],
    [
      7,
      5
    ],
    [
      3,
      3
    ],
    [
      7,
      7
    ],
    [
      2,
      7
    ]
  ],
  "env": {
    "delay": 0,
    "grid_size": 10,
    "max_steps": 200,
    "noise": 0.05,
    "num_cues": 5,
    "reward_sparse_prob": 1.0
  },
  "seed": 18
}