{
  "agent": {
    "action_size": 4,
    "cue_exploration_bias": 0.10000000000000002,
    "cue_regularization": 0.022500000000000003,
    "epsilon": 0.05,
    "state_size": 11,
    "target_weights": [
      [
        0.05668060252838405,
        0.06827374611027333,
        -0.005617825341397598,
        -0.022087681185117922,
        9.987350643492452e-07,
        -5.6047059222693454e-06,
        9.23269580857773e-264,
        5.456716518213113e-08,
        1.1662105491855594e-153,
        1.5372196750628023e-194,
        -1.1e-322,
        0.040364122001396795
      ],
      [
        0.16051809209788656,
        0.1280898509729823,
        -0.03335610595917656,
        -0.01801268502405494,
        -5.0215449812869074e-05,
        -0.00034290854249897055,
        -8.918106598774568e-07,
        5.5965752389455845e-06,
        -2.7684018672838825e-127,
        7.82776178457704e-07,
        -4.538800756774147e-309,
        0.12349158681524278
      ],
      [
        0.014991679481974624,
        0.04791248032326776,
        -0.015878380412945134,
        -0.015728874512836284,
        -2.660693414868274e-05,
        -0.0004391677110468113,
        1.6444844891631664e-07,
        9.846904295383697e-15,
        1.3732011739831954e-132,
        1.6345130128668462e-193,
        -1.1e-322,
        0.06446653355045369
      ],
      [
        0.12956341395500276,
        0.16571561486794378,
        -0.009231023876007287,
        -0.09722540342760637,
        0.00020029771062771723,
        -0.0009557878296690222,
        2.6749302989027355e-05,
        6.093460186426759e-07,
        2.4965386055230235e-117,
        -5.47846427862866e-06,
        1.811475075004694e-210,
        0.1228517091558122
      ]
    ],
    "weights": [
      [
        0.05668060252838405,
        0.06827374611027333,
        -0.005617825341397598,
        -0.022087681185117922,
        7.807789520918913e-08,
        -4.381578832043924e-07,
        7.217824642115216e-265,
        4.265885475573038e-09,
        9.117058998072798e-155,
        1.2017489020600431e-195,
        -1.1e-322,
        0.040364122001396795
      ],
      [
        0.16046043319638986,
        0.12809314886271966,
        -0.033159398871098054,
        -0.017876934727210424,
        -7.468832320543147e-06,
        3.752111661487393e-05,
        6.319599222269541e-06,
        4.375222525319624e-07,
        -2.1642475427810674e-128,
        6.119492407497785e-08,
        -3.5482884551941e-310,
        0.12363063500182465
      ],
      [
        0.015293037262540669,
        0.048446375577188006,
        -0.015426074385995307,
        -0.015509105959240654,
        -4.2183749055517787e-05,
        -9.840925012480056e-05,
        0.00011206229910360523,
        7.697993082988764e-16,
        1.0735245130624862e-133,
        1.2778097044167344e-194,
        -1.1e-322,
        0.06522019735796956
      ],
      [
        0.13079425024658506,
        0.16738316378906712,
        -0.008948334100411307,
        -0.09737942628155155,
        0.0001348421026247197,
        -0.000515507958009422,
        1.0863997512390804e-05,
        -1.8141451175551981e-06,
        1.9517135883752177e-118,
        -4.28288717521664e-07,
        1.41615295316012e-211,
        0.12436523522299048
      ]
    ]
  },
  "cues": [
    [
      2,
      4
    ],
    [
      1,
      5
    ],
    [
      9,
      2
    ],
    [
      0,
      6
    ],
    [
      6,
      1
    ]
  ],
  "env": {
    "delay": 0,
    "grid_size": 10,
    "max_steps": 200,
    "noise": 0.0,
    "num_cues": 5,
    "reward_sparse_prob": 0.7
  },
  "seed": 20
}