{
  "agent": {
    "action_size": 4,
    "cue_exploration_bias": 0.2333333333333333,
    "cue_regularization": 0.01916666666666667,
    "epsilon": 0.05,
    "state_size": 11,
    "target_weights": [
      [
        0.051778040589264586,
        0.00020109667117579932,
        -0.0010280825819592963,
        -0.04134511923139726,
        -1.241253655690767e-05,
        -9.691326001531875e-05,
        -3.2306842524048646e-22,
        1.5551265916600135e-263,
        -1.5681419767852962e-304,
        2.597061260293047e-293,
        2.1796118870674886e-38,
        -0.0010394022382329414
      ],
      [
        0.08864755957247658,
        0.041229376290620616,
        -0.05502100581587238,
        -0.03534185327044861,
        -4.328025407427592e-05,
        -0.0008382069628257875,
        -3.09652794317915e-05,
        -7.166096967994069e-136,
        4.175929537875046e-42,
        6.182476789523365e-125,
        -5.2688349920249604e-05,
        0.03266824703005814
      ],
      [
        0.018681794436374688,
        -0.0026942383085261402,
        -0.025718506513449427,
        -0.03708106433160057,
        -2.853909806036942e-05,
        -5.021711072041057e-05,
        -9.407619636866002e-19,
        2.2918021131511776e-271,
        9.844954760571415e-172,
        -6.858120491912936e-301,
        4.947211821463787e-09,
        0.020590761642411935
      ],
      [
        0.03278842808350952,
        0.08251604861575154,
        -0.03324307693442026,
        -0.02972439627350622,
        -2.020488985770722e-05,
        7.654699184103677e-05,
        1.64217209645969e-05,
        2.279369677912261e-263,
        -5.819901820815874e-38,
        -1.358748515883366e-137,
        2.83016540163909e-05,
        0.020933647602966024
      ]
    ],
    "weights": [
      [
        0.052182847879304266,
        0.000567336825164655,
        -0.0009665121212358269,
        -0.041244981634622965,
        -9.981920023301013e-07,
        -2.6508922073999614e-06,
        -2.6081603936632624e-25,
        1.2554676553367763e-266,
        -1.2659750925667598e-307,
        2.0966308651089612e-296,
        1.7596202393271392e-41,
        -0.0005730244874697946
      ],
      [
        0.08808687706785817,
        0.040593008626469314,
        -0.05548834433489496,
        -0.035733506629938336,
        9.014450088590762e-05,
        0.0006476794280112242,
        -2.7486174567483257e-06,
        -5.7852544008779995e-139,
        3.371265396581782e-45,
        4.991169002409982e-128,
        -4.58074973516396e-06,
        0.03164022600641713
      ],
      [
        0.018974926702926057,
        -0.002446123574655505,
        -0.026147805994853387,
        -0.037465346280323795,
        -3.661505226184196e-05,
        -0.0001371164101046259,
        -7.59485577003015e-22,
        1.850192415797117e-274,
        7.947920340657006e-175,
        -5.5366222275243536e-304,
        3.993928506693174e-12,
        0.020454594427559345
      ],
      [
        0.04041077941350558,
        0.09033578649283985,
        -0.032384001883006684,
        -0.029062707769184855,
        -5.518400583522591e-05,
        -0.0015281666776089222,
        3.123427268474914e-06,
        1.84015559924261e-266,
        -4.698458975915551e-41,
        -1.0969298721896957e-140,
        1.934258916257869e-06,
        0.02941507398437567
      ]
    ]
  },
  "cues": [
    [
      3,
      0
    ],
    [
      8,
      0
    ],
    [
      2,
      3
    ],
    [
      2,
      5
    ],
    [
      3,
      1
    ]
  ],
  "env": {
    "delay": 0,
    "grid_size": 10,
    "max_steps": 200,
    "noise": 0.0,
    "num_cues": 5,
    "reward_sparse_prob": 0.3
  },
  "seed": 15
}