{
  "agent": {
    "action_size": 4,
    "cue_exploration_bias": 0.3333333333333333,
    "cue_regularization": 0.01666666666666667,
    "epsilon": 0.05,
    "state_size": 11,
    "target_weights": [
      [
        0.14446172819325728,
        0.08037198519178086,
        0.040850406812386775,
        0.013046169246336817,
        2.0260817893022987e-07,
        -0.00014393039725634033,
        1.6666248585600054e-13,
        1.0940619783384023e-85,
        -2.3607407768553236e-257,
        -6.811122114140051e-260,
        7.047076958457817e-34,
        0.13352277476010652
      ],
      [
        0.2492462728299415,
        0.1693624998501462,
        -0.05678110484602909,
        -0.004636362602666003,
        -0.00023573314739396077,
        -0.0009374992303000815,
        4.0245133140483906e-20,
        1.6334005680875358e-06,
        2.760805830602604e-114,
        1.2607140340800682e-104,
        1.5316659149680284e-34,
        0.1915068612573674
      ],
      [
        0.08979016317712601,
        0.05454053971457662,
        0.014799918924989245,
        0.01731095182448656,
        -2.3688237893796273e-05,
        -0.00039325990140253705,
        1.072858798895234e-15,
        8.688789480051548e-145,
        1.235886583830918e-266,
        1.1943549334000708e-259,
        2.452174111663935e-08,
        0.13221755582160205
      ],
      [
        0.16225716531788156,
        0.22793486018085188,
        0.02265033353634185,
        0.010218939866527816,
        5.441905320779957e-05,
        -0.0007539384032348226,
        -2.2391182351625224e-06,
        3.241743948580549e-33,
        2.1766944972666774e-109,
        -2.954967842520797e-290,
        -2.2301519972473155e-07,
        0.20629579530809905
      ]
    ],
    "weights": [
      [
        0.14561793961114847,
        0.08145574729909213,
        0.04105406033066584,
        0.01332227207519578,
        -0.00010722925203174381,
        -0.0002933614913903412,
        2.951348925274733e-15,
        1.9374237863839838e-87,
        -4.1805267207187486e-259,
        -1.2061501320009546e-261,
        1.247934284722178e-35,
        0.13488263969627676
      ],
      [
        0.25154114103902375,
        0.1708800209237165,
        -0.056820608287221824,
        -0.003898518908346863,
        -0.00010428567253231526,
        -0.0005381674873443674,
        3.121935930076295e-05,
        3.616465559816422e-07,
        4.8889834321092083e-116,
        2.2325402087040947e-106,
        2.712356370303159e-36,
        0.19376222602525675
      ],
      [
        0.09032482329279372,
        0.055169267472017225,
        0.015101901466035295,
        0.017518866723759713,
        -0.00024998655180059795,
        -0.0002471717813888701,
        1.899876055987071e-17,
        1.5386575666491108e-146,
        2.1885744246622935e-268,
        2.1150279446404696e-261,
        4.342441786989173e-10,
        0.13305419847831582
      ],
      [
        0.16425604006310549,
        0.23014744696005054,
        0.0232122219948612,
        0.010567116291072333,
        0.00010621024317617939,
        -0.000185830310124594,
        -2.806323252499614e-06,
        5.740654514733205e-35,
        3.854607671404862e-111,
        -5.232815964223879e-292,
        -2.071900835049512e-06,
        0.20885655851184215
      ]
    ]
  },
  "cues": [
    [
      3,
      0
    ],
    [
      8,
      0
    ],
    [
      2,
      3
    ],
    [
      2,
      5
    ],
    [
      3,
      1
    ]
  ],
  "env": {
    "delay": 10,
    "grid_size": 10,
    "max_steps": 200,
    "noise": 0.0,
    "num_cues": 5,
    "reward_sparse_prob": 1.0
  },
  "seed": 15
}