{
  "agent": {
    "action_size": 4,
    "cue_exploration_bias": 0.08333333333333333,
    "cue_regularization": 0.02291666666666667,
    "epsilon": 0.05,
    "state_size": 11,
    "target_weights": [
      [
        0.06929822453545077,
        0.053204163935172355,
        -0.027392945270283353,
        -0.016073370500660607,
        -9.879972167237765e-05,
        6.278507565341508e-05,
        -1.04e-322,
        2.060496876148249e-10,
        4.456282275300845e-261,
        8.972300479224783e-295,
        1.1891388238254552e-26,
        0.033991577615325556
      ],
      [
        0.2123586161034216,
        0.15979596927501075,
        -0.07354385214210692,
        -0.006439354365618896,
        -0.00017526812028698108,
        9.243075280943783e-05,
        -1.2604477785534748e-306,
        -2.034816851380863e-05,
        -2.941883884437428e-264,
        -2.930478460964955e-12,
        2.3155843367447172e-05,
        0.16980322104227102
      ],
      [
        0.09684832072224489,
        0.04419975685201736,
        -0.03174228616418607,
        -0.021462956742891864,
        -0.00033439332841986535,
        0.00012268376608078293,
        1.04e-322,
        5.252332058726317e-08,
        2.052457965584653e-283,
        1.04e-322,
        5.040568320781801e-38,
        0.074487362306573
      ],
      [
        0.1649275318023104,
        0.19241768226590855,
        -0.012903725465170818,
        -0.06828291094853674,
        -0.0006348787485288285,
        -6.317722484310229e-05,
        3.05318919442293e-219,
        -1.412224937669899e-05,
        6.094321019604279e-226,
        2.3459911404211546e-23,
        -1.2767212039907385e-13,
        0.17954170771491748
      ]
    ],
    "weights": [
      [
        0.06969272067003467,
        0.053532910713992264,
        -0.027195697202991406,
        -0.01581037307760468,
        -1.438262220981832e-05,
        -1.396811027307178e-06,
        -1.04e-322,
        7.313464023220244e-12,
        1.5816990782655242e-262,
        3.1846006426855224e-296,
        4.220692643280765e-28,
        0.03458332181720139
      ],
      [
        0.21183178225749838,
        0.15894761139835129,
        -0.0733391438974787,
        -0.005913122090254462,
        0.00021215166749553678,
        8.64572801555914e-06,
        -4.473794446527221e-308,
        7.113838545828657e-05,
        -1.0441831869963281e-265,
        -1.0401349811872781e-13,
        8.218863583608932e-07,
        0.16948109544097603
      ],
      [
        0.09807013500926405,
        0.045425531152629255,
        -0.03166831825775349,
        -0.021392948850052027,
        -0.0002641754421531739,
        5.2666241082247515e-05,
        1.04e-322,
        1.8642465317058575e-09,
        7.284930962154589e-285,
        1.04e-322,
        1.7890837640837593e-39,
        0.07578314450002474
      ],
      [
        0.1656707030463952,
        0.19323656410095888,
        -0.012749133521102725,
        -0.06820402959543413,
        -0.00047483203468637255,
        -2.6931723843071138e-05,
        1.0836895502233389e-220,
        3.7343964489219195e-05,
        2.163099495018308e-227,
        8.326788554193918e-25,
        -4.531554840560171e-15,
        0.18043947090307025
      ]
    ]
  },
  "cues": [
    [
      6,
      0
    ],
    [
      3,
      4
    ],
    [
      7,
      0
    ],
    [
      4,
      0
    ],
    [
      4,
      9
    ]
  ],
  "env": {
    "delay": 0,
    "grid_size": 10,
    "max_steps": 200,
    "noise": 0.05,
    "num_cues": 5,
    "reward_sparse_prob": 1.0
  },
  "seed": 25
}