{
  "agent": {
    "action_size": 4,
    "cue_exploration_bias": 0.3333333333333333,
    "cue_regularization": 0.01666666666666667,
    "epsilon": 0.05,
    "state_size": 11,
    "target_weights": [
      [
        0.0710689353842982,
        0.07120531091680755,
        -0.03502296878272386,
        -0.0027455761001026913,
        -3.408259172467756e-05,
        3.0470842128059508e-05,
        1.1066421306198174e-190,
        2.027980473655005e-08,
        2.8754303213977954e-12,
        0.00020360662012404687,
        1.43e-322,
        0.05778658943452281
      ],
      [
        0.23691489336305366,
        0.08401697648998212,
        -0.16039701380614116,
        -0.058412694478808785,
        -3.6706685502176624e-06,
        0.0001252342527557437,
        1.1874950777049615e-186,
        -5.883605068678348e-05,
        9.267328815978229e-05,
        -0.001060291232791378,
        1.43e-322,
        0.053452079023679655
      ],
      [
        0.09500738633810439,
        0.06679263317752654,
        -0.027762113565296502,
        -0.03932940378628449,
        -1.1142444314511808e-05,
        1.6892664833859132e-06,
        2.988655482353321e-38,
        7.0056149276373925e-28,
        2.734238079468011e-05,
        0.00010053558672343728,
        1.43e-322,
        0.08337278228540018
      ],
      [
        0.12773498234664551,
        0.09200539328643308,
        -0.030102532378495604,
        -0.03639659949276588,
        -2.195763722487255e-06,
        4.702344382344848e-06,
        -5.428276825913589e-06,
        3.99507430521287e-07,
        -8.393414239300555e-06,
        3.7978615526851813e-05,
        -8.868305187633452e-301,
        0.10184676518014822
      ]
    ],
    "weights": [
      [
        0.07157573385212435,
        0.07172047490568621,
        -0.03489931689462081,
        -0.002630289733052152,
        -1.1748008346761007e-07,
        -8.324739554089613e-06,
        1.4976215553232724e-192,
        2.7444710327622917e-10,
        3.891327025244874e-14,
        2.7372573933991588e-05,
        1.43e-322,
        0.05841703979045201
      ],
      [
        0.23948389030272532,
        0.08582283497692944,
        -0.1608733722461915,
        -0.05812591446613473,
        -0.00048399192780763174,
        0.0002509416351000402,
        1.607040050260118e-188,
        -5.761523397368592e-05,
        4.824472777093795e-05,
        0.00017598003562938465,
        1.43e-322,
        0.05554471752330108
      ],
      [
        0.09690964151972875,
        0.06890690874081767,
        -0.027522032699508987,
        -0.03930134330216377,
        -0.0001199577635930594,
        -3.0578056715145324e-06,
        4.044554917948515e-40,
        9.480716153512002e-30,
        8.511233814716971e-06,
        0.00108875575042434,
        1.43e-322,
        0.08551511833281204
      ],
      [
        0.12798935141393766,
        0.09211369220401704,
        -0.02993007552883183,
        -0.0360780724933939,
        3.824566246116504e-05,
        3.6386027637482946e-05,
        -7.346100566582206e-08,
        5.406544020923796e-09,
        -8.885911029206664e-06,
        1.1586886368549107e-05,
        -1.200149952789735e-302,
        0.10227359109710416
      ]
    ]
  },
  "cues": [
    [
      3,
      9
    ],
    [
      8,
      2
    ],
    [
      5,
      9
    ],
    [
      7,
      9
    ],
    [
      1,
      9
    ]
  ],
  "env": {
    "delay": 0,
    "grid_size": 10,
    "max_steps": 200,
    "noise": 0.2,
    "num_cues": 5,
    "reward_sparse_prob": 1.0
  },
  "seed": 3
}