{
  "agent": {
    "action_size": 4,
    "cue_exploration_bias": 0.05555555555555555,
    "cue_regularization": 0.02361111111111111,
    "epsilon": 0.05,
    "state_size": 11,
    "target_weights": [
      [
        0.08289543708611478,
        0.09402081877662813,
        0.010330757940401425,
        0.03161914446501857,
        4.341347218872475e-05,
        8.480935118175626e-06,
        3.2631506227050964e-258,
        8.932305728133465e-222,
        4.514184630350011e-92,
        2.3916618558858068e-05,
        1.686640234914409e-191,
        0.11496681785946487
      ],
      [
        0.27608253279860406,
        0.1896371119461747,
        -0.02315790976162342,
        0.012373913545065875,
        3.5617263790090894e-05,
        4.711544927891169e-05,
        1.0019652681894577e-125,
        -9.957059978937654e-220,
        4.362286774314251e-06,
        -0.00017857532466551874,
        7.250578707607514e-165,
        0.22985882250374814
      ],
      [
        0.10303364208196672,
        0.07997569857804804,
        0.019736036720328667,
        0.003011936842680725,
        -6.305104558816545e-05,
        0.0001943770318779224,
        3.563414017319752e-161,
        6.056235594978942e-239,
        8.02309079967567e-89,
        5.035976527279983e-06,
        7.343900612102457e-128,
        0.13889718831488704
      ],
      [
        0.20606863310677154,
        0.2562442855007384,
        0.024950676026960578,
        -0.06724863254148983,
        5.196787734254e-05,
        -6.318599041753295e-05,
        -3.425256643196703e-106,
        3.5350340126489845e-177,
        -2.8001919879515877e-19,
        0.0002891473200956922,
        -3.8260070612170456e-129,
        0.23523362434573025
      ]
    ],
    "weights": [
      [
        0.08380807854760715,
        0.09487061370081114,
        0.010673745140576413,
        0.032024978202502906,
        -2.775045372756113e-05,
        4.22783456407249e-05,
        2.285477823705004e-261,
        6.256096949419662e-225,
        3.161689439950605e-95,
        1.675095870657934e-08,
        1.1813058296003334e-194,
        0.11622244652113221
      ],
      [
        0.2791393934147032,
        0.19221439232908943,
        -0.022865718305967855,
        0.013145685233905819,
        -0.0002552368184129477,
        0.0001404020043475864,
        7.017663802081261e-129,
        -6.973824503478715e-223,
        3.055301711776937e-09,
        -0.00027128537810672357,
        5.078232285682095e-168,
        0.23320787457550282
      ],
      [
        0.10408161407952335,
        0.08109310438027552,
        0.020341734757281474,
        0.0035482010749626723,
        -2.068141016882286e-05,
        0.0001847416872464372,
        2.4957792804895203e-164,
        4.241726401211289e-242,
        5.619291972808075e-92,
        3.527147228115407e-09,
        5.143594007480986e-131,
        0.14055085834939646
      ],
      [
        0.20973503257745063,
        0.2608757248700955,
        0.025630005968845623,
        -0.06753434249828275,
        -5.770279286756623e-05,
        -0.00013557725113309078,
        -2.3990152474281884e-109,
        2.475902211113573e-180,
        -1.9612262596920778e-22,
        0.0012964824150845224,
        -2.679696803116454e-132,
        0.23957935375829442
      ]
    ]
  },
  "cues": [
    [
      3,
      9
    ],
    [
      8,
      2
    ],
    [
      5,
      9
    ],
    [
      7,
      9
    ],
    [
      1,
      9
    ]
  ],
  "env": {
    "delay": 1,
    "grid_size": 10,
    "max_steps": 200,
    "noise": 0.0,
    "num_cues": 5,
    "reward_sparse_prob": 1.0
  },
  "seed": 3
}