{
  "agent": {
    "action_size": 4,
    "cue_exploration_bias": 0.16666666666666666,
    "cue_regularization": 0.020833333333333336,
    "epsilon": 0.05,
    "state_size": 11,
    "target_weights": [
      [
        0.07776807422580755,
        0.07190855344951912,
        0.0007056768615116196,
        0.02717793280722276,
        1.2470402289633334e-05,
        1.97448410311415e-07,
        5.410797312351156e-21,
        9.538047018679085e-26,
        -2.6988400472116066e-218,
        6.596433485424165e-08,
        -1.14e-322,
        0.09699056571845137
      ],
      [
        0.23482622513756277,
        0.18804912512810157,
        -0.06615085763592675,
        -0.007947567672265607,
        1.938183433395394e-05,
        0.00010454681793119738,
        1.991062733559575e-06,
        -4.968854038251271e-05,
        6.514387444471729e-06,
        -6.416849166907146e-05,
        1.14e-322,
        0.1563765856733839
      ],
      [
        0.07888618521445531,
        0.07024603873185728,
        -0.046979080051403756,
        0.024773265563945712,
        -9.154195276183821e-07,
        -3.8225573231078445e-07,
        2.28506333006393e-24,
        9.900927099084697e-09,
        2.5799395216821345e-272,
        2.1729365440978695e-07,
        1.14e-322,
        0.06673288979836485
      ],
      [
        0.17910063723722536,
        0.21465080367070433,
        0.012292850961569188,
        -0.04816789794793896,
        -4.294161532394544e-05,
        -0.00019664904771724023,
        -1.5350300346627895e-06,
        -6.038807279414407e-05,
        -3.059416607082713e-09,
        -7.572744581113451e-06,
        -1.14e-322,
        0.18794692238819885
      ]
    ],
    "weights": [
      [
        0.07776807422580755,
        0.07190855344951912,
        0.0008127903121231663,
        0.027285046257834306,
        2.4263622855313724e-05,
        9.933986422345051e-06,
        1.969604611960612e-21,
        3.4719802484939734e-26,
        -9.824148821464844e-219,
        2.4011924796601316e-08,
        -1.14e-322,
        0.09709767916906291
      ],
      [
        0.23491981069909187,
        0.1881036902829942,
        -0.06597055285312706,
        -0.007728242482829422,
        1.6070971454607282e-05,
        5.1092670385603195e-05,
        7.247742091114819e-07,
        3.515606436661008e-06,
        8.441378661958035e-05,
        -2.2868389848973282e-05,
        1.14e-322,
        0.15665047601771268
      ],
      [
        0.07888618521445531,
        0.07024603873185728,
        -0.046979080051403756,
        0.024773265563945712,
        -3.332252936845836e-07,
        -1.39146341998264e-07,
        8.3179446830181e-25,
        3.6040735868128996e-09,
        9.391334561516843e-273,
        7.909787766367472e-08,
        1.14e-322,
        0.06673288979836485
      ],
      [
        0.17866970410802427,
        0.2142262570994582,
        0.012383921277044296,
        -0.04808321419041889,
        3.5703195050319585e-05,
        -2.6067823154361967e-05,
        2.3116899857291027e-05,
        -4.876437122777857e-05,
        -1.113669707320932e-09,
        -1.7689513228289755e-05,
        -1.14e-322,
        0.18760705957447288
      ]
    ]
  },
  "cues": [
    [
      2,
      1
    ],
    [
      7,
      5
    ],
    [
      3,
      3
    ],
    [
      7,
      7
    ],
    [
      2,
      7
    ]
  ],
  "env": {
    "delay": 3,
    "grid_size": 10,
    "max_steps": 200,
    "noise": 0.0,
    "num_cues": 5,
    "reward_sparse_prob": 1.0
  },
  "seed": 18
}