{
  "agent": {
    "action_size": 4,
    "cue_exploration_bias": 0.3333333333333333,
    "cue_regularization": 0.01666666666666667,
    "epsilon": 0.05,
    "state_size": 11,
    "target_weights": [
      [
        0.055268879754097534,
        0.05117774293822176,
        -0.030452364008345383,
        -0.035297636905360294,
        -3.5503256545330287e-06,
        -6.722749950913865e-05,
        1.43e-322,
        0.00014606386279175716,
        2.1118079764036945e-12,
        1.43e-322,
        1.43e-322,
        0.05489347945501393
      ],
      [
        0.23206914914851734,
        0.07472791083314521,
        -0.17694805379021927,
        -0.05773416831155941,
        -0.0003958299271634589,
        4.390898877239186e-06,
        1.43e-322,
        -0.0005848552132103077,
        -1.2050791912520378e-05,
        1.43e-322,
        1.43e-322,
        0.0326674651369591
      ],
      [
        0.05245334363165859,
        0.0997127394470145,
        -0.050442270214324514,
        -0.013634097676651408,
        -3.062930861165134e-05,
        -7.780527907054501e-06,
        -1.43e-322,
        3.587704087731442e-06,
        1.4248503812664981e-229,
        1.43e-322,
        1.43e-322,
        0.05726364662964048
      ],
      [
        0.131339039278578,
        0.09464508026526203,
        -0.013157711635627057,
        -0.040921597805452604,
        8.915107891438515e-06,
        1.7980039423396914e-05,
        -7.503332996163133e-07,
        2.940671215140145e-05,
        1.7860211064214124e-08,
        -1.43e-322,
        -1.43e-322,
        0.050765853779466893
      ]
    ],
    "weights": [
      [
        0.05537566632344191,
        0.0511868963086806,
        -0.030404200631219243,
        -0.035151840329348615,
        1.9917503409176996e-06,
        4.274540677281733e-07,
        1.43e-322,
        1.1544151675952892e-06,
        2.680737007066889e-05,
        1.43e-322,
        1.43e-322,
        0.05504842940148444
      ],
      [
        0.23321831379445146,
        0.07601149271324847,
        -0.1770124366764933,
        -0.057932968432002754,
        -4.034874331299799e-05,
        -3.873375000090154e-05,
        1.43e-322,
        -0.0008062476452303225,
        -2.1875731908778006e-05,
        1.43e-322,
        1.43e-322,
        0.033752246896619015
      ],
      [
        0.05275258979308693,
        0.1000403898347916,
        -0.05042799229905286,
        -0.013648223987728513,
        -2.6451081266121854e-05,
        -2.9844687102312554e-06,
        -1.43e-322,
        2.835540520810137e-08,
        1.1261299408691245e-231,
        1.43e-322,
        1.43e-322,
        0.057577170706340476
      ],
      [
        0.1314216435076505,
        0.09466352548703988,
        -0.013238625092365066,
        -0.04093835225489586,
        -1.2059926307199945e-05,
        -4.581690204746311e-06,
        4.568621176264593e-06,
        -1.7845069586518864e-06,
        1.4115810820625182e-10,
        -1.43e-322,
        -1.43e-322,
        0.0507675445518015
      ]
    ]
  },
  "cues": [
    [
      3,
      3
    ],
    [
      6,
      9
    ],
    [
      8,
      0
    ],
    [
      2,
      7
    ],
    [
      0,
      9
    ]
  ],
  "env": {
    "delay": 0,
    "grid_size": 10,
    "max_steps": 200,
    "noise": 0.3,
    "num_cues": 5,
    "reward_sparse_prob": 1.0
  },
  "seed": 26
}