{
  "agent": {
    "action_size": 4,
    "cue_exploration_bias": 0.3,
    "cue_regularization": 0.017499999999999998,
    "epsilon": 0.05,
    "state_size": 11,
    "target_weights": [
      [
        -0.003463909718973326,
        -0.01564007310718212,
        -0.017330424679522116,
        -0.04762055564612071,
        -2.1948319424159248e-07,
        -6.193914120192906e-07,
        9.506275391746367e-202,
        7.771033204994234e-19,
        -6.56990810396373e-32,
        5.489401329464678e-10,
        4.522632391301957e-45,
        -0.05765681799433628
      ],
      [
        0.011819203904865513,
        0.0113596520794292,
        -0.05983602922421617,
        -0.038243951657745336,
        7.138509235098577e-05,
        3.3580617871893616e-05,
        -5.832112540064647e-17,
        -1.7714114584380348e-06,
        -8.900639919712469e-07,
        5.57481850299086e-09,
        -7.931849686187497e-07,
        -0.018112083930253355
      ],
      [
        -0.03037846591413539,
        0.0001598337589530718,
        -0.0478144473504942,
        -0.038033525667013936,
        -7.055568165264041e-05,
        -4.226180734793197e-06,
        9.88895914784813e-208,
        2.1153709383354236e-113,
        -1.4687123399215584e-33,
        2.454266594475361e-106,
        1.4171142778445583e-231,
        -0.037099991501439854
      ],
      [
        0.017048862510488115,
        0.014161878523721928,
        -0.02591747569436168,
        -0.07119751323697748,
        4.690652658009243e-05,
        -1.0064719735105592e-06,
        2.1931241233052986e-107,
        5.284327620546363e-15,
        1.039910686987538e-11,
        -9.380904160904746e-07,
        1.8851547814340496e-07,
        -0.028201297241026765
      ]
    ],
    "weights": [
      [
        -0.0027425647719409277,
        -0.014910335732210777,
        -0.01715552240175259,
        -0.047454045796290124,
        -2.6972914621198313e-05,
        -2.1816157602127003e-05,
        1.4334815938027264e-204,
        1.1718188885902478e-21,
        -9.90697402705609e-35,
        5.699432216264563e-06,
        6.819821666534293e-48,
        -0.05676057076953436
      ],
      [
        0.011060213225463114,
        0.010612204120231077,
        -0.05967412083744189,
        -0.03809358599117535,
        5.853776531636998e-05,
        9.970824698752281e-06,
        -8.794428558662785e-20,
        -2.45656217637653e-06,
        -2.2848789331500076e-07,
        8.406446671812865e-12,
        -4.0157916429708974e-08,
        -0.01870916622288145
      ],
      [
        -0.030121228463592338,
        0.0004240298320086886,
        -0.04777529471799979,
        -0.038001331657032095,
        -1.7978562071417127e-06,
        -1.1781058788895084e-07,
        1.4911876982456375e-210,
        3.189835323729213e-116,
        -2.214718193096359e-36,
        3.7008668952720356e-109,
        2.1369118291785916e-234,
        -0.036803601418402394
      ],
      [
        0.017757564000702577,
        0.014979107023992308,
        -0.026164398630453597,
        -0.0715529631831253,
        8.830707641432503e-05,
        -3.957306697373253e-06,
        3.3070818318733284e-110,
        7.968406202763076e-18,
        2.146431549984666e-06,
        -1.0043442225843186e-05,
        3.3608335589503833e-06,
        -0.027739518686904222
      ]
    ]
  },
  "cues": [
    [
      7,
      4
    ],
    [
      4,
      3
    ],
    [
      1,
      1
    ],
    [
      4,
      8
    ],
    [
      5,
      4
    ]
  ],
  "env": {
    "delay": 0,
    "grid_size": 10,
    "max_steps": 200,
    "noise": 0.0,
    "num_cues": 5,
    "reward_sparse_prob": 0.1
  },
  "seed": 27
}