{
  "agent": {
    "action_size": 4,
    "cue_exploration_bias": 0.08333333333333333,
    "cue_regularization": 0.02291666666666667,
    "epsilon": 0.05,
    "state_size": 11,
    "target_weights": [
      [
        0.10908996986536298,
        0.11630811172976681,
        0.04862750268828512,
        0.020339299942684543,
        -2.2232489774064304e-06,
        -2.2030479970262486e-05,
        3.91090308542385e-08,
        3.0028264346738496e-219,
        1.675563051700629e-09,
        2.464063099621359e-196,
        5.956332457067942e-69,
        0.12332614005910679
      ],
      [
        0.264708072578062,
        0.2308450865466191,
        -0.023357912561968088,
        0.014550024511712932,
        -0.00014666097097069478,
        6.110522246499728e-05,
        -0.0001548331460197925,
        -2.8673195967874443e-05,
        -0.0001192064516322535,
        -3.803296487583473e-38,
        -8.385751221374033e-07,
        0.2278766851242417
      ],
      [
        0.09871713774425993,
        0.11325975102913827,
        0.01708145515806263,
        0.031674039245131104,
        -0.0001032469917196696,
        -2.9766135642517078e-06,
        3.679752243570688e-05,
        4.007204791938319e-61,
        8.491543611946113e-11,
        4.0597100503304473e-200,
        2.720463833825792e-79,
        0.14927091576079266
      ],
      [
        0.23454330281868643,
        0.2988132827873635,
        0.008920832878870815,
        -0.06341137629791531,
        3.4781164916782566e-05,
        -3.696354554421123e-05,
        -6.691537744842591e-05,
        9.009774783481609e-06,
        0.0006326497796315429,
        2.9051566534301943e-171,
        -3.936055524666092e-07,
        0.18638264260255555
      ]
    ],
    "weights": [
      [
        0.11097872989240543,
        0.11834156852786207,
        0.04901144344896682,
        0.020578543932313426,
        7.2959933808117585e-06,
        -1.5684065831512422e-05,
        6.257346665049208e-05,
        1.2432246843161041e-222,
        9.897273925174754e-06,
        1.0201668780415054e-199,
        2.4660298221413375e-72,
        0.12559884084683096
      ],
      [
        0.26602177278730066,
        0.23137101674728905,
        -0.02382020935632997,
        0.014875497725919878,
        -8.012238340777206e-05,
        1.120530961253615e-05,
        -2.3856513968260113e-05,
        -6.6740774858917586e-06,
        -0.0003293855319204858,
        -1.574633825164816e-41,
        -4.567071736523622e-06,
        0.22872808853911877
      ],
      [
        0.09919835963426686,
        0.11413708157011854,
        0.01781972199590325,
        0.03201619743199838,
        2.9649065370544566e-05,
        -4.454302476402967e-06,
        2.0692079438530297e-06,
        1.659055566755921e-64,
        3.5156532873218716e-14,
        1.6807936973837038e-203,
        1.1263214390107762e-82,
        0.1504904044886402
      ],
      [
        0.23808403982326715,
        0.30270443229496097,
        0.009394752937043735,
        -0.06328786874275921,
        -6.973037222795766e-05,
        2.7674162933011123e-06,
        -0.00018489232288954345,
        2.8402077385070088e-06,
        0.0010166549428730191,
        1.2027876209041915e-174,
        -4.937797376872969e-06,
        0.19039729966530913
      ]
    ]
  },
  "cues": [
    [
      7,
      8
    ],
    [
      7,
      7
    ],
    [
      8,
      9
    ],
    [
      3,
      2
    ],
    [
      8,
      7
    ]
  ],
  "env": {
    "delay": 0,
    "grid_size": 10,
    "max_steps": 200,
    "noise": 0.05,
    "num_cues": 5,
    "reward_sparse_prob": 1.0
  },
  "seed": 11
}