{
  "agent": {
    "action_size": 4,
    "cue_exploration_bias": 0.16666666666666666,
    "cue_regularization": 0.020833333333333336,
    "epsilon": 0.05,
    "state_size": 11,
    "target_weights": [
      [
        0.12253010189277017,
        0.11886369133175462,
        0.007062654827277847,
        0.049028686051407554,
        2.81380088565413e-05,
        -1.3018994965209886e-06,
        3.406810915809646e-14,
        7.647575412396326e-259,
        1.7712438735660217e-119,
        7.757740707083296e-08,
        0.000252973878839486,
        0.14624112676400552
      ],
      [
        0.26746356631279716,
        0.2132986347840976,
        -0.018726301801839415,
        -0.013723431002897697,
        1.1003318041354055e-05,
        1.9052862357522535e-05,
        -2.5259875791184403e-05,
        -1.3106020117418154e-05,
        -9.074020856898817e-06,
        4.448759049614209e-05,
        -0.00017961102873713839,
        0.23779023187386567
      ],
      [
        0.11537685107856356,
        0.11231501505674056,
        0.0025615273853995778,
        0.02008210295079445,
        1.7611311746319553e-07,
        -1.6532786911348297e-11,
        3.5902591095128166e-29,
        1.2159320945307833e-31,
        2.6231629411089284e-16,
        1.1322126428336257e-22,
        7.709923325845094e-06,
        0.15456803599862873
      ],
      [
        0.2173116492457061,
        0.2684811022164047,
        0.0073941400533565245,
        -0.08647662278694822,
        -2.313157534678873e-05,
        8.17051870733084e-05,
        0.0007273241041481462,
        -1.4947751829334246e-08,
        2.4881472203878974e-30,
        -3.821401232116247e-06,
        -3.424812359662055e-05,
        0.2329326208224812
      ]
    ],
    "weights": [
      [
        0.12496311282543117,
        0.12129710714728775,
        0.007569229775577785,
        0.04953485611683535,
        -1.6229869903932637e-05,
        -9.021398061365814e-05,
        1.1100660550207355e-16,
        2.4918652893581075e-261,
        5.771373133990922e-122,
        2.550341130881445e-05,
        0.0004135164389543229,
        0.14918071264496646
      ],
      [
        0.2685310721108194,
        0.21414819541098096,
        -0.018715015841605884,
        -0.013494199871525633,
        2.8790948330309755e-05,
        1.700108101324878e-05,
        -0.0001309462554378487,
        -1.0244849314152885e-05,
        -4.390241466608387e-07,
        1.449571616970531e-07,
        -1.6943551586538733e-05,
        0.23886902363212115
      ],
      [
        0.1170665315492124,
        0.11422887605621154,
        0.0028894716741499574,
        0.020185866710722696,
        1.7448401569399728e-05,
        -5.386998573948529e-14,
        4.806918663806331e-05,
        3.9619602516980585e-34,
        8.547243183355105e-19,
        3.6891710544969687e-25,
        2.5121805648551077e-08,
        0.15658566075802796
      ],
      [
        0.21833103661988915,
        0.2697993162361422,
        0.007538979657183114,
        -0.0866306098286763,
        2.9675118648567994e-05,
        6.124264458605297e-05,
        0.00033177664821753677,
        -4.8705350295834144e-11,
        8.107311610484244e-33,
        -1.408916913921858e-05,
        -4.407652066912501e-06,
        0.23409684780049084
      ]
    ]
  },
  "cues": [
    [
      7,
      9
    ],
    [
      5,
      4
    ],
    [
      2,
      2
    ],
    [
      0,
      5
    ],
    [
      8,
      7
    ]
  ],
  "env": {
    "delay": 0,
    "grid_size": 10,
    "max_steps": 200,
    "noise": 0.1,
    "num_cues": 5,
    "reward_sparse_prob": 1.0
  },
  "seed": 9
}