{
  "agent": {
    "action_size": 4,
    "cue_exploration_bias": 0.3333333333333333,
    "cue_regularization": 0.01666666666666667,
    "epsilon": 0.05,
    "state_size": 11,
    "target_weights": [
      [
        0.08882972709767441,
        0.05464770072564309,
        0.03167073777465079,
        0.02076385750982394,
        7.505821675855955e-09,
        -7.012939949607988e-06,
        8.83035947580363e-09,
        2.5906320876825346e-178,
        7.046389331649799e-187,
        5.734878935775912e-210,
        4.124634356875534e-186,
        0.09745721140057619
      ],
      [
        0.21948681943595238,
        0.17381555253237227,
        -0.030097964958210235,
        0.045679498284584154,
        -0.0007060081280811944,
        0.00018808056767302456,
        -2.9169481267579303e-07,
        1.740536231540259e-170,
        2.0607952809705862e-183,
        2.5234979834519742e-113,
        -2.510324503223659e-134,
        0.20386614264011274
      ],
      [
        0.08669729915196546,
        0.0894488109923097,
        0.0043182374361007995,
        0.030437626980098244,
        6.119542476512756e-05,
        2.077644941162864e-05,
        7.153792124335472e-278,
        2.1200690028393593e-170,
        1.9517066585290196e-203,
        -1.43e-322,
        8.137531883460522e-139,
        0.10620884490966345
      ],
      [
        0.1551821766243218,
        0.22399979825809538,
        0.040169479187231225,
        -0.027531720909434218,
        -0.0006946156685003799,
        -5.393422895619327e-05,
        6.449413827373211e-35,
        1.1635938254944558e-132,
        -7.070141703535987e-226,
        -5.439892348918747e-55,
        1.4592729047339137e-134,
        0.21818707693244374
      ]
    ],
    "weights": [
      [
        0.08882972709767441,
        0.05464770072564309,
        0.03167073777465079,
        0.02076385750982394,
        1.9564067063365547e-09,
        -1.8279361462426393e-06,
        2.301650005008232e-09,
        6.752531846441443e-179,
        1.8366547913391412e-187,
        1.4948071103355577e-210,
        1.0750937959177175e-186,
        0.09745721140057619
      ],
      [
        0.22043061913945816,
        0.17456462062985573,
        -0.0299008049075905,
        0.04607138994122626,
        -0.0006199770618110106,
        0.000186922168380277,
        -7.603080813366486e-08,
        4.536740816745811e-171,
        5.371502124872695e-184,
        6.577545525938974e-114,
        -6.543208598980838e-135,
        0.20500710239423825
      ],
      [
        0.0867956500435247,
        0.0895143782533492,
        0.004514939219219275,
        0.030667112393736467,
        5.115658429738519e-05,
        5.415421084879037e-06,
        1.8646495336823322e-278,
        5.526000209135231e-171,
        5.0871605540940885e-204,
        -1.43e-322,
        2.1210631743411583e-139,
        0.10650389758434116
      ],
      [
        0.15471662064457564,
        0.22350064804308833,
        0.04016742052581646,
        -0.027500185335588095,
        1.0193090835427244e-05,
        3.611345587094931e-05,
        1.6810519898707475e-35,
        3.0329294539089277e-133,
        -1.842845892281361e-226,
        -1.417918294995981e-55,
        3.8036226018799994e-135,
        0.21771946229128283
      ]
    ]
  },
  "cues": [
    [
      5,
      2
    ],
    [
      6,
      0
    ],
    [
      1,
      8
    ],
    [
      1,
      5
    ],
    [
      9,
      0
    ]
  ],
  "env": {
    "delay": 10,
    "grid_size": 10,
    "max_steps": 200,
    "noise": 0.0,
    "num_cues": 5,
    "reward_sparse_prob": 1.0
  },
  "seed": 7
}