{
  "agent": {
    "action_size": 4,
    "cue_exploration_bias": 0.2333333333333333,
    "cue_regularization": 0.01916666666666667,
    "epsilon": 0.05,
    "state_size": 11,
    "target_weights": [
      [
        0.013739861517206827,
        0.01435575287259559,
        -0.02898231049952879,
        -0.05203628349381649,
        -1.424220416017228e-06,
        -3.9345161226033585e-06,
        9.833180742165114e-20,
        6.418762637455865e-193,
        1.3e-322,
        2.657491566673221e-13,
        1.3e-322,
        -0.006567870316721743
      ],
      [
        0.03238828577744519,
        0.029935522595939085,
        -0.0701352847061794,
        -0.028886883804954844,
        5.153899934774229e-06,
        7.130268992502294e-05,
        7.05378733853939e-07,
        1.1334281226197503e-104,
        -2.004779485778972e-40,
        2.023803441216525e-05,
        1.439147697120324e-126,
        0.020308004838889674
      ],
      [
        0.01239750502246788,
        -0.008677416579758445,
        -0.014256650381618623,
        -0.03683070433517336,
        -1.3849395808240922e-08,
        -2.873511382547714e-05,
        3.6558737259824206e-09,
        -1.3e-322,
        2.1062776384710674e-278,
        5.223591469480819e-13,
        1.3e-322,
        -0.04299855908961599
      ],
      [
        0.05076925172139281,
        0.06578178170358773,
        -0.007677876075407093,
        -0.04493700442063907,
        -5.803591094847852e-05,
        -0.0006487917922083969,
        -6.732224253045495e-06,
        -2.0517981660535737e-252,
        1.3780930495996248e-32,
        6.447393621310178e-06,
        -6.364736818679867e-132,
        -0.03178556796728728
      ]
    ],
    "weights": [
      [
        0.013998040961453719,
        0.014590469303099412,
        -0.028948907338232067,
        -0.05197941731877669,
        -1.7602217165640466e-05,
        -4.4207039324044684e-05,
        6.935368181877222e-22,
        4.527170132441993e-195,
        1.3e-322,
        1.8743357758167653e-15,
        1.3e-322,
        -0.006276287711178126
      ],
      [
        0.03725841262904668,
        0.034119247990844606,
        -0.07031953449833568,
        -0.028384732140415165,
        -0.00038511101724550645,
        -0.0010183106296833891,
        -1.6332922298310405e-06,
        7.994098292482962e-107,
        -1.413976232302044e-42,
        5.500945542283725e-06,
        1.0150346474189297e-128,
        0.024993881898334878
      ],
      [
        0.012991134982459669,
        -0.008128215689543588,
        -0.014141900420911032,
        -0.03667152530468883,
        -3.187679277269337e-05,
        -4.8067402500642326e-05,
        2.5784973327518275e-11,
        -1.3e-322,
        1.4855631457492497e-280,
        3.684212771277285e-15,
        1.3e-322,
        -0.04229017916891661
      ],
      [
        0.05296897159008266,
        0.0685360867658098,
        -0.00733847048020998,
        -0.045152184018974216,
        -8.763130408932795e-05,
        -0.0008739443671909681,
        -7.086261090979039e-06,
        -1.4471386308870763e-254,
        9.719726443017616e-35,
        -4.808182456606882e-06,
        -4.489065580683648e-134,
        -0.02924644250340033
      ]
    ]
  },
  "cues": [
    [
      3,
      4
    ],
    [
      1,
      6
    ],
    [
      7,
      2
    ],
    [
      1,
      1
    ],
    [
      0,
      6
    ]
  ],
  "env": {
    "delay": 0,
    "grid_size": 10,
    "max_steps": 200,
    "noise": 0.0,
    "num_cues": 5,
    "reward_sparse_prob": 0.3
  },
  "seed": 4
}