{
  "agent": {
    "action_size": 4,
    "cue_exploration_bias": 0.05555555555555555,
    "cue_regularization": 0.02361111111111111,
    "epsilon": 0.05,
    "state_size": 11,
    "target_weights": [
      [
        0.08162628001455702,
        0.10354152993478036,
        0.019561905332352133,
        0.0035753198867502023,
        -3.8665710164233026e-05,
        -1.930435763885021e-05,
        8.096157525864133e-126,
        8.762575038105955e-138,
        1.637921401394955e-15,
        2.4176007435560944e-38,
        9.039503770508584e-68,
        0.07540731696739118
      ],
      [
        0.21317581302640537,
        0.19437987452358826,
        -0.04250634106872028,
        0.004851442432087435,
        3.839196580220514e-05,
        1.7378535350480694e-05,
        1.3184699771850386e-73,
        2.4417870507455255e-64,
        4.7584958564160234e-05,
        1.4118330258158812e-06,
        3.998049478441441e-60,
        0.20041318698494578
      ],
      [
        0.06073578178088969,
        0.08336823012992982,
        0.010557433327588295,
        0.004067184657976778,
        -1.0841726129301607e-05,
        3.5319728895792274e-06,
        1.6372470388276582e-176,
        2.7012312637252412e-123,
        3.5455013149362882e-19,
        1.3230355556527145e-07,
        6.695149431292819e-102,
        0.08270703779427345
      ],
      [
        0.18784038178669182,
        0.261010255711716,
        -0.007240653586985246,
        -0.09130890374912458,
        -0.00030999147534040356,
        -0.00012197124153832439,
        -3.922892736497944e-09,
        -7.903084828696793e-09,
        -1.0095353262365277e-05,
        -6.669826131438071e-05,
        -2.1888748516094446e-15,
        0.17211189275908187
      ]
    ],
    "weights": [
      [
        0.08340208496073859,
        0.10540854386134145,
        0.02003983721220573,
        0.003962042786224265,
        -1.154813603373121e-05,
        1.7046235249327878e-07,
        8.383881429413438e-130,
        9.073982305942993e-142,
        1.6961303897713255e-19,
        5.646253471201474e-05,
        9.360752622533821e-72,
        0.07766105379342633
      ],
      [
        0.21906031539066298,
        0.19925938415784214,
        -0.042650693908171874,
        0.005712082322639684,
        3.449776566851967e-05,
        -3.9895129916725195e-06,
        1.3653261959945608e-77,
        2.528564080420683e-68,
        6.616931503436289e-06,
        1.1626158934718929e-05,
        4.1401334730827895e-64,
        0.20615333650975187
      ],
      [
        0.0625285394529584,
        0.0853969650604556,
        0.01095551708587748,
        0.004229291157808892,
        -5.6859041597634604e-05,
        -2.0512678917215526e-08,
        1.6954320614857711e-180,
        2.797228506998438e-127,
        3.671502504403485e-23,
        1.3700540274883753e-11,
        6.933083849325527e-106,
        0.08489787922463136
      ],
      [
        0.18874976569666313,
        0.26270020524838467,
        -0.007194727200387544,
        -0.09204354298922446,
        4.609757103761003e-05,
        -6.656711442788327e-05,
        -4.062305786175478e-13,
        -1.5192634895493536e-05,
        -1.5134234433867858e-05,
        -8.189192301962934e-05,
        -1.059966875401659e-08,
        0.17306720305565096
      ]
    ]
  },
  "cues": [
    [
      0,
      8
    ],
    [
      1,
      8
    ],
    [
      3,
      6
    ],
    [
      5,
      8
    ],
    [
      4,
      9
    ]
  ],
  "env": {
    "delay": 1,
    "grid_size": 10,
    "max_steps": 200,
    "noise": 0.0,
    "num_cues": 5,
    "reward_sparse_prob": 1.0
  },
  "seed": 19
}