{
  "agent": {
    "action_size": 4,
    "cue_exploration_bias": 0.3333333333333333,
    "cue_regularization": 0.01666666666666667,
    "epsilon": 0.05,
    "state_size": 11,
    "target_weights": [
      [
        0.034583474701897716,
        0.020483948125555946,
        -0.026167876308968864,
        -0.016842835563283275,
        -0.0001088627026717608,
        4.1348785529653986e-08,
        1.0969303933509898e-11,
        -1.43e-322,
        4.225291948040141e-09,
        3.6376875650548067e-10,
        1.287890770717876e-61,
        0.0005018967430868295
      ],
      [
        0.17310082128105686,
        0.14205599243395525,
        -0.0538053741536519,
        -0.008218694358472863,
        -0.0001145931558354321,
        0.00011036225310528804,
        5.951810318645939e-07,
        2.1808700078419155e-27,
        1.6670019363239537e-08,
        9.886226555300704e-05,
        5.046748985279367e-19,
        0.15028390420836013
      ],
      [
        0.0865589887835951,
        0.05204535160550474,
        -0.028164593430191037,
        -0.03602019070103548,
        -0.00022337970867346594,
        -6.781333521339075e-05,
        3.3031345220979984e-87,
        1.43e-322,
        2.8954040704536394e-205,
        3.471626020755856e-102,
        5.895673380078875e-47,
        0.06777572310191783
      ],
      [
        0.12535241586600676,
        0.16575415342467867,
        0.017300646323426986,
        -0.0509901262550136,
        3.7866019833008506e-05,
        -8.708866007072895e-05,
        2.510687661921741e-05,
        -1.4444528347482019e-06,
        3.943571258436707e-18,
        1.7216736382560902e-05,
        -1.1705134396343416e-22,
        0.17017096356721068
      ]
    ],
    "weights": [
      [
        0.034583474701897716,
        0.020483948125555946,
        -0.026167876308968864,
        -0.016842835563283275,
        -0.0001088627026717608,
        4.1348785529653986e-08,
        1.0969303933509898e-11,
        -1.43e-322,
        4.225291948040141e-09,
        3.6376875650548067e-10,
        1.287890770717876e-61,
        0.0005018967430868295
      ],
      [
        0.17310082128105686,
        0.14205599243395525,
        -0.0538053741536519,
        -0.008218694358472863,
        -0.0001145931558354321,
        0.00011036225310528804,
        5.951810318645939e-07,
        2.1808700078419155e-27,
        1.6670019363239537e-08,
        9.886226555300704e-05,
        5.046748985279367e-19,
        0.15028390420836013
      ],
      [
        0.0865589887835951,
        0.05204535160550474,
        -0.028164593430191037,
        -0.03602019070103548,
        -0.00022337970867346594,
        -6.781333521339075e-05,
        3.3031345220979984e-87,
        1.43e-322,
        2.8954040704536394e-205,
        3.471626020755856e-102,
        5.895673380078875e-47,
        0.06777572310191783
      ],
      [
        0.12535241586600676,
        0.16575415342467867,
        0.017300646323426986,
        -0.0509901262550136,
        3.7866019833008506e-05,
        -8.708866007072895e-05,
        2.510687661921741e-05,
        -1.4444528347482019e-06,
        3.943571258436707e-18,
        1.7216736382560902e-05,
        -1.1705134396343416e-22,
        0.17017096356721068
      ]
    ]
  },
  "cues": [
    [
      6,
      0
    ],
    [
      3,
      4
    ],
    [
      7,
      0
    ],
    [
      4,
      0
    ],
    [
      4,
      9
    ]
  ],
  "env": {
    "delay": 10,
    "grid_size": 10,
    "max_steps": 200,
    "noise": 0.0,
    "num_cues": 5,
    "reward_sparse_prob": 1.0
  },
  "seed": 25
}