{
  "agent": {
    "action_size": 4,
    "cue_exploration_bias": 0.3,
    "cue_regularization": 0.017499999999999998,
    "epsilon": 0.05,
    "state_size": 11,
    "target_weights": [
      [
        -0.012796597937523649,
        -0.0061183576588604675,
        -0.037947329578708194,
        -0.04950228211920278,
        -1.0893724638421556e-05,
        -1.0906811977323757e-05,
        1.1533609561258317e-11,
        1.671880911513876e-49,
        1.6580502358162923e-87,
        1.515914310259279e-73,
        -1.4e-322,
        -0.06144258270182181
      ],
      [
        0.01980313907779135,
        -0.0013060596787395377,
        -0.050984552354645774,
        -0.04696017378789823,
        -5.156512545841747e-05,
        0.0002387623687840809,
        -6.534224078568954e-06,
        6.473782129312057e-10,
        -2.7903502794239587e-34,
        1.9602882156537104e-28,
        -1.4e-322,
        -0.034851812600322454
      ],
      [
        -0.04796161094787097,
        -0.019971672327504658,
        -0.06044081973336006,
        -0.05536045161232447,
        -5.064644402072603e-08,
        -8.837881028308388e-07,
        2.391905768229627e-18,
        -1.4e-322,
        -2.4921627770705004e-271,
        -1.9284671933700288e-285,
        -1.4e-322,
        -0.04304919619980714
      ],
      [
        0.008825945283287536,
        -0.0038180687801307863,
        -0.03860960390593635,
        -0.07780776848117596,
        8.128682242769055e-06,
        -4.307439284408328e-05,
        1.250925323878327e-05,
        -3.7470900610853583e-07,
        1.4936934692000648e-49,
        -2.808130748251705e-07,
        1.808886624066007e-61,
        -0.027264339545832236
      ]
    ],
    "weights": [
      [
        -0.012709219631993535,
        -0.005987290200565295,
        -0.03788210725353201,
        -0.049480748946791664,
        -4.0052450223055587e-07,
        -2.2733727541347955e-05,
        1.6664006136408035e-13,
        2.415569351540555e-51,
        2.3955864950487406e-89,
        2.1902254653462878e-75,
        -1.4e-322,
        -0.06128998207111552
      ],
      [
        0.02348667491948384,
        0.0014444544604801843,
        -0.051523264899342766,
        -0.04656586463012246,
        -6.417074206692648e-05,
        -0.00022142855348165116,
        -2.4689056430207354e-06,
        3.8155690711717376e-07,
        -4.031557851172458e-36,
        2.8322664020558234e-30,
        -1.4e-322,
        -0.031706989303326986
      ],
      [
        -0.04796161094787097,
        -0.019941940826849476,
        -0.060373923856885905,
        -0.055323287236505495,
        1.2681038058841964e-05,
        -1.2769159811276584e-08,
        3.4558766869805245e-20,
        -1.4e-322,
        -3.6007301607927563e-273,
        -2.786290707475075e-287,
        -1.4e-322,
        -0.042982300323332986
      ],
      [
        0.012637027865714415,
        0.0004939583207433287,
        -0.03825783054694241,
        -0.07795693964062925,
        0.000240223530615395,
        -0.001497437654410193,
        -4.16788001557227e-06,
        -4.930924762675328e-05,
        2.1581203182281888e-51,
        -4.057247453380694e-09,
        2.6135181396077807e-63,
        -0.023101483604411412
      ]
    ]
  },
  "cues": [
    [
      2,
      4
    ],
    [
      1,
      5
    ],
    [
      9,
      2
    ],
    [
      0,
      6
    ],
    [
      6,
      1
    ]
  ],
  "env": {
    "delay": 0,
    "grid_size": 10,
    "max_steps": 200,
    "noise": 0.0,
    "num_cues": 5,
    "reward_sparse_prob": 0.1
  },
  "seed": 20
}