{
  "agent": {
    "action_size": 4,
    "cue_exploration_bias": 0.16666666666666666,
    "cue_regularization": 0.020833333333333336,
    "epsilon": 0.05,
    "state_size": 11,
    "target_weights": [
      [
        0.0463837109802851,
        0.05294343795942739,
        -0.014400953589740615,
        0.011453087646247645,
        -1.2418075852532697e-08,
        -3.856842157829849e-06,
        6.481807686695263e-192,
        9.300952526634268e-19,
        1.6240747911603449e-158,
        9.973049156084091e-05,
        1.14e-322,
        0.053723380223493135
      ],
      [
        0.1648032612445565,
        0.08130059922780108,
        -0.05139381299610966,
        -0.01880474852509513,
        0.00017093542417708234,
        -3.413727173196367e-05,
        -2.1572669945692973e-208,
        -1.886797578038501e-13,
        7.607605245254497e-07,
        -0.0001784763284151157,
        1.14e-322,
        0.09034364771521358
      ],
      [
        0.03876992134793959,
        0.01813977401557796,
        0.003359613341452267,
        -0.015792282707752646,
        -9.425329415974538e-06,
        5.261983929739395e-06,
        1.2360455190571444e-235,
        3.974247004785822e-158,
        1.1438853230036286e-10,
        5.313530308071335e-06,
        -1.14e-322,
        0.05825704420198382
      ],
      [
        0.11115233097059887,
        0.11495713044471212,
        -0.00522307282405975,
        -0.051051528472654165,
        6.0494147892038175e-05,
        -1.0198286842535892e-05,
        -4.155288623296335e-94,
        9.369786318218944e-141,
        -2.753575109268943e-16,
        -3.169616041162675e-05,
        -1.14e-322,
        0.11014357335853843
      ]
    ],
    "weights": [
      [
        0.04674567661833039,
        0.05326248580300989,
        -0.01441343022800187,
        0.011483528802449166,
        -1.716371032449903e-05,
        8.846691377738519e-06,
        2.7985463723343028e-195,
        4.015723423281134e-22,
        7.012007814626563e-162,
        4.305903828982726e-08,
        1.14e-322,
        0.05407286922327717
      ],
      [
        0.16514013097272406,
        0.0812893600023935,
        -0.050864287162242394,
        -0.017927113737652767,
        -7.939061886143967e-05,
        0.00012105057090996655,
        -9.314086461097243e-212,
        -8.146323946307838e-17,
        2.336060482783446e-06,
        -0.000238145092879396,
        1.14e-322,
        0.09121004327724834
      ],
      [
        0.03881950957944841,
        0.01816653339824098,
        0.0034587898044698916,
        -0.015670277395889227,
        1.541146777712638e-06,
        2.9359062824041614e-07,
        5.336675925294332e-239,
        1.7158970268175948e-161,
        4.93877059578481e-14,
        2.2941379452624433e-09,
        -1.14e-322,
        0.05840580889651025
      ],
      [
        0.10843756515308768,
        0.11193623464625121,
        -0.005219704711465371,
        -0.05074203037911007,
        5.874719647448636e-05,
        -9.910221702235418e-07,
        -1.794062469116056e-97,
        4.0454426878820794e-144,
        -1.1888670576901226e-19,
        -2.8322186226448224e-05,
        -1.14e-322,
        0.10743217565362158
      ]
    ]
  },
  "cues": [
    [
      3,
      9
    ],
    [
      8,
      2
    ],
    [
      5,
      9
    ],
    [
      7,
      9
    ],
    [
      1,
      9
    ]
  ],
  "env": {
    "delay": 0,
    "grid_size": 10,
    "max_steps": 200,
    "noise": 0.0,
    "num_cues": 5,
    "reward_sparse_prob": 0.5
  },
  "seed": 3
}