{
  "agent": {
    "action_size": 4,
    "cue_exploration_bias": 0.08333333333333333,
    "cue_regularization": 0.02291666666666667,
    "epsilon": 0.05,
    "state_size": 11,
    "target_weights": [
      [
        0.07546170140701938,
        0.10789042954617396,
        -0.002978180734339191,
        0.04343760316695138,
        -0.00010587797501191499,
        -2.111174994808137e-05,
        1.7064655166872858e-253,
        4.8354775021787275e-11,
        4.968812427252239e-10,
        3.024890338966547e-53,
        8.223996449150457e-193,
        0.1110002768241165
      ],
      [
        0.24289095762937218,
        0.21049896236247337,
        -0.08224199888906585,
        -0.0028755375758048175,
        -0.0002788103119619415,
        5.562515895720647e-05,
        2.927407086597764e-25,
        -5.295464265063937e-05,
        1.607758325794988e-05,
        4.87689936462169e-221,
        5.648475318795675e-135,
        0.23323731462357203
      ],
      [
        0.11390575590861647,
        0.133278477530765,
        0.0037402583137307473,
        0.03481057580791487,
        -0.00013840941262754905,
        -2.785390777060242e-05,
        -1.04e-322,
        8.357893462549052e-59,
        1.3314030999182197e-12,
        5.021679412598845e-198,
        2.3773253758612706e-161,
        0.1250907951587155
      ],
      [
        0.20113480724852117,
        0.2608591080023188,
        0.00989864202508107,
        -0.0321373153335159,
        -0.0001013675252035381,
        -7.137802313350743e-05,
        -3.803937792010211e-26,
        1.1179338815465175e-05,
        2.6165395570156987e-05,
        1.1793684207048153e-11,
        -3.693002977581227e-131,
        0.21849684132966832
      ]
    ],
    "weights": [
      [
        0.07647915778780574,
        0.10860819563461614,
        -0.0028457207604341977,
        0.04386975343320056,
        -3.862679354957474e-05,
        -2.744478166082759e-05,
        1.9905163165232726e-255,
        0.00030087436365773253,
        5.795899251096117e-12,
        3.528400378751928e-55,
        9.592926993826443e-195,
        0.11215019317880787
      ],
      [
        0.24600024196530432,
        0.2130561394142881,
        -0.0824073809905192,
        -0.002488812393140736,
        -0.001288770686016314,
        3.3055970856164845e-05,
        3.414690489785341e-27,
        -0.00012381465182147562,
        2.120416623515641e-05,
        5.6886867413333075e-223,
        6.588695860299742e-137,
        0.2361812168580509
      ],
      [
        0.11489019100126399,
        0.13427384296774542,
        0.003863312700311686,
        0.03492269985016289,
        -0.00012557699784258196,
        -2.165450938072275e-05,
        -1.04e-322,
        9.749111919508981e-61,
        1.5530226473029472e-14,
        5.857566244017309e-200,
        2.7730445790214306e-163,
        0.12619828463794394
      ],
      [
        0.20272072150182552,
        0.2628196091368938,
        0.010461542430432767,
        -0.031949001809435044,
        -4.596131720195334e-05,
        -6.636560921960049e-05,
        -4.437124669670889e-28,
        2.2594653595333984e-05,
        1.2309866861560498e-05,
        1.3756809391393123e-13,
        -4.30772413035027e-133,
        0.22064565598832428
      ]
    ]
  },
  "cues": [
    [
      3,
      5
    ],
    [
      6,
      2
    ],
    [
      3,
      0
    ],
    [
      1,
      2
    ],
    [
      3,
      8
    ]
  ],
  "env": {
    "delay": 0,
    "grid_size": 10,
    "max_steps": 200,
    "noise": 0.05,
    "num_cues": 5,
    "reward_sparse_prob": 1.0
  },
  "seed": 8
}