{
  "agent": {
    "action_size": 4,
    "cue_exploration_bias": 0.2333333333333333,
    "cue_regularization": 0.01916666666666667,
    "epsilon": 0.05,
    "state_size": 11,
    "target_weights": [
      [
        0.01550875928259068,
        -0.0024743356860873703,
        -0.040710636755794505,
        -0.027502027617771676,
        -4.2409481034048883e-07,
        -5.291226319315423e-09,
        2.0840900148324236e-63,
        -1.3e-322,
        1.415773830291849e-60,
        5.668684122477886e-13,
        6.95388422590363e-70,
        -0.03311557912304473
      ],
      [
        0.06991466409415195,
        0.046855672791199204,
        -0.08005550008269195,
        -0.04245465783166105,
        0.00023116479492570643,
        4.4639885716625643e-07,
        -5.967113016265459e-06,
        9.20596769103676e-65,
        -2.001652912066691e-09,
        1.8570600613344878e-08,
        -4.531259209484719e-12,
        0.020847621092416977
      ],
      [
        0.029106199157825908,
        -0.0003557381025564567,
        -0.040151948305681,
        -0.05305924549423193,
        -8.422151945245772e-07,
        2.516107940772465e-07,
        1.3782349636523513e-22,
        1.3e-322,
        3.0349062466399456e-225,
        7.05102482541905e-21,
        4.106307745648936e-36,
        -0.0016644213993402188
      ],
      [
        0.04924758141175581,
        0.05015499398744321,
        -0.03590076977817321,
        -0.06469721737362957,
        -0.0008572865710683526,
        -3.534954427275256e-05,
        2.914478592531049e-05,
        -1.573275823130501e-184,
        7.769283733564621e-14,
        -2.3503192603511002e-05,
        -9.578832499070229e-37,
        0.040864713011360576
      ]
    ],
    "weights": [
      [
        0.016508158571097477,
        -0.0017531391552656486,
        -0.04056524134660568,
        -0.027078429450897768,
        -0.00020163719899166828,
        3.1395845811647616e-05,
        2.2931516956707135e-66,
        -1.3e-322,
        1.5577945945300375e-63,
        2.7332337922078427e-05,
        7.651450412716906e-73,
        -0.0319707844253491
      ],
      [
        0.07096962046415017,
        0.04760376635461678,
        -0.07981609538337561,
        -0.041908390325764044,
        2.1693358365204208e-05,
        2.1194763567068593e-05,
        2.2174424234834733e-06,
        1.012944751462103e-67,
        -7.151395317938119e-06,
        2.0433476473202926e-11,
        -4.985804195501084e-15,
        0.022141982161731563
      ],
      [
        0.029733777992632732,
        0.00022468005437866,
        -0.040094947589858335,
        -0.05295508410053756,
        -2.184075489086691e-06,
        4.088937251817584e-07,
        1.5164900850917336e-25,
        1.3e-322,
        3.339347320007008e-228,
        1.0314499638072724e-07,
        4.5182245022357166e-39,
        -0.0009798418487107236
      ],
      [
        0.04953186718317914,
        0.051179476997411454,
        -0.03560351900074397,
        -0.06514016383474527,
        0.00022966020215760475,
        -4.713366610308964e-05,
        -1.5546628471388627e-06,
        -1.731096111920838e-187,
        8.412721934073295e-06,
        -4.074944111411874e-06,
        -1.0539715574403744e-39,
        0.041446249560213144
      ]
    ]
  },
  "cues": [
    [
      6,
      0
    ],
    [
      3,
      4
    ],
    [
      7,
      0
    ],
    [
      4,
      0
    ],
    [
      4,
      9
    ]
  ],
  "env": {
    "delay": 0,
    "grid_size": 10,
    "max_steps": 200,
    "noise": 0.0,
    "num_cues": 5,
    "reward_sparse_prob": 0.3
  },
  "seed": 25
}