{
  "agent": {
    "action_size": 4,
    "cue_exploration_bias": 0.08333333333333333,
    "cue_regularization": 0.02291666666666667,
    "epsilon": 0.05,
    "state_size": 11,
    "target_weights": [
      [
        0.1075163042891343,
        0.10546279425123602,
        0.02771366938164785,
        0.020830769706655494,
        -1.07695762224102e-07,
        -1.0649166218560642e-07,
        9.95819240633781e-12,
        5.864556542553999e-87,
        1.04e-322,
        4.979045130214419e-156,
        1.787119616739503e-162,
        0.16530693738004382
      ],
      [
        0.3076104156062542,
        0.2148280633614555,
        -0.040011293409548204,
        0.01464370599854033,
        4.3040498688383687e-05,
        -2.883745568790278e-06,
        1.0414928375085543e-05,
        -2.463394493699972e-53,
        -1.04e-322,
        1.091499556191963e-140,
        1.287373941297389e-158,
        0.24514549197537006
      ],
      [
        0.10552223783841157,
        0.16096970620866252,
        0.00832986544450759,
        0.03694996542728581,
        -2.4303447898279057e-06,
        5.190170720617439e-06,
        4.2537159172694373e-23,
        1.8130203043060222e-95,
        -1.04e-322,
        1.95640087727681e-174,
        2.953829070456955e-157,
        0.16910467649522531
      ],
      [
        0.262712000012146,
        0.2776118661068648,
        0.04046399171818944,
        -0.038893719559671226,
        1.3083668012842441e-05,
        -2.7542458674612334e-05,
        -9.652689640651626e-06,
        -2.315211242524417e-06,
        -1.04e-322,
        -1.699264574350055e-106,
        -3.759886760614395e-158,
        0.23576051786685115
      ]
    ],
    "weights": [
      [
        0.10788750519803406,
        0.10583399516013577,
        0.027996322807290062,
        0.021113423132297707,
        2.2418300401423116e-07,
        3.89209528389858e-06,
        2.6343379002273228e-14,
        1.551408422099132e-89,
        1.04e-322,
        1.3171554392861755e-158,
        4.7276420724913045e-165,
        0.16596079171458578
      ],
      [
        0.3094794988951044,
        0.21636954232359915,
        -0.0397070635556542,
        0.015275540179140928,
        -0.00011731108900043907,
        2.6362344107020573e-06,
        4.134781568376972e-05,
        -6.516658057174108e-56,
        -1.04e-322,
        2.887450384196012e-143,
        3.4056160264249568e-161,
        0.24731880511811416
      ],
      [
        0.10648131584697543,
        0.1618579619135044,
        0.008683027266337384,
        0.03737394955283755,
        -2.9191687423494733e-05,
        -1.390949775427072e-05,
        1.12527701819974e-25,
        4.79615969106533e-98,
        -1.04e-322,
        5.175458324914648e-177,
        7.814052544461379e-160,
        0.17041691632561898
      ],
      [
        0.2633877437619435,
        0.2784012890229946,
        0.04054461800151119,
        -0.03892677244268157,
        -0.000129867019209525,
        4.315652831173768e-05,
        4.478358779501375e-06,
        -1.6733594402266029e-06,
        -1.04e-322,
        -4.495230547940611e-109,
        -9.946395680952704e-161,
        0.23651688789997047
      ]
    ]
  },
  "cues": [
    [
      3,
      3
    ],
    [
      6,
      9
    ],
    [
      8,
      0
    ],
    [
      2,
      7
    ],
    [
      0,
      9
    ]
  ],
  "env": {
    "delay": 0,
    "grid_size": 10,
    "max_steps": 200,
    "noise": 0.05,
    "num_cues": 5,
    "reward_sparse_prob": 1.0
  },
  "seed": 26
}