{
  "agent": {
    "action_size": 4,
    "cue_exploration_bias": 0.05555555555555555,
    "cue_regularization": 0.02361111111111111,
    "epsilon": 0.05,
    "state_size": 11,
    "target_weights": [
      [
        0.14383029663615057,
        0.11807199125127597,
        0.00583595991767414,
        0.00842451355335526,
        -6.706597230166524e-06,
        -3.935321125878242e-05,
        6.313397586359212e-59,
        2.9782693930288688e-06,
        5.006434632182418e-16,
        3.570978055230771e-151,
        1.360009787330424e-05,
        0.10586056156243605
      ],
      [
        0.2737772922429109,
        0.2069995907793328,
        -0.03739875258052854,
        0.024260860404300172,
        -4.098969568690817e-05,
        2.9301969572513208e-05,
        -2.552551183304526e-05,
        -6.725047906011525e-05,
        -3.209034848494993e-08,
        -2.0501925983716896e-65,
        2.4179928472729154e-05,
        0.21903622299687478
      ],
      [
        0.1137174542257169,
        0.07339674844682083,
        0.010982839290508077,
        0.027142439274479912,
        5.533469881450518e-06,
        -4.1654165720892275e-05,
        2.3146801544522745e-86,
        1.1305435411109729e-07,
        3.9329532623101094e-257,
        1.468736083946419e-242,
        1.6628932413234723e-22,
        0.11372347587824934
      ],
      [
        0.20704099310310561,
        0.2930868142070171,
        0.006479194854222894,
        -0.051909300697629626,
        1.6707970768868677e-05,
        -0.00025543369005348826,
        2.7116599053624624e-05,
        -1.9921659698866693e-06,
        4.771617173467563e-69,
        7.483392573891373e-64,
        1.992877668435229e-47,
        0.20798423558816181
      ]
    ],
    "weights": [
      [
        0.14448641825545835,
        0.11886836313798964,
        0.006182767289314102,
        0.00863107065758936,
        2.107010645967899e-05,
        -6.391760384256634e-05,
        6.368757083652103e-60,
        4.792992505276733e-05,
        5.050333927399649e-17,
        3.6022904424640153e-152,
        1.3719351345163343e-06,
        0.1068634905533838
      ],
      [
        0.2740921966666314,
        0.2072245494569442,
        -0.03720582756485801,
        0.02454373116607983,
        -2.5572875826204782e-05,
        7.95249261472636e-06,
        -3.202053020143587e-05,
        -1.2217885585062539e-05,
        -3.2371735097432365e-09,
        -2.0681698649776586e-66,
        3.41780744188669e-05,
        0.21954405243626576
      ],
      [
        0.1137174542257169,
        0.07339674844682083,
        0.010982839290508077,
        0.027142439274479912,
        5.581990524532511e-07,
        -4.201941337762875e-06,
        2.3349765999068033e-87,
        1.1404567964140837e-08,
        3.967439656125751e-258,
        1.4816148057679115e-243,
        1.6774744446505537e-23,
        0.11372347587824934
      ],
      [
        0.20633576480318963,
        0.29243711915069864,
        0.006585436317837977,
        -0.05185859247761216,
        2.872995758456296e-05,
        5.185255626582657e-05,
        2.7354372973509696e-06,
        -1.1613056544765136e-05,
        4.813457454296387e-70,
        7.549011259435755e-65,
        2.0103523648061913e-48,
        0.20738524875186096
      ]
    ]
  },
  "cues": [
    [
      8,
      6
    ],
    [
      4,
      5
    ],
    [
      4,
      2
    ],
    [
      8,
      4
    ],
    [
      1,
      0
    ]
  ],
  "env": {
    "delay": 1,
    "grid_size": 10,
    "max_steps": 200,
    "noise": 0.0,
    "num_cues": 5,
    "reward_sparse_prob": 1.0
  },
  "seed": 17
}