{
  "agent": {
    "action_size": 4,
    "cue_exploration_bias": 0.3333333333333333,
    "cue_regularization": 0.01666666666666667,
    "epsilon": 0.05,
    "state_size": 11,
    "target_weights": [
      [
        0.07721428026426866,
        0.07906114645950217,
        -0.02094225474793511,
        -0.05365951748375369,
        -9.799884411130967e-06,
        -1.1977878957694723e-05,
        1.43e-322,
        1.9872956426067837e-64,
        2.9536697774316327e-295,
        3.4203651170801736e-08,
        -4.90251083621846e-15,
        0.07447140631562557
      ],
      [
        0.20876401621499646,
        0.08343585193680672,
        -0.11821411092002636,
        -0.06542420882626446,
        0.0001230883183807555,
        0.000317524981087295,
        2.108641526168449e-09,
        -1.7271356981643157e-05,
        4.40106006692834e-141,
        -2.2856778957557277e-05,
        3.777234966865149e-16,
        0.05521709234206589
      ],
      [
        0.05381751922542428,
        0.053056138292989975,
        -0.0033451015480553564,
        -0.03750919719292227,
        -2.5205355583688088e-05,
        -2.8822313272202883e-05,
        1.43e-322,
        1.0546678156355178e-17,
        7.566400410951174e-138,
        3.12200135169721e-07,
        6.638065074046182e-07,
        0.017666944544639643
      ],
      [
        0.10993544818547049,
        0.11361429723246368,
        -0.031175127753134687,
        -0.04154488337236591,
        1.1037705898101395e-05,
        1.3348403438426345e-05,
        1.43e-322,
        1.6109421518413386e-07,
        -4.506469719683682e-145,
        5.073226622128092e-07,
        1.339464395858463e-05,
        0.07953471357193928
      ]
    ],
    "weights": [
      [
        0.0791111852092908,
        0.08117795247525968,
        -0.02069224606839635,
        -0.053629409874950296,
        -5.19054717149164e-05,
        -5.255605038053066e-05,
        1.43e-322,
        1.7667378020048311e-65,
        2.62585995689228e-296,
        1.100909045040286e-05,
        -4.3584110151441927e-16,
        0.07661831994018647
      ],
      [
        0.2095303980434911,
        0.08423003467986087,
        -0.11838780508674251,
        -0.06562570390754018,
        -2.3534414530713238e-05,
        3.281995944191586e-05,
        1.8746162449549972e-10,
        -3.13739492791446e-05,
        3.9126132128669434e-142,
        -4.215862012456029e-05,
        3.3580226615208016e-17,
        0.05580978000384434
      ],
      [
        0.05433270916131469,
        0.0537185253534205,
        -0.003197904423515239,
        -0.03750919719292227,
        -9.510743383659922e-06,
        -1.710224345855409e-05,
        1.43e-322,
        9.37616657779698e-19,
        6.726651709253184e-139,
        2.77550943488131e-08,
        5.901346657763437e-08,
        0.018329331605070172
      ],
      [
        0.10987946395136701,
        0.11353870972286959,
        -0.031162418588635346,
        -0.04151257093237595,
        -1.403157908562746e-05,
        8.488469206489377e-06,
        1.43e-322,
        -4.5050839303339547e-05,
        -4.006324090215209e-146,
        4.510180095646922e-08,
        2.4498131533069943e-05,
        0.07949143850233514
      ]
    ]
  },
  "cues": [
    [
      9,
      0
    ],
    [
      6,
      7
    ],
    [
      3,
      7
    ],
    [
      7,
      4
    ],
    [
      2,
      0
    ]
  ],
  "env": {
    "delay": 0,
    "grid_size": 10,
    "max_steps": 200,
    "noise": 0.2,
    "num_cues": 5,
    "reward_sparse_prob": 1.0
  },
  "seed": 10
}