{
  "agent": {
    "action_size": 4,
    "cue_exploration_bias": 0.3333333333333333,
    "cue_regularization": 0.01666666666666667,
    "epsilon": 0.05,
    "state_size": 11,
    "target_weights": [
      [
        0.12767135977806324,
        0.08682762537615203,
        0.010251696634187988,
        0.006006524399240962,
        -2.2955427639666916e-05,
        -3.8905403946820465e-07,
        8.945325884209144e-15,
        1.1398563455509566e-180,
        6.314907153797671e-212,
        1.2428654007793853e-290,
        5.572962170033877e-188,
        0.11487980294050212
      ],
      [
        0.2523535046681611,
        0.22020271865547314,
        -0.08153621041165485,
        -0.019279228059752823,
        -0.0006710406388118767,
        0.00019379613604296244,
        -0.00014042887927903901,
        3.0007642733382745e-06,
        -8.991734015630544e-200,
        2.2011716171902476e-213,
        -7.956128577490081e-15,
        0.18529458241887628
      ],
      [
        0.13623003116486423,
        0.159592442028785,
        -0.009664010311483078,
        -0.00415551979106246,
        -6.405407518092567e-05,
        -7.432037015481829e-06,
        3.7459693616118487e-06,
        3.783328570378074e-207,
        5.035808521665725e-221,
        -1.43e-322,
        5.249704525055776e-279,
        0.1417593291749782
      ],
      [
        0.21061518889601738,
        0.23836767196100178,
        -0.02714535586559461,
        -0.053781417393472,
        0.00011000520032042115,
        -8.167062244807595e-06,
        3.3720017766054364e-05,
        2.8478281606122808e-55,
        -1.4940550630498045e-179,
        2.474024720566783e-24,
        2.2008521891295345e-177,
        0.20630525415131284
      ]
    ],
    "weights": [
      [
        0.12845374778582694,
        0.08748292894835442,
        0.0101721197613954,
        0.006054031962009695,
        -0.00019503363434643782,
        -2.9598424303843264e-05,
        4.691831253208535e-05,
        1.7351434382957617e-181,
        9.612851438803648e-213,
        1.8919487120149335e-291,
        8.48342756431363e-189,
        0.11558261407547323
      ],
      [
        0.2521375084326807,
        0.21987904601739114,
        -0.081786296862255,
        -0.01942163810775158,
        -0.0003587446529053208,
        8.686364074783833e-05,
        -0.00018185841100570966,
        4.5679058234645643e-07,
        -1.3687644357132402e-200,
        3.350727925530318e-214,
        -1.211119659889821e-15,
        0.18482849973279558
      ],
      [
        0.13623003116486423,
        0.159592442028785,
        -0.009659861846130475,
        -0.0041513713257098584,
        -3.7588776497595643e-06,
        -1.1313399544528841e-06,
        5.702292383796869e-07,
        5.7591623448263115e-208,
        7.665746782028628e-222,
        -1.43e-322,
        7.991349432054275e-280,
        0.1417634776403308
      ],
      [
        0.21018183488990955,
        0.23794534747759763,
        -0.027184838760349474,
        -0.053831929810930636,
        0.00019863182834862385,
        1.9265484330098508e-05,
        1.394458706099745e-05,
        4.335099212780039e-56,
        -2.2743215399220967e-180,
        3.7660778718549908e-25,
        3.350241676973018e-178,
        0.20583241725044998
      ]
    ]
  },
  "cues": [
    [
      5,
      2
    ],
    [
      6,
      0
    ],
    [
      1,
      8
    ],
    [
      1,
      5
    ],
    [
      9,
      0
    ]
  ],
  "env": {
    "delay": 0,
    "grid_size": 10,
    "max_steps": 200,
    "noise": 0.3,
    "num_cues": 5,
    "reward_sparse_prob": 1.0
  },
  "seed": 7
}