{
  "agent": {
    "action_size": 4,
    "cue_exploration_bias": 0.10000000000000002,
    "cue_regularization": 0.022500000000000003,
    "epsilon": 0.05,
    "state_size": 11,
    "target_weights": [
      [
        0.06957563017641248,
        0.052307128304717856,
        -0.03175232681899311,
        -0.005053401939705495,
        -1.8688693222667093e-05,
        -4.241332177607073e-05,
        1.1e-322,
        3.1465307511447985e-259,
        1.862787731587424e-05,
        1.1e-322,
        1.1e-322,
        0.028080882053277693
      ],
      [
        0.18884457197313514,
        0.15179643542428942,
        -0.08195326710204684,
        -0.01073308359242394,
        0.0005499717713377636,
        0.00046711015606035503,
        8.187570627867e-311,
        1.4366443493439486e-176,
        -2.1058736523790667e-05,
        1.3958385384819133e-211,
        3.2041122894555877e-289,
        0.094676578937975
      ],
      [
        0.06775954374284658,
        0.04761794016975768,
        -0.012197376986883102,
        -0.025590727142814497,
        -8.736878843266101e-07,
        -6.451581373594789e-07,
        1.1e-322,
        1.1e-322,
        1.5013324706088013e-79,
        1.1e-322,
        1.1e-322,
        0.010663872025258345
      ],
      [
        0.14259902615810768,
        0.16758175446987356,
        -0.024550356355676404,
        -0.03750127405695366,
        -0.0013188471572135104,
        0.00034100102952010284,
        -1.2264360458587356e-80,
        -2.1539194240295857e-184,
        1.5358670164782725e-05,
        -1.1e-322,
        -1.1e-322,
        0.1391252107284045
      ]
    ],
    "weights": [
      [
        0.07154445265964428,
        0.053810945195803525,
        -0.03144509595559723,
        -0.004281165484163493,
        -8.097311978553473e-05,
        -0.00032410621103388894,
        1.1e-322,
        1.336151909845249e-261,
        7.910195647353148e-08,
        1.1e-322,
        1.1e-322,
        0.030356935399905364
      ],
      [
        0.19751692729927764,
        0.1596447320399805,
        -0.08183527339319599,
        -0.009791031173121571,
        -0.0003664631680419032,
        -0.0017254878884224432,
        3.47679364874e-313,
        6.100608075881372e-179,
        -0.00019091745893024158,
        5.927329101581643e-214,
        1.3606035006513452e-291,
        0.10346692797296833
      ],
      [
        0.06811374273336206,
        0.04766221504357211,
        -0.012153102113068668,
        -0.025236528152299025,
        -3.7948347333550527e-06,
        3.788385061722577e-06,
        1.1e-322,
        1.1e-322,
        6.375301583138173e-82,
        1.1e-322,
        1.1e-322,
        0.01106234588958825
      ],
      [
        0.14618258288065747,
        0.17270960056596796,
        -0.023793609543061565,
        -0.03828881661788348,
        -0.000948336482289699,
        0.0002745784610322035,
        -5.207973462140793e-83,
        -9.146465678184847e-187,
        1.0049029696691554e-07,
        -1.1e-322,
        -1.1e-322,
        0.14346551426356902
      ]
    ]
  },
  "cues": [
    [
      2,
      3
    ],
    [
      0,
      9
    ],
    [
      7,
      2
    ],
    [
      1,
      5
    ],
    [
      1,
      3
    ]
  ],
  "env": {
    "delay": 0,
    "grid_size": 10,
    "max_steps": 200,
    "noise": 0.0,
    "num_cues": 5,
    "reward_sparse_prob": 0.7
  },
  "seed": 22
}