{
  "agent": {
    "action_size": 4,
    "cue_exploration_bias": 0.05555555555555555,
    "cue_regularization": 0.02361111111111111,
    "epsilon": 0.05,
    "state_size": 11,
    "target_weights": [
      [
        0.05163083574914251,
        0.08773869632166383,
        -0.0002926172564552434,
        -0.03519364727284373,
        -8.708043602307599e-05,
        1.156657891476878e-05,
        1.4196278542244372e-09,
        3.1575024718284054e-144,
        1.04e-322,
        7.153302524431882e-23,
        5.590406621592998e-09,
        0.030086052331011984
      ],
      [
        0.18340016214804922,
        0.1731227990867545,
        -0.022365617874156554,
        0.0019919248847200632,
        4.5048887376313034e-05,
        -4.833817852861296e-06,
        -6.663728304222736e-06,
        -2.918524653879426e-05,
        -1.04e-322,
        9.387811716912386e-06,
        5.188618000842055e-06,
        0.14092154865338888
      ],
      [
        0.05468183286573619,
        0.12118515624475269,
        0.017681556720843646,
        -0.01602983898969062,
        -2.325690601730375e-08,
        -7.361154945390918e-08,
        1.241519204597637e-06,
        3.2614140939674576e-10,
        1.04e-322,
        2.745517854519801e-17,
        2.5313532063719947e-38,
        0.05892793793316338
      ],
      [
        0.15963324245389166,
        0.2334759828929569,
        -0.0171748729848984,
        -0.0864947928534289,
        0.00014635075329342336,
        -8.036143380883662e-05,
        6.840124558902318e-11,
        7.801020212956139e-07,
        1.04e-322,
        -2.23333298778916e-05,
        -8.81140946974372e-06,
        0.11768902965462325
      ]
    ],
    "weights": [
      [
        0.05202659360476441,
        0.08833233310509667,
        -9.473832864429694e-05,
        -0.03519364727284373,
        -3.764386498227797e-05,
        1.7101382166212776e-06,
        2.098943745405469e-10,
        4.668420702386954e-145,
        1.04e-322,
        1.0576278528186544e-23,
        8.26551055457866e-10,
        0.030679689114444825
      ],
      [
        0.18577904402058554,
        0.17528120918283582,
        -0.022243177337876473,
        0.002334837197455104,
        -0.00037138285013533904,
        7.995613152796963e-05,
        2.556638051713431e-05,
        -1.9999395963331838e-05,
        -1.04e-322,
        -2.1686066777554967e-05,
        7.671459296715019e-07,
        0.14342287106220528
      ],
      [
        0.05468183286573619,
        0.12118515624475269,
        0.017681556720843646,
        -0.01602983898969062,
        -3.438572811687382e-09,
        -1.088359184106718e-08,
        1.8356071005063578e-07,
        4.822055789719655e-11,
        1.04e-322,
        4.0592944915071505e-18,
        3.742648444179218e-39,
        0.05892793793316338
      ],
      [
        0.1602750531720369,
        0.23429594406227672,
        -0.017179087118932814,
        -0.08667715743863785,
        0.00013068740971020038,
        -7.894716691354309e-05,
        1.0113239619791631e-11,
        1.1533940063969238e-07,
        1.04e-322,
        -8.794179462802746e-05,
        -4.882876868508048e-06,
        0.11832662623873405
      ]
    ]
  },
  "cues": [
    [
      0,
      1
    ],
    [
      1,
      5
    ],
    [
      2,
      4
    ],
    [
      4,
      9
    ],
    [
      3,
      9
    ]
  ],
  "env": {
    "delay": 1,
    "grid_size": 10,
    "max_steps": 200,
    "noise": 0.0,
    "num_cues": 5,
    "reward_sparse_prob": 1.0
  },
  "seed": 2
}