{
  "agent": {
    "action_size": 4,
    "cue_exploration_bias": 0.16666666666666666,
    "cue_regularization": 0.020833333333333336,
    "epsilon": 0.05,
    "state_size": 11,
    "target_weights": [
      [
        0.12894277266789497,
        0.16257097686821667,
        0.028807504159609906,
        0.007441133934546489,
        -3.139333084530706e-08,
        -5.809700734209464e-08,
        1.14e-322,
        2.3703568509899206e-150,
        -4.14600385185661e-282,
        9.451958800562544e-08,
        8.902878680428781e-39,
        0.15982796911646735
      ],
      [
        0.30499927295291845,
        0.2194366778288053,
        -0.05544084555816441,
        0.0010804781166977835,
        2.166219273559594e-05,
        0.0001048164924555926,
        1.14e-322,
        3.0753793583261754e-94,
        -1.14e-322,
        -2.531319412413654e-05,
        -4.61622777102622e-05,
        0.22997064506528256
      ],
      [
        0.11949257708519198,
        0.11343681820414639,
        0.007132141022920403,
        0.0370779833329821,
        -9.395062347857272e-05,
        -6.509694671906042e-05,
        -1.14e-322,
        4.137543872783827e-240,
        -1.14e-322,
        1.7461383335780668e-07,
        1.1117580885614221e-05,
        0.14317568934173788
      ],
      [
        0.25172017191701923,
        0.27332966917199913,
        0.020447142622481974,
        -0.04541305963537018,
        -6.106064807971991e-05,
        -0.0001665952822411729,
        -1.14e-322,
        -1.0958205466536212e-109,
        1.14e-322,
        -5.5651240558026786e-05,
        3.158939235909906e-05,
        0.23870139422148648
      ]
    ],
    "weights": [
      [
        0.12894277266789497,
        0.16257097686821667,
        0.028807504159609906,
        0.007441133934546489,
        -2.970153534917099e-09,
        -5.4966143151714104e-09,
        1.14e-322,
        2.242617648529997e-151,
        -3.922574529300913e-283,
        8.942590062111339e-09,
        8.423100025261106e-40,
        0.15982796911646735
      ],
      [
        0.30701020145908253,
        0.22110125061926578,
        -0.05516537610368677,
        0.0017023032868791034,
        -8.57851487176614e-05,
        3.824233266807668e-05,
        1.14e-322,
        2.909646293142241e-95,
        -1.14e-322,
        -2.0937563970597927e-05,
        -3.784061394071404e-05,
        0.2322570430259243
      ],
      [
        0.12053854766870101,
        0.11434970018284545,
        0.0072839678827009416,
        0.03736289879757259,
        -5.455872357422207e-05,
        -9.542776932520907e-05,
        -1.14e-322,
        3.914570460897924e-241,
        -1.14e-322,
        1.652038443925245e-08,
        1.051845130096162e-06,
        0.14437348678502743
      ],
      [
        0.2522144086670368,
        0.2739611612985007,
        0.020502133771806864,
        -0.04549532386252921,
        -7.460320295877091e-05,
        -9.773056888021254e-05,
        -1.14e-322,
        -1.0367664668384792e-110,
        1.14e-322,
        -5.4898650262213225e-05,
        6.771752967164337e-06,
        0.23925062212082904
      ]
    ]
  },
  "cues": [
    [
      2,
      9
    ],
    [
      1,
      4
    ],
    [
      1,
      7
    ],
    [
      7,
      7
    ],
    [
      6,
      3
    ]
  ],
  "env": {
    "delay": 0,
    "grid_size": 10,
    "max_steps": 200,
    "noise": 0.1,
    "num_cues": 5,
    "reward_sparse_prob": 1.0
  },
  "seed": 1
}