{
  "agent": {
    "action_size": 4,
    "cue_exploration_bias": 0.2333333333333333,
    "cue_regularization": 0.01916666666666667,
    "epsilon": 0.05,
    "state_size": 11,
    "target_weights": [
      [
        0.0006601036373491058,
        0.008749990865501699,
        -0.022333957573331564,
        -0.024495180326863198,
        -3.315300746182774e-10,
        9.488180741171779e-11,
        -1.3e-322,
        -1.3e-322,
        3.028409287913349e-67,
        6.713869562050661e-15,
        -1.3e-322,
        -0.04745472231550136
      ],
      [
        0.05934186943928281,
        0.04455492743936948,
        -0.06350625234984816,
        -0.020157465351942697,
        0.00017637776314260038,
        2.593004223414346e-05,
        3.302434225452818e-175,
        1.329560429761752e-165,
        1.7461402460189392e-06,
        2.843981658860791e-06,
        4.430630744859192e-72,
        0.02557933211669682
      ],
      [
        0.012225790151331045,
        0.019471068850913906,
        -0.033747049574287334,
        -0.024850128594441332,
        -1.6963887556570845e-05,
        8.435900846203372e-06,
        1.3e-322,
        1.3e-322,
        4.504203846090854e-22,
        5.289793888293567e-57,
        3.560367492805353e-151,
        -0.01010743673716028
      ],
      [
        0.049283883234784935,
        0.06887194868841157,
        -0.025044193655264273,
        -0.05553063534600775,
        3.12504425141531e-05,
        4.0548027152036194e-06,
        -3.891681497113387e-169,
        -8.806505003524479e-169,
        -1.8182888094045162e-05,
        -1.796024555048092e-05,
        -1.2715396761946583e-42,
        0.015751854138895474
      ]
    ],
    "weights": [
      [
        0.0007452595083918504,
        0.008835146736544444,
        -0.022227512734528134,
        -0.024388735488059768,
        -8.40867722084152e-06,
        1.68172658025525e-05,
        -1.3e-322,
        -1.3e-322,
        4.724494871156542e-68,
        1.0474027549089318e-15,
        -1.3e-322,
        -0.047263121605655184
      ],
      [
        0.058617271427983134,
        0.04390454738865281,
        -0.06344952063033299,
        -0.02017495159301055,
        0.00018942243058032898,
        2.0125756063519508e-05,
        5.151989733605019e-176,
        2.0741917073006344e-166,
        2.724080483295806e-07,
        4.4367770283154446e-07,
        6.912042012821445e-73,
        0.024911465824912302
      ],
      [
        0.012588546085486136,
        0.01985743430190783,
        -0.033701030247430964,
        -0.0248277187844238,
        -5.559982891752888e-05,
        -9.090677164832455e-06,
        1.3e-322,
        1.3e-322,
        7.026820335821363e-23,
        8.252386556355475e-58,
        5.554380653343399e-152,
        -0.00969866147614882
      ],
      [
        0.048851956450047127,
        0.0684776438840177,
        -0.02503521123149464,
        -0.055559274902582036,
        8.066275444360828e-05,
        1.3037029386034268e-05,
        -6.0712497966071136e-170,
        -1.3738660718027847e-169,
        -9.270625459772061e-06,
        -2.8019029107662383e-06,
        -1.983675952464456e-43,
        0.015328909777927299
      ]
    ]
  },
  "cues": [
    [
      0,
      8
    ],
    [
      1,
      8
    ],
    [
      3,
      6
    ],
    [
      5,
      8
    ],
    [
      4,
      9
    ]
  ],
  "env": {
    "delay": 0,
    "grid_size": 10,
    "max_steps": 200,
    "noise": 0.0,
    "num_cues": 5,
    "reward_sparse_prob": 0.3
  },
  "seed": 19
}