{
  "agent": {
    "action_size": 4,
    "cue_exploration_bias": 0.16666666666666666,
    "cue_regularization": 0.020833333333333336,
    "epsilon": 0.05,
    "state_size": 11,
    "target_weights": [
      [
        0.06801112210678469,
        0.08509377695807205,
        -0.007490204584357265,
        -0.03626081062133841,
        -0.00017314924946816682,
        4.547101116252247e-05,
        1.14e-322,
        -1.14e-322,
        5.875551089117104e-104,
        7.841296983476791e-196,
        1.14e-322,
        0.0619333638106267
      ],
      [
        0.20923067438637502,
        0.17391314168835983,
        -0.015348904931065133,
        0.009644315583551692,
        -8.238139968177376e-05,
        -2.3078807520531862e-05,
        -1.14e-322,
        -8.311451107585258e-71,
        1.8571496323544665e-28,
        -2.3258505892480724e-11,
        -1.14e-322,
        0.16792888739422163
      ],
      [
        0.04725968432506637,
        0.08310341076482607,
        -0.0018898593927322226,
        -0.016878844126416555,
        4.112353390781615e-05,
        3.650607627148367e-06,
        -1.14e-322,
        -1.14e-322,
        1.873208362545304e-193,
        8.319569892527872e-259,
        1.14e-322,
        0.06081909820570466
      ],
      [
        0.16571851663067375,
        0.24633210172522393,
        -0.008559784748989479,
        -0.07852351333806443,
        3.1567350022374974e-05,
        1.3588332887466594e-05,
        1.14e-322,
        -1.14e-322,
        -9.281769736068309e-07,
        1.0832879390625768e-05,
        1.14e-322,
        0.12922475016965046
      ]
    ],
    "weights": [
      [
        0.07117722069898721,
        0.08800028420621382,
        -0.007299486711666659,
        -0.03581050140458705,
        -6.40702746690795e-05,
        -0.00023892844523836662,
        1.14e-322,
        -1.14e-322,
        3.969136535569497e-105,
        5.297065393749368e-197,
        1.14e-322,
        0.06529018027551985
      ],
      [
        0.20989839167800775,
        0.17438753073086402,
        -0.01531092525706107,
        0.009875623506684235,
        2.2598185459405316e-05,
        1.616922584446858e-05,
        -1.14e-322,
        -5.61467065035314e-72,
        1.2545683538435923e-29,
        -1.5711919460898702e-12,
        -1.14e-322,
        0.1686345843598584
      ],
      [
        0.047519985299986356,
        0.08400839266917513,
        -0.0009358501625747359,
        -0.01656951582568815,
        1.4955192982013597e-05,
        8.605795634143191e-05,
        -1.14e-322,
        -1.14e-322,
        1.2654165775673843e-194,
        5.620155168392617e-260,
        1.14e-322,
        0.06203340841078213
      ],
      [
        0.16797737983737962,
        0.24870963825085682,
        -0.008214745279788379,
        -0.0782971471877903,
        -0.00018630044976741046,
        -0.0007784246397861891,
        1.14e-322,
        -1.14e-322,
        -1.6809751447117052e-06,
        7.31798204501896e-07,
        1.14e-322,
        0.13182865284555736
      ]
    ]
  },
  "cues": [
    [
      9,
      1
    ],
    [
      7,
      4
    ],
    [
      2,
      9
    ],
    [
      7,
      5
    ],
    [
      5,
      0
    ]
  ],
  "env": {
    "delay": 3,
    "grid_size": 10,
    "max_steps": 200,
    "noise": 0.0,
    "num_cues": 5,
    "reward_sparse_prob": 1.0
  },
  "seed": 6
}