{
  "agent": {
    "action_size": 4,
    "cue_exploration_bias": 0.05555555555555555,
    "cue_regularization": 0.02361111111111111,
    "epsilon": 0.05,
    "state_size": 11,
    "target_weights": [
      [
        0.08895177134425684,
        0.060114441874281443,
        0.017998725748993152,
        0.0017471485821101797,
        -0.00040774937955961855,
        -4.753333773095159e-05,
        4.6781626999556456e-39,
        1.514372382725782e-241,
        -1.04e-322,
        8.660316343598458e-307,
        1.2776624833771073e-247,
        0.08390724362150084
      ],
      [
        0.2407514087392231,
        0.20018907457290763,
        -0.05089643252915356,
        0.019772097976376312,
        0.00020664367387885932,
        6.452891494514794e-05,
        -2.242427388519577e-05,
        -5.166265173369488e-179,
        1.612537097245234e-175,
        1.0635655035051226e-194,
        -1.5707923180184476e-206,
        0.20433226437244123
      ],
      [
        0.07546607031575513,
        0.07078058412112136,
        -0.005499263034652024,
        0.028057124544323468,
        1.8168573133546776e-05,
        -1.831585489297619e-05,
        2.651533872668036e-280,
        1.1277268451972774e-199,
        1.04e-322,
        -1.04e-322,
        2.036979477321693e-204,
        0.0851601156027004
      ],
      [
        0.17695323278029074,
        0.2530580473353522,
        0.02097664055806346,
        -0.05401175245988884,
        -0.00019116217298325187,
        1.6228090298502092e-05,
        4.485150893805492e-17,
        1.5767708702950069e-130,
        -2.0498632466504546e-277,
        -3.3187096627121125e-86,
        7.8552174610171745e-202,
        0.22076529445924617
      ]
    ],
    "weights": [
      [
        0.08895177134425684,
        0.060114441874281443,
        0.017998725748993152,
        0.0017471485821101797,
        -8.835972153960358e-05,
        -1.0300524528795054e-05,
        1.013762801874728e-39,
        3.281660960206349e-242,
        -1.04e-322,
        1.8766997055684083e-307,
        2.7687081063060943e-248,
        0.08390724362150084
      ],
      [
        0.24495315095478784,
        0.20391373656355632,
        -0.05091163512806572,
        0.020233975602380175,
        -0.0012623835043444431,
        3.707932385319984e-05,
        -4.859363853266133e-06,
        -1.119535123785357e-179,
        3.494384934166076e-176,
        2.3047576879292412e-195,
        -3.4039235563414224e-207,
        0.20851880398909384
      ],
      [
        0.07557002068407226,
        0.07084988436666612,
        -0.005291362298017766,
        0.0282996754037301,
        3.325665189177653e-05,
        -3.969065115074028e-06,
        5.745901928650712e-281,
        2.4437959935582796e-200,
        1.04e-322,
        -1.04e-322,
        4.414156058126278e-205,
        0.08547196670765178
      ],
      [
        0.17808636369864853,
        0.25454941310094714,
        0.021197219952021683,
        -0.05414940791316783,
        -0.0012356029015282057,
        -0.00013336997691033606,
        9.71936939469486e-18,
        3.4168791423177196e-131,
        -4.4420753224424946e-278,
        -7.191678917690624e-87,
        1.7022339267275929e-202,
        0.22211900477156213
      ]
    ]
  },
  "cues": [
    [
      5,
      2
    ],
    [
      6,
      0
    ],
    [
      1,
      8
    ],
    [
      1,
      5
    ],
    [
      9,
      0
    ]
  ],
  "env": {
    "delay": 1,
    "grid_size": 10,
    "max_steps": 200,
    "noise": 0.0,
    "num_cues": 5,
    "reward_sparse_prob": 1.0
  },
  "seed": 7
}