{
  "agent": {
    "action_size": 4,
    "cue_exploration_bias": 0.16666666666666666,
    "cue_regularization": 0.020833333333333336,
    "epsilon": 0.05,
    "state_size": 11,
    "target_weights": [
      [
        0.059934828172026354,
        0.04482310723992659,
        -0.038315632462922466,
        -0.01377348852323021,
        -5.960919890011019e-07,
        -3.876314851264547e-06,
        1.14e-322,
        1.7944311777982777e-124,
        1.6728371769778104e-65,
        1.14e-322,
        1.14e-322,
        0.011876774404962107
      ],
      [
        0.11836884621578588,
        0.09576033757386604,
        -0.06576428087621479,
        -0.008983725273519207,
        0.0005453263676577412,
        -5.624580794349691e-05,
        2.2386151720624822e-138,
        5.00416777011624e-122,
        -5.090345325217606e-05,
        1.14e-322,
        1.14e-322,
        0.040389839406455914
      ],
      [
        0.06062041439894298,
        0.03569303992445182,
        -0.018371957094486295,
        -0.02697953634901531,
        -7.85084292722739e-05,
        -1.060870743212238e-05,
        1.14e-322,
        1.14e-322,
        8.290776684000354e-27,
        -1.14e-322,
        1.14e-322,
        -0.0026498374262482476
      ],
      [
        0.07037785632847912,
        0.10204165651151632,
        -0.02608890586539715,
        -0.04572089543794633,
        0.00010203877484361868,
        0.00014354406447251652,
        -1.2802044812012303e-13,
        -1.58808072088991e-134,
        9.332448210490274e-06,
        -1.14e-322,
        -1.14e-322,
        0.0653654913890558
      ]
    ],
    "weights": [
      [
        0.059934828172026354,
        0.04482310723992659,
        -0.038315632462922466,
        -0.01377348852323021,
        -1.549305280716949e-07,
        -1.0074946786064926e-06,
        1.14e-322,
        4.663913877293975e-125,
        4.347878381010358e-66,
        1.14e-322,
        1.14e-322,
        0.011876774404962107
      ],
      [
        0.11789912426406748,
        0.09527509124993443,
        -0.06583903561466792,
        -0.009042955639759126,
        0.0003742880918574586,
        1.4401334266431147e-05,
        5.818394428318802e-139,
        1.300635421191731e-122,
        -2.5845932157921135e-05,
        1.14e-322,
        1.14e-322,
        0.0398453627162844
      ],
      [
        0.06111663249457639,
        0.03618808850402738,
        -0.01831058768531466,
        -0.026916997423785827,
        -0.00019885948762216196,
        -5.732322975057531e-05,
        1.14e-322,
        1.14e-322,
        2.154859373180228e-27,
        -1.14e-322,
        1.14e-322,
        -0.0020922499214432056
      ],
      [
        0.07241339503153027,
        0.104168686393328,
        -0.02576688370865655,
        -0.04549036445996625,
        -0.0012759644573535022,
        -1.2159776902725192e-05,
        -3.3273850340553765e-14,
        -4.127587507429106e-135,
        1.972935392846404e-05,
        -1.14e-322,
        -1.14e-322,
        0.06772305224884753
      ]
    ]
  },
  "cues": [
    [
      2,
      3
    ],
    [
      0,
      9
    ],
    [
      7,
      2
    ],
    [
      1,
      5
    ],
    [
      1,
      3
    ]
  ],
  "env": {
    "delay": 0,
    "grid_size": 10,
    "max_steps": 200,
    "noise": 0.0,
    "num_cues": 5,
    "reward_sparse_prob": 0.5
  },
  "seed": 22
}