{
  "agent": {
    "action_size": 4,
    "cue_exploration_bias": 0.3333333333333333,
    "cue_regularization": 0.01666666666666667,
    "epsilon": 0.05,
    "state_size": 11,
    "target_weights": [
      [
        0.08687532012407864,
        0.07137536884567525,
        -0.029824274893167912,
        -0.029211660362122836,
        -4.779290155868488e-07,
        1.126652011723824e-05,
        1.2594541750163855e-06,
        -1.654819496555457e-05,
        7.941516428519959e-09,
        1.43e-322,
        4.277035343620191e-278,
        0.04143265063859981
      ],
      [
        0.09064287827093379,
        0.08575244929937821,
        -0.042103625689950665,
        -0.030846974451717055,
        -3.179595980686155e-05,
        1.2212617646422998e-05,
        1.336219633833176e-05,
        -4.03543354089002e-05,
        9.247146875891016e-05,
        -1.0656347700096716e-10,
        1.6916076142820337e-06,
        0.06556587803140759
      ],
      [
        0.08738385473609947,
        0.06370270834309284,
        -0.028884018749979787,
        -0.01688645452063278,
        -1.3607704780875953e-06,
        -4.137164143957205e-07,
        2.496721647693983e-12,
        5.342416950456425e-28,
        1.7185559651662407e-05,
        1.8144237838907288e-239,
        1.4617375241420576e-12,
        0.03496346494157076
      ],
      [
        0.09701688461825236,
        0.24786407620987244,
        -0.04166638964213005,
        -0.22116795643951612,
        3.274250106168834e-06,
        -7.316791799454918e-05,
        -5.514937735399888e-05,
        1.0859734819223215e-16,
        -0.0009046959602653555,
        4.368508538953359e-260,
        1.285847915668979e-231,
        0.02672815960023216
      ]
    ],
    "weights": [
      [
        0.08705763469483381,
        0.07153806381734076,
        -0.029653173166550615,
        -0.029020939036415876,
        -2.236726837483742e-06,
        1.488362870052819e-05,
        4.9972207201505924e-08,
        -6.565938197940797e-07,
        1.2290648511279185e-05,
        1.43e-322,
        1.6970279716351889e-279,
        0.041786066935972276
      ],
      [
        0.09117254544153017,
        0.08624936523687193,
        -0.042106963470555925,
        -0.030817560999219624,
        -5.0766527448808005e-06,
        -1.4772683427254596e-05,
        8.03050650128887e-05,
        -2.0616009990095578e-07,
        3.435128282952571e-05,
        -4.228190480003742e-12,
        9.683650950610842e-07,
        0.06609220742139874
      ],
      [
        0.08764148214288069,
        0.06393068057395818,
        -0.028888653338210626,
        -0.016861433932947742,
        -1.8180399554558397e-05,
        -1.8363159809609055e-05,
        9.906409774807872e-14,
        2.1197465703869113e-29,
        6.818829655120562e-07,
        7.199210823112985e-241,
        5.799833918506241e-14,
        0.035216457760121125
      ],
      [
        0.09785025453429877,
        0.24896329383102023,
        -0.04206854811975934,
        -0.22183596262224692,
        7.956949254469331e-05,
        -5.603150552557957e-05,
        6.371887771398278e-05,
        4.308889750058359e-18,
        -0.00119221455020489,
        1.733322404265204e-261,
        5.101944933454902e-233,
        0.027159371038649276
      ]
    ]
  },
  "cues": [
    [
      6,
      6
    ],
    [
      0,
      4
    ],
    [
      8,
      7
    ],
    [
      6,
      4
    ],
    [
      7,
      5
    ]
  ],
  "env": {
    "delay": 0,
    "grid_size": 10,
    "max_steps": 200,
    "noise": 0.3,
    "num_cues": 5,
    "reward_sparse_prob": 1.0
  },
  "seed": 0
}