{
  "agent": {
    "action_size": 4,
    "cue_exploration_bias": 0.08333333333333333,
    "cue_regularization": 0.02291666666666667,
    "epsilon": 0.05,
    "state_size": 11,
    "target_weights": [
      [
        0.13345935168894849,
        0.09471249357270117,
        0.02045074935206104,
        0.013685154450212443,
        3.7179457377683667e-06,
        5.350112772475904e-06,
        1.2233788099790208e-189,
        2.255270022872332e-128,
        2.1352110420958567e-43,
        2.337698050726249e-214,
        1.5354953117475532e-11,
        0.1213058863743738
      ],
      [
        0.29841568889699094,
        0.20879227209186785,
        -0.028592513282091444,
        0.00957477980442949,
        2.70649804092685e-05,
        -0.0004402399501322103,
        -1.3132764443710473e-203,
        -5.961222086412665e-22,
        -1.3342212483498813e-38,
        1.6264950875709016e-217,
        1.1663711521205483e-05,
        0.21521617861825978
      ],
      [
        0.08314964503421045,
        0.06037000970147948,
        0.03215553786336688,
        0.014884912290522469,
        2.4931397799749066e-05,
        -1.7432270981881206e-05,
        2.302348983427911e-194,
        3.358235902543601e-143,
        3.440068563174865e-75,
        1.2092512009628642e-213,
        3.2565118426945787e-16,
        0.09799822638943717
      ],
      [
        0.20616651028564545,
        0.29087915856935154,
        -0.013440884438771436,
        -0.03828957606002285,
        -2.1000670905397215e-05,
        0.00013220293085707864,
        1.1111952031693575e-184,
        -7.066140573670827e-07,
        6.715025196330067e-36,
        -3.878971403950461e-130,
        -2.9736071372019993e-05,
        0.2190182746897281
      ]
    ],
    "weights": [
      [
        0.13495243143265426,
        0.09648502146283319,
        0.021306160546609207,
        0.014261117498334369,
        -5.518755106478869e-05,
        5.694524346744385e-05,
        1.6645521430236696e-193,
        3.0685626717153595e-132,
        2.9052081717758495e-47,
        3.1807157916568465e-218,
        2.089223706446261e-15,
        0.12365437731262774
      ],
      [
        0.3017005039475354,
        0.21140492267935934,
        -0.02927994165936101,
        0.009559515890212533,
        0.00014176313046973405,
        -0.00015588306338468766,
        -1.7868685496504738e-207,
        -8.110950523287544e-26,
        -1.8153664425874724e-42,
        2.2130397073659025e-221,
        -8.283554262657787e-05,
        0.21781356529153434
      ],
      [
        0.08316633685186728,
        0.06041704296977208,
        0.03241191910143201,
        0.015110952077951826,
        3.7617364196463557e-07,
        9.096819546232602e-08,
        3.1326191880166872e-198,
        4.5692787244319194e-147,
        4.680621776569165e-79,
        1.6453298533519668e-217,
        4.430871061623312e-20,
        0.09827129944515912
      ],
      [
        0.21122361198470224,
        0.2967839916359439,
        -0.012458566314154944,
        -0.03815498930294187,
        -8.758388468234373e-05,
        0.00011372491897670768,
        1.5119130245397125e-188,
        -2.0999664810770365e-06,
        9.13658916586993e-40,
        -5.277801209654755e-134,
        -0.00010919414807935322,
        0.22505769451340138
      ]
    ]
  },
  "cues": [
    [
      8,
      1
    ],
    [
      5,
      9
    ],
    [
      9,
      4
    ],
    [
      1,
      8
    ],
    [
      5,
      6
    ]
  ],
  "env": {
    "delay": 0,
    "grid_size": 10,
    "max_steps": 200,
    "noise": 0.05,
    "num_cues": 5,
    "reward_sparse_prob": 1.0
  },
  "seed": 29
}