{
  "agent": {
    "action_size": 4,
    "cue_exploration_bias": 0.16666666666666666,
    "cue_regularization": 0.020833333333333336,
    "epsilon": 0.05,
    "state_size": 11,
    "target_weights": [
      [
        0.0679450246197489,
        0.08131902758265559,
        0.04273694099483824,
        0.008292877150734847,
        4.6526325405108005e-05,
        -0.00017022807828586615,
        1.5924131652851275e-05,
        6.04843144476546e-239,
        9.73713609089356e-09,
        4.329959958791806e-218,
        1.1605915957758501e-08,
        0.07629063312004578
      ],
      [
        0.22868374839091987,
        0.19698665217637953,
        -0.010361296844552021,
        0.025380750412223138,
        -0.0002229712750545624,
        3.482501715702349e-05,
        -7.559531775766282e-05,
        -1.2915750544969273e-05,
        -1.1041416723270315e-05,
        -1.446237053217164e-217,
        -3.580410759268932e-05,
        0.2048489766545142
      ],
      [
        0.08099936115401599,
        0.10025749299960121,
        0.006146832336404554,
        0.016023897862766156,
        -6.971540300568947e-06,
        -3.440210267245183e-08,
        4.901566742664314e-10,
        -1.726564218433713e-278,
        1.4550241813577925e-42,
        9.5018111222946e-220,
        1.4379410749496966e-37,
        0.12061851634889056
      ],
      [
        0.20287925116513308,
        0.2839064114887772,
        0.01080492311360441,
        -0.07828446641814743,
        -2.2289714935926073e-05,
        9.26169372323324e-06,
        -0.0002585283288935615,
        1.5553926701412651e-07,
        0.0007177375427779572,
        2.1561142288758558e-211,
        -5.03549028103997e-07,
        0.1566026811837371
      ]
    ],
    "weights": [
      [
        0.0679450246197489,
        0.08131902758265559,
        0.04273694099483824,
        0.008292877150734847,
        2.371977754733765e-05,
        -8.678467757972192e-05,
        8.118347132539331e-06,
        3.0835757419262653e-239,
        4.964129447428729e-09,
        2.207474717101668e-218,
        5.916859806876228e-09,
        0.07629063312004578
      ],
      [
        0.22869122708470033,
        0.19697729988906465,
        -0.010310644410693855,
        0.02544823382717664,
        -0.00010148073163072124,
        3.596744824581167e-05,
        -2.6269205313980534e-05,
        -6.58463197160079e-06,
        -5.629070127568515e-06,
        -7.373120676162843e-218,
        -1.825343953095197e-05,
        0.20490710778215285
      ],
      [
        0.08099936115401599,
        0.10025749299960121,
        0.006146832336404554,
        0.016023897862766156,
        -3.5541896690091936e-06,
        -1.7538677629195276e-08,
        2.4988879254294505e-10,
        -8.80226814085437e-279,
        7.417918695985142e-43,
        4.844157456133482e-220,
        7.330826607734162e-38,
        0.12061851634889056
      ],
      [
        0.2040095693368033,
        0.28519713107431,
        0.010935320721531347,
        -0.07831447022408294,
        -1.2619685573200207e-05,
        -1.0226416439818007e-05,
        -0.000144478505813345,
        7.929611421765081e-08,
        0.0016923257080323354,
        1.0992174737695906e-211,
        -5.652002307671733e-06,
        0.1578633969633342
      ]
    ]
  },
  "cues": [
    [
      7,
      8
    ],
    [
      7,
      7
    ],
    [
      8,
      9
    ],
    [
      3,
      2
    ],
    [
      8,
      7
    ]
  ],
  "env": {
    "delay": 3,
    "grid_size": 10,
    "max_steps": 200,
    "noise": 0.0,
    "num_cues": 5,
    "reward_sparse_prob": 1.0
  },
  "seed": 11
}