{
  "agent": {
    "action_size": 4,
    "cue_exploration_bias": 0.16666666666666666,
    "cue_regularization": 0.020833333333333336,
    "epsilon": 0.05,
    "state_size": 11,
    "target_weights": [
      [
        0.02821803155134447,
        0.04223483591220869,
        -0.02074102357174199,
        -0.04644577911829952,
        1.691206325456204e-05,
        -2.6082055827640022e-05,
        3.100733996715807e-85,
        1.14e-322,
        5.883611231064739e-191,
        -1.14e-322,
        1.14e-322,
        0.0088894542678022
      ],
      [
        0.14003408761323716,
        0.09860817274966933,
        -0.04125241611033609,
        -0.010150813430166326,
        -0.00014470144012143947,
        -5.583046720673336e-05,
        -5.897495881969697e-95,
        -1.8946765773128365e-126,
        1.6896821145173697e-19,
        -1.610943139890407e-05,
        -1.14e-322,
        0.07282878944181202
      ],
      [
        0.01712977467809238,
        0.050162334754140586,
        -0.016877079322052464,
        -0.02905489769202576,
        2.0341190445199938e-05,
        -4.496992582602532e-05,
        1.0957902281791909e-113,
        -1.14e-322,
        2.728410989541109e-190,
        1.14e-322,
        1.14e-322,
        0.01570196862940934
      ],
      [
        0.10600256016387277,
        0.14792947995944392,
        -0.019649449004199657,
        -0.050926512294296074,
        6.668364935160328e-05,
        0.00012311922485519765,
        4.01113963617048e-72,
        6.377720129465653e-107,
        -7.469938881079872e-64,
        -3.6987188581722424e-07,
        1.14e-322,
        0.058419129447639724
      ]
    ],
    "weights": [
      [
        0.02854229481599408,
        0.042559099176858295,
        -0.020648376924699247,
        -0.046353132471256775,
        1.6000667372888229e-06,
        -1.1419535587126876e-05,
        2.9336345628835407e-86,
        1.14e-322,
        5.5665417544048944e-192,
        -1.14e-322,
        1.14e-322,
        0.009306364179494554
      ],
      [
        0.13944998466107197,
        0.09794853621251086,
        -0.04133416870446076,
        -0.010157032439297678,
        6.169401545460272e-05,
        0.00018449800612070847,
        -5.579678157537668e-96,
        -1.7925719196093505e-127,
        1.5986246665094433e-20,
        -1.8625739830183778e-05,
        -1.14e-322,
        0.07216293389552207
      ],
      [
        0.01712977467809238,
        0.050162334754140586,
        -0.016877079322052464,
        -0.02905489769202576,
        1.924499792740666e-06,
        -4.254648377876588e-06,
        1.0367377822352267e-114,
        -1.14e-322,
        2.5813761480819764e-191,
        1.14e-322,
        1.14e-322,
        0.01570196862940934
      ],
      [
        0.10855667170559567,
        0.15091203381584445,
        -0.01915495464936307,
        -0.05086046025413731,
        -9.148304418250217e-05,
        -0.0006386919279787305,
        3.794978184418685e-73,
        6.034022984240318e-108,
        -7.067381757794826e-65,
        -3.499393850686941e-08,
        1.14e-322,
        0.06146773534419919
      ]
    ]
  },
  "cues": [
    [
      9,
      1
    ],
    [
      7,
      4
    ],
    [
      2,
      9
    ],
    [
      7,
      5
    ],
    [
      5,
      0
    ]
  ],
  "env": {
    "delay": 0,
    "grid_size": 10,
    "max_steps": 200,
    "noise": 0.0,
    "num_cues": 5,
    "reward_sparse_prob": 0.5
  },
  "seed": 6
}