{
  "agent": {
    "action_size": 4,
    "cue_exploration_bias": 0.08333333333333333,
    "cue_regularization": 0.02291666666666667,
    "epsilon": 0.05,
    "state_size": 11,
    "target_weights": [
      [
        0.08484664212716433,
        0.07360136913719564,
        0.011225723732627629,
        0.0020164990687505696,
        4.167592975606435e-06,
        1.9098928592513883e-05,
        8.536311607042756e-10,
        3.4033421623866103e-146,
        5.354615248004322e-233,
        2.1719744986287464e-295,
        2.1419611224521493e-05,
        0.09729276202330907
      ],
      [
        0.2540721780398053,
        0.22093995076883413,
        -0.08831512354653775,
        0.007124563105737819,
        -7.115850992423908e-05,
        3.6156213867958185e-05,
        -0.00011769614861782332,
        -3.907887109006233e-05,
        3.3821720680444866e-230,
        1.04e-322,
        -0.00044801085223509157,
        0.1784191054860461
      ],
      [
        0.06694618335825962,
        0.07513623439882572,
        -0.01554777009794086,
        0.002440240052604919,
        -2.559498300636788e-05,
        8.899287610395327e-06,
        9.926174002110475e-10,
        1.8409553759941008e-06,
        1.8110966414627453e-241,
        1.04e-322,
        7.284147142360344e-05,
        0.05702722420245741
      ],
      [
        0.19450361008235248,
        0.2421905439459658,
        -0.00973098301784854,
        -0.05747777384196868,
        -4.864692980697809e-05,
        -2.9596833901818192e-05,
        7.22643313804743e-06,
        -5.902489710761486e-07,
        -6.45846679808969e-227,
        -8.002273264598375e-271,
        0.0006835882757946834,
        0.22073724515089105
      ]
    ],
    "weights": [
      [
        0.08484664212716433,
        0.07360136913719564,
        0.011225723732627629,
        0.0020164990687505696,
        4.167592975606435e-06,
        1.9098928592513883e-05,
        8.536311607042756e-10,
        3.4033421623866103e-146,
        5.354615248004322e-233,
        2.1719744986287464e-295,
        2.1419611224521493e-05,
        0.09729276202330907
      ],
      [
        0.2540721780398053,
        0.22093995076883413,
        -0.08831512354653775,
        0.007124563105737819,
        -7.115850992423908e-05,
        3.6156213867958185e-05,
        -0.00011769614861782332,
        -3.907887109006233e-05,
        3.3821720680444866e-230,
        1.04e-322,
        -0.00044801085223509157,
        0.1784191054860461
      ],
      [
        0.06694618335825962,
        0.07513623439882572,
        -0.01554777009794086,
        0.002440240052604919,
        -2.559498300636788e-05,
        8.899287610395327e-06,
        9.926174002110475e-10,
        1.8409553759941008e-06,
        1.8110966414627453e-241,
        1.04e-322,
        7.284147142360344e-05,
        0.05702722420245741
      ],
      [
        0.19450361008235248,
        0.2421905439459658,
        -0.00973098301784854,
        -0.05747777384196868,
        -4.864692980697809e-05,
        -2.9596833901818192e-05,
        7.22643313804743e-06,
        -5.902489710761486e-07,
        -6.45846679808969e-227,
        -8.002273264598375e-271,
        0.0006835882757946834,
        0.22073724515089105
      ]
    ]
  },
  "cues": [
    [
      7,
      4
    ],
    [
      8,
      5
    ],
    [
      2,
      6
    ],
    [
      0,
      5
    ],
    [
      7,
      9
    ]
  ],
  "env": {
    "delay": 0,
    "grid_size": 10,
    "max_steps": 200,
    "noise": 0.05,
    "num_cues": 5,
    "reward_sparse_prob": 1.0
  },
  "seed": 12
}