{
  "agent": {
    "action_size": 4,
    "cue_exploration_bias": 0.16666666666666666,
    "cue_regularization": 0.020833333333333336,
    "epsilon": 0.05,
    "state_size": 11,
    "target_weights": [
      [
        0.08983610593235732,
        0.11587724610369841,
        -0.01824576976551267,
        0.008757131395369221,
        -2.2905735753638942e-07,
        -0.00021401319368106417,
        2.9928063643450473e-131,
        3.489187054627113e-198,
        2.096221404406346e-06,
        1.1720336620237543e-07,
        9.233396149385603e-205,
        0.10270909795929584
      ],
      [
        0.23637723630119134,
        0.17853776300179394,
        -0.0562054576544227,
        -0.02467981596772104,
        -8.58127954389168e-05,
        -0.00035246702022821843,
        3.0850898649211293e-23,
        -2.2390685449826187e-20,
        2.6971068646983832e-05,
        -3.523527444189116e-06,
        -6.448145786770972e-05,
        0.18808191678772818
      ],
      [
        0.06760118010316013,
        0.08898360972714044,
        -0.009465562432034273,
        -0.010732777612962287,
        -1.554177839876832e-06,
        -1.3121203845977216e-05,
        3.111529905779148e-27,
        -1.14e-322,
        1.6774680593221444e-08,
        2.7371642818750006e-16,
        9.45764619469876e-06,
        0.08245344402111501
      ],
      [
        0.19038788497964065,
        0.22707688072545457,
        -0.004664260464472239,
        -0.04386607630108994,
        2.8626735984129886e-05,
        0.00014343457792971698,
        -4.092950328631236e-36,
        5.46445170025636e-75,
        1.788387390410982e-05,
        1.8051304260730571e-06,
        2.507372944745276e-11,
        0.17565237384651614
      ]
    ],
    "weights": [
      [
        0.09117989480550662,
        0.1172483968538519,
        -0.017890175075036548,
        0.009085364208841153,
        7.073728363992439e-06,
        -0.00017526180851449395,
        3.549745342039055e-134,
        4.1384987823547675e-201,
        2.486312597708744e-09,
        1.3901403986730301e-10,
        1.0951662413901521e-207,
        0.10440848152292126
      ],
      [
        0.23842378520992633,
        0.17972884881682477,
        -0.05718522457730896,
        -0.024804119796903234,
        -6.637167433107985e-05,
        -5.247742690334448e-07,
        3.6592021148592697e-26,
        -2.6557425273978945e-23,
        -1.3152829637685565e-06,
        1.3981371944994278e-05,
        -6.344143878861225e-06,
        0.18914869877357693
      ],
      [
        0.06892930689264716,
        0.09023679243480626,
        -0.009386292158330953,
        -0.010578563257437737,
        -8.537884949588273e-07,
        -0.0001840018902056486,
        3.690562450428333e-30,
        -1.14e-322,
        1.9896323734600194e-11,
        3.24653017172656e-19,
        1.121764372271121e-08,
        0.08386084108430537
      ],
      [
        0.1950120654912291,
        0.23227114214426034,
        -0.004032168731462318,
        -0.04380406547529729,
        4.245567178513804e-05,
        -0.00015737370049779322,
        -4.854617905570883e-39,
        6.481345469213935e-78,
        -3.06032920753482e-05,
        2.0187170925170785e-05,
        9.61328762514307e-06,
        0.1809086460911145
      ]
    ]
  },
  "cues": [
    [
      1,
      9
    ],
    [
      8,
      3
    ],
    [
      4,
      4
    ],
    [
      4,
      1
    ],
    [
      7,
      4
    ]
  ],
  "env": {
    "delay": 0,
    "grid_size": 10,
    "max_steps": 200,
    "noise": 0.1,
    "num_cues": 5,
    "reward_sparse_prob": 1.0
  },
  "seed": 14
}