{
  "agent": {
    "action_size": 4,
    "cue_exploration_bias": 0.3333333333333333,
    "cue_regularization": 0.01666666666666667,
    "epsilon": 0.05,
    "state_size": 11,
    "target_weights": [
      [
        0.05922388896454611,
        0.09155662894824651,
        0.007827201499017437,
        0.03208331085822032,
        2.5637235960001686e-05,
        3.5233322943788376e-05,
        1.914877093640797e-12,
        2.7553957968145013e-15,
        -3.5032456320618096e-200,
        1.9705877828836665e-12,
        2.3796297766129572e-223,
        0.08931156491217708
      ],
      [
        0.21698673672360752,
        0.16022185507699543,
        0.0023712509665709744,
        0.03226089969891101,
        -0.0002498966230827166,
        7.172330474255067e-05,
        -7.03616266418533e-05,
        1.8205143909740274e-06,
        -1.1237896861375124e-06,
        4.5874248448087016e-06,
        1.2789583263412517e-101,
        0.20923414226983464
      ],
      [
        0.12990024483979093,
        0.11262037387985223,
        0.03782428641809339,
        0.012680158150790807,
        -5.84387511717228e-07,
        1.6364084430774943e-07,
        4.307108310198022e-12,
        0.00010766442680028853,
        3.004468235936971e-184,
        9.668137286302516e-07,
        1.6508010777687855e-118,
        0.13333130967438914
      ],
      [
        0.1648318045956155,
        0.25043313215561835,
        0.04983919049076852,
        -0.017356035068325473,
        0.00015530744524419344,
        -6.27821383257227e-05,
        -0.00012727718024998344,
        1.4966587426600573e-05,
        5.174399654304789e-11,
        3.1924535059573004e-05,
        -3.5651014377353787e-103,
        0.1642001764535801
      ]
    ],
    "weights": [
      [
        0.05974162170416361,
        0.0925464598528709,
        0.009184365592068195,
        0.03296837678626419,
        -4.7793921937836344e-05,
        -7.001747940608021e-05,
        1.9803774218531933e-14,
        2.8496469263756464e-17,
        -3.623077729626052e-202,
        4.043115816057205e-06,
        2.4610274453770637e-225,
        0.09118646174484533
      ],
      [
        0.21523533622276375,
        0.15834239007411222,
        0.0025221760496124436,
        0.032539889283992075,
        9.95429685782756e-05,
        -3.0130454299931534e-05,
        -3.569736012383633e-05,
        2.1734541514638247e-05,
        -1.1622300609940327e-08,
        9.666569477165714e-06,
        1.3227064031361186e-103,
        0.20763366685203244
      ],
      [
        0.13098910760885443,
        0.11369208177295112,
        0.03802546949980816,
        0.012898496108470216,
        -3.320788434749705e-05,
        1.2992853860427388e-05,
        4.454437352307926e-14,
        1.1134719856440745e-06,
        3.1072391428589504e-186,
        9.998845804127702e-09,
        1.7072684159422492e-120,
        0.13462135552516744
      ],
      [
        0.16865560857728004,
        0.2550281043340897,
        0.05045303234467792,
        -0.01751336141122296,
        2.7199019400320358e-05,
        -7.029621048511418e-05,
        -0.00013580009259132723,
        2.385449528167272e-05,
        5.351395283311282e-13,
        7.085689287460047e-06,
        -3.687049376356429e-105,
        0.16863782228915405
      ]
    ]
  },
  "cues": [
    [
      6,
      9
    ],
    [
      2,
      3
    ],
    [
      2,
      1
    ],
    [
      2,
      4
    ],
    [
      0,
      7
    ]
  ],
  "env": {
    "delay": 10,
    "grid_size": 10,
    "max_steps": 200,
    "noise": 0.0,
    "num_cues": 5,
    "reward_sparse_prob": 1.0
  },
  "seed": 24
}