{
  "agent": {
    "action_size": 4,
    "cue_exploration_bias": 0.05555555555555555,
    "cue_regularization": 0.02361111111111111,
    "epsilon": 0.05,
    "state_size": 11,
    "target_weights": [
      [
        0.035791834945958466,
        0.015114607667102329,
        -0.035925284760551,
        -0.03570255513554057,
        -7.656815271118617e-08,
        1.0806124106677925e-05,
        2.0737985558628234e-13,
        1.8761360823821334e-27,
        6.36478684854529e-263,
        1.04e-322,
        7.510910128167473e-07,
        0.0010869463489244047
      ],
      [
        0.1748476077149548,
        0.15171060965762362,
        -0.07995267113836485,
        0.005491786300272691,
        -0.0002685919656518486,
        0.0001737837058836055,
        -7.273530435708618e-05,
        -4.050383997693578e-05,
        2.8942590528187968e-207,
        1.7201141583215118e-205,
        -0.0003934138677130886,
        0.10755698756937224
      ],
      [
        0.03273232866473456,
        0.042130476105330744,
        -0.03690989009685025,
        -0.020129976346334753,
        -3.256934398295758e-06,
        -5.593460347988916e-06,
        1.3220939141217467e-22,
        1.4394858546825558e-08,
        -1.04e-322,
        1.04e-322,
        3.639622467617758e-10,
        0.001451249510023613
      ],
      [
        0.12809980764477413,
        0.1545706583417658,
        -0.021899065477401534,
        -0.04842977313489929,
        2.595943884523354e-05,
        1.60143880838171e-05,
        -6.580079768070223e-07,
        4.8841830397432856e-06,
        -1.444120034097259e-79,
        -1.04e-322,
        0.0007195316054395803,
        0.14216536025376092
      ]
    ],
    "weights": [
      [
        0.03632899098582644,
        0.01553379076577238,
        -0.0351308637384714,
        -0.034790161172263044,
        2.2715567759384443e-06,
        1.2136763553045693e-05,
        6.702632823142216e-16,
        6.06377666283211e-30,
        2.057134677944364e-265,
        1.04e-322,
        2.4275681268271005e-09,
        0.0024185234108719798
      ],
      [
        0.17789646649257485,
        0.15398406924090077,
        -0.08025556489976038,
        0.005964291733220209,
        -0.0002499566267111444,
        0.00015287735564648342,
        -5.2600671911390795e-05,
        -2.024568260431673e-05,
        9.354406999299197e-210,
        5.559505085256728e-208,
        -0.000407735930938072,
        0.11030295258559673
      ],
      [
        0.03378303157457327,
        0.04290453398743065,
        -0.03646717586619478,
        -0.019410617087940486,
        -5.4912126936104455e-05,
        -3.907275970381453e-06,
        4.273081413340101e-25,
        4.6524987254752656e-11,
        -1.04e-322,
        1.04e-322,
        1.1763463209256042e-12,
        0.002944666650517794
      ],
      [
        0.1342170441887504,
        0.16196805324556404,
        -0.020976053338153194,
        -0.04878691935547294,
        -8.213241722335392e-05,
        -2.291681977517544e-05,
        4.073410628682486e-06,
        -2.1655100855657588e-05,
        -4.6674766523165764e-82,
        -1.04e-322,
        0.0011159860755858837,
        0.1492056089369855
      ]
    ]
  },
  "cues": [
    [
      7,
      4
    ],
    [
      8,
      5
    ],
    [
      2,
      6
    ],
    [
      0,
      5
    ],
    [
      7,
      9
    ]
  ],
  "env": {
    "delay": 1,
    "grid_size": 10,
    "max_steps": 200,
    "noise": 0.0,
    "num_cues": 5,
    "reward_sparse_prob": 1.0
  },
  "seed": 12
}