{
  "agent": {
    "action_size": 4,
    "cue_exploration_bias": 0.3,
    "cue_regularization": 0.017499999999999998,
    "epsilon": 0.05,
    "state_size": 11,
    "target_weights": [
      [
        -0.00992802992743929,
        -0.004567505799848762,
        -0.027453855692750634,
        -0.047701716567698706,
        -3.7648988420795097e-06,
        -5.0385727775978335e-06,
        6.902975077629429e-153,
        -1.642976393112389e-26,
        1.1795497372221338e-08,
        -1.4e-322,
        1.0553028468045873e-188,
        -0.05300028021250014
      ],
      [
        0.002214759515224787,
        0.006250173798859931,
        -0.04873721407225875,
        -0.04640640608921639,
        1.2131616598047422e-05,
        -2.1167256390232014e-06,
        -2.785847505663001e-08,
        -2.8217178030484666e-05,
        -2.468057257954908e-06,
        -7.859406292209054e-116,
        -1.0455763826315168e-121,
        -0.029495829106609524
      ],
      [
        -0.010978955897537517,
        -0.007340679201610382,
        -0.02581302584225318,
        -0.04113488470183994,
        -1.1645395276346642e-06,
        -2.2890819370921072e-10,
        5.912693386317706e-222,
        1.8693700785554171e-16,
        1.0480981994702994e-05,
        1.9026499412241308e-231,
        -1.4e-322,
        -0.060328352784339574
      ],
      [
        0.00672093030071622,
        0.0199714113023408,
        -0.03001794457358936,
        -0.07192280078097811,
        1.4129774182982678e-05,
        1.723200373708212e-05,
        4.79181864404449e-09,
        1.4131629111638212e-15,
        -1.018506616516712e-05,
        1.9558305491557914e-50,
        2.2185988478488257e-66,
        -0.05191934964876394
      ]
    ],
    "weights": [
      [
        -0.009803230490440138,
        -0.0044415684214402515,
        -0.02744622412212682,
        -0.047695222938484244,
        -9.708616906574742e-08,
        -1.98257229493689e-07,
        1.040921634234595e-155,
        -2.4774965183775762e-29,
        1.7786806794497345e-11,
        -1.4e-322,
        1.5913248295914284e-191,
        -0.05286784920487718
      ],
      [
        0.0016834696098386997,
        0.005570406532477811,
        -0.04880296738797144,
        -0.04632368204393299,
        -1.1476694581207784e-05,
        2.8416741259871064e-05,
        -4.2008683295419725e-11,
        4.671174851633588e-06,
        -2.2548954956205754e-06,
        -1.1851449483444142e-118,
        -1.576657983965447e-124,
        -0.03009287232770826
      ],
      [
        -0.01081334785852011,
        -0.007151685894985564,
        -0.025760833447623515,
        -0.04110607757481768,
        -2.0621701055177532e-07,
        -3.0217658130079867e-06,
        8.915938987465533e-225,
        2.8188827792022015e-19,
        1.5804607120291386e-08,
        2.86906654583419e-234,
        -1.4e-322,
        -0.0601105523506925
      ],
      [
        0.008078442801748196,
        0.021236544411700448,
        -0.03028356337152096,
        -0.07209604018723732,
        -1.0948380377856651e-05,
        4.996006710681589e-05,
        -8.17266455092628e-09,
        2.1309534373018776e-18,
        8.914297445258246e-06,
        2.9492592811335076e-53,
        3.345495981722222e-69,
        -0.050827455945663555
      ]
    ]
  },
  "cues": [
    [
      6,
      6
    ],
    [
      0,
      4
    ],
    [
      8,
      7
    ],
    [
      6,
      4
    ],
    [
      7,
      5
    ]
  ],
  "env": {
    "delay": 0,
    "grid_size": 10,
    "max_steps": 200,
    "noise": 0.0,
    "num_cues": 5,
    "reward_sparse_prob": 0.1
  },
  "seed": 0
}