{
  "agent": {
    "action_size": 4,
    "cue_exploration_bias": 0.3333333333333333,
    "cue_regularization": 0.01666666666666667,
    "epsilon": 0.05,
    "state_size": 11,
    "target_weights": [
      [
        0.09431640600011083,
        0.09671947957542358,
        -0.02213167874445833,
        -0.008566231564828166,
        -4.9093759954949334e-06,
        -2.4722174006148837e-05,
        1.671031050016177e-09,
        5.24069767676712e-12,
        1.315747659245014e-13,
        1.8905682202632484e-196,
        -1.43e-322,
        0.02389136950751727
      ],
      [
        0.11074549003078496,
        0.11072351923016523,
        -0.023779418814764947,
        -0.03529640120235479,
        6.096043608192473e-06,
        -3.0595348622465376e-05,
        -1.18288889373996e-05,
        1.428026534572309e-08,
        3.039796120243218e-05,
        -3.1957153453933154e-32,
        2.075507254815352e-06,
        0.0645223218988683
      ],
      [
        0.055234930537672394,
        0.041414024092336035,
        -0.045151771925147646,
        -0.008598269803457065,
        -1.9249362968475557e-12,
        -8.289827610148708e-07,
        8.95143194333319e-146,
        1.380697381332496e-81,
        5.222804056172629e-23,
        -8.34998041430586e-267,
        -1.43e-322,
        0.043599344287441326
      ],
      [
        0.06835620882324644,
        0.26215676742365523,
        -0.05144224391465064,
        -0.18451567104918606,
        -1.3778353536745337e-05,
        0.00020378604807939993,
        2.3318221382843124e-81,
        -0.00012615816894210317,
        -9.870391471560034e-05,
        2.8162795507565393e-217,
        1.612117083219072e-287,
        0.02937527741461313
      ]
    ],
    "weights": [
      [
        0.09441616665963852,
        0.0968211726500461,
        -0.02208475025036816,
        -0.008521235485832815,
        -2.947909295326301e-06,
        -3.306689409167189e-06,
        2.9591516460561635e-11,
        9.280509273922825e-14,
        2.3299967116779373e-15,
        3.347919873134194e-198,
        -1.43e-322,
        0.02403805866113512
      ],
      [
        0.11080480322953543,
        0.1107527748502157,
        -0.023908807342673463,
        -0.035395732151563365,
        1.0076381711914438e-05,
        1.1492409820911352e-05,
        -3.608231221932775e-07,
        2.528826182105124e-10,
        -5.608775199751237e-05,
        -2.9336799096581254e-06,
        1.7643306729612556e-06,
        0.06445224656971028
      ],
      [
        0.055250031225841066,
        0.04161326827280982,
        -0.04486800634260563,
        -0.008498647713220172,
        -3.163529405629851e-07,
        2.9224268320013295e-06,
        1.5851677064539129e-147,
        2.4450131723380808e-83,
        2.358678598252673e-05,
        -1.4786594352804324e-268,
        -1.43e-322,
        0.043898210558152004
      ],
      [
        0.06645557579455448,
        0.2609114303596187,
        -0.050929138095250244,
        -0.1846578611944414,
        2.814842799422247e-05,
        -9.560609699269215e-05,
        4.129316040385623e-83,
        -7.492100196024856e-05,
        -4.781707197539147e-05,
        4.9872192789564565e-219,
        2.8548236254477706e-289,
        0.027987750205321606
      ]
    ]
  },
  "cues": [
    [
      9,
      4
    ],
    [
      5,
      8
    ],
    [
      0,
      7
    ],
    [
      3,
      0
    ],
    [
      2,
      1
    ]
  ],
  "env": {
    "delay": 0,
    "grid_size": 10,
    "max_steps": 200,
    "noise": 0.3,
    "num_cues": 5,
    "reward_sparse_prob": 1.0
  },
  "seed": 5
}