{
  "agent": {
    "action_size": 4,
    "cue_exploration_bias": 0.3333333333333333,
    "cue_regularization": 0.01666666666666667,
    "epsilon": 0.05,
    "state_size": 11,
    "target_weights": [
      [
        0.04232598825275775,
        0.027651241508067827,
        -0.02836945853739912,
        -0.05920716481080432,
        1.194868885736979e-05,
        -1.7065815287726717e-05,
        1.43e-322,
        1.8702304588357208e-26,
        -1.43e-322,
        3.992979537652792e-239,
        2.856212820742022e-60,
        -0.01864768495127624
      ],
      [
        0.18344253718159662,
        0.09365395497902686,
        -0.08256766957648003,
        -0.044235211092509864,
        0.00020840493510737335,
        -1.961622011554842e-05,
        5.396623025953961e-06,
        2.629666604125359e-05,
        2.0724468116897395e-07,
        4.0964000039385133e-219,
        7.892167434935675e-09,
        0.04626787060847975
      ],
      [
        0.051958311276521646,
        0.059712851232603614,
        -0.014456098613738267,
        -0.06226089947539545,
        4.476760007393343e-05,
        -7.560869928196674e-05,
        -1.43e-322,
        0.0002512162564665771,
        -1.43e-322,
        4.260391765008205e-220,
        8.183507184680857e-33,
        0.020195256154642627
      ],
      [
        0.09682532500086016,
        0.14368406074350798,
        -0.04916435167695729,
        -0.036159130757150916,
        -7.38579378564025e-06,
        5.250985109886253e-06,
        6.565501856617222e-16,
        -4.198863515256227e-05,
        1.43e-322,
        -1.416689645823126e-181,
        -2.5855301701529623e-07,
        0.07395362216675792
      ]
    ],
    "weights": [
      [
        0.043041453797890386,
        0.028301104257698297,
        -0.028165039810218364,
        -0.058937143288121406,
        1.3031299716896746e-06,
        -5.272076322633058e-06,
        1.43e-322,
        1.1296048497712388e-28,
        -1.43e-322,
        2.4117290088291276e-241,
        1.725130632455591e-62,
        -0.017727800678962853
      ],
      [
        0.18419414639306542,
        0.09449558023292629,
        -0.08270614769617829,
        -0.044463705254638726,
        0.0001709504721435426,
        2.7147671892605913e-05,
        3.259518907792639e-08,
        9.837344917756415e-05,
        -3.5451221668806186e-07,
        2.4741941770815373e-221,
        5.942542782859293e-06,
        0.046881001700250384
      ],
      [
        0.052927977933420876,
        0.060888422210867967,
        -0.014185782116809141,
        -0.06219648729983144,
        -3.0072204282170054e-05,
        -2.959629443459425e-06,
        -1.43e-322,
        8.33463448880009e-05,
        -1.43e-322,
        2.573243942714255e-222,
        4.942775560241945e-35,
        0.02143523930847098
      ],
      [
        0.10092987830421563,
        0.1483017606026094,
        -0.04873562669897386,
        -0.03624355233491338,
        -8.394038899096563e-05,
        -2.732156852924625e-06,
        3.965512754526443e-18,
        -6.0046364842676945e-05,
        1.43e-322,
        -8.556696780239266e-184,
        -1.2319181553432568e-05,
        0.07848690044809682
      ]
    ]
  },
  "cues": [
    [
      8,
      1
    ],
    [
      5,
      9
    ],
    [
      9,
      4
    ],
    [
      1,
      8
    ],
    [
      5,
      6
    ]
  ],
  "env": {
    "delay": 0,
    "grid_size": 10,
    "max_steps": 200,
    "noise": 0.2,
    "num_cues": 5,
    "reward_sparse_prob": 1.0
  },
  "seed": 29
}