{
  "agent": {
    "action_size": 4,
    "cue_exploration_bias": 0.16666666666666666,
    "cue_regularization": 0.020833333333333336,
    "epsilon": 0.05,
    "state_size": 11,
    "target_weights": [
      [
        0.14478150246787388,
        0.12030239489663937,
        0.007604649278288647,
        0.00964567521062382,
        -7.414462176351787e-06,
        -5.013440731520246e-05,
        2.7320565892943916e-07,
        4.4765934374479235e-165,
        7.6319576456916995e-174,
        6.800533136080316e-14,
        1.7869441489014038e-152,
        0.16106073041176286
      ],
      [
        0.27422588765264383,
        0.20933371539606305,
        -0.0844705305550842,
        0.019217279421217353,
        -0.00011814234659559346,
        -0.00026030378112658196,
        2.3686892158964496e-05,
        3.1203050357548044e-141,
        -1.6665041748914692e-28,
        9.092148077276376e-05,
        2.659113322125329e-161,
        0.2478103608651868
      ],
      [
        0.14250286409049948,
        0.08127093211491235,
        0.020533681512736462,
        0.03811663793254271,
        1.40979046911244e-06,
        6.421265999836304e-06,
        2.4891157863743168e-05,
        3.8097247465278316e-216,
        3.110644797520062e-172,
        1.5514933737416398e-13,
        1.1559774980962357e-210,
        0.12189713187277071
      ],
      [
        0.25367480406369486,
        0.27135860420049546,
        0.02351973200117,
        -0.01641066649866663,
        7.704377215201605e-05,
        0.00016585515087393302,
        -5.619813253858098e-05,
        -9.753910484466732e-147,
        1.3213365616357836e-92,
        4.2985043217685455e-06,
        -5.60210621142064e-153,
        0.20231759245159203
      ]
    ],
    "weights": [
      [
        0.14824825522528165,
        0.12350771573933762,
        0.007834672613237646,
        0.010137130460282341,
        -0.00032092876970002973,
        -0.0009957944000967246,
        5.713609781553292e-06,
        5.612091332412864e-167,
        9.567820699202532e-176,
        5.418271787120106e-06,
        2.2402065118677905e-154,
        0.16475750650411963
      ],
      [
        0.27484293154971917,
        0.209712400067699,
        -0.08436033267219842,
        0.019565836529542458,
        -6.467375132587484e-05,
        -0.00017924180732755912,
        2.969512510676136e-07,
        3.9117773571206644e-143,
        -6.5934276622274606e-06,
        2.0960567958192906e-05,
        3.333603338236302e-163,
        0.24853760264514801
      ],
      [
        0.14310050165032023,
        0.08174904216276895,
        0.02116685835501972,
        0.03886934228679011,
        -2.436242914194089e-05,
        5.268021379273196e-07,
        3.120485548950601e-07,
        4.776069912897101e-218,
        3.8996667779439386e-174,
        1.9450331232302673e-15,
        1.4491937648974116e-212,
        0.12312794627487471
      ],
      [
        0.25707342240058006,
        0.27527154264842635,
        0.024089637587969646,
        -0.01635508102291265,
        -7.490667987985831e-05,
        -0.0005924829771867503,
        -4.848676312818358e-05,
        -1.2228011601208442e-148,
        1.6564965231651484e-94,
        6.704959231959089e-06,
        -7.0230929280666445e-155,
        0.20628611637527677
      ]
    ]
  },
  "cues": [
    [
      3,
      4
    ],
    [
      1,
      6
    ],
    [
      7,
      2
    ],
    [
      1,
      1
    ],
    [
      0,
      6
    ]
  ],
  "env": {
    "delay": 0,
    "grid_size": 10,
    "max_steps": 200,
    "noise": 0.1,
    "num_cues": 5,
    "reward_sparse_prob": 1.0
  },
  "seed": 4
}