{
  "agent": {
    "action_size": 4,
    "cue_exploration_bias": 0.05555555555555555,
    "cue_regularization": 0.02361111111111111,
    "epsilon": 0.05,
    "state_size": 11,
    "target_weights": [
      [
        0.047099673298202464,
        0.08256725192607291,
        -0.0309785259218273,
        -0.009857255206793961,
        9.432084519317806e-07,
        4.4067136665455855e-07,
        4.076258188972483e-07,
        2.0322655347103165e-06,
        1.04e-322,
        1.3845272373000505e-18,
        8.18162570727482e-309,
        0.038381621824989214
      ],
      [
        0.21605502553385117,
        0.1500582062032062,
        -0.0406911847446126,
        -0.0015695983282393465,
        -0.0006091970445151453,
        0.00020655674781169778,
        -4.891403611068978e-05,
        -6.611821000614854e-06,
        -5.113585399092044e-10,
        1.4039117927267507e-06,
        2.3347732703523132e-38,
        0.16523999536889467
      ],
      [
        0.06919888836859614,
        0.05698022138614102,
        0.017367265390134976,
        -0.012838066854651626,
        -5.29413184991053e-07,
        9.49079587398776e-06,
        4.585956532507841e-06,
        1.3909268042810492e-07,
        1.04e-322,
        1.7567015839325288e-06,
        4.365117762696206e-245,
        0.0521729321752362
      ],
      [
        0.17131566990626013,
        0.23693254530285407,
        0.007951196939385152,
        -0.03925957645630142,
        -0.00027470475021364426,
        -5.602696324842374e-05,
        -1.79806164052423e-05,
        1.057481249735956e-05,
        1.2402109973609832e-07,
        -3.4507993518944947e-06,
        -1.7422330934071018e-20,
        0.12879604821284352
      ]
    ],
    "weights": [
      [
        0.04909138462058211,
        0.08471736170784391,
        -0.030735077716101296,
        -0.009772205460459317,
        -6.189323675233269e-05,
        1.5225663556425392e-05,
        5.462733850785798e-05,
        9.627068363707764e-09,
        1.04e-322,
        6.5586598489468316e-21,
        3.8757272937483e-311,
        0.040616781353094863
      ],
      [
        0.21835014674584274,
        0.15196876168851728,
        -0.04042192062748164,
        -0.0009157684844277905,
        -0.0002342750440376657,
        9.665057353580223e-05,
        -7.224411308117449e-05,
        -5.785115069414297e-06,
        -7.952398923115253e-07,
        1.1804670104250911e-05,
        1.1060081226365506e-40,
        0.16780438069801723
      ],
      [
        0.06999010512249515,
        0.05773617384691214,
        0.01769739438870402,
        -0.012472673562954702,
        -3.867015464624017e-05,
        1.9989228703673388e-05,
        2.17241872665711e-08,
        1.0955723518912831e-05,
        1.04e-322,
        8.321691213231546e-09,
        2.0678049398255176e-247,
        0.05329427792770424
      ],
      [
        0.1717247419640272,
        0.2376753433881966,
        0.008366616845762844,
        -0.03917788257749907,
        -9.311200949362801e-05,
        -1.8730674499349554e-05,
        -1.913913996301167e-05,
        3.1641302883538905e-05,
        5.875017734194986e-10,
        1.9678213612587854e-05,
        -8.253152360887225e-23,
        0.12962054017698824
      ]
    ]
  },
  "cues": [
    [
      6,
      9
    ],
    [
      2,
      3
    ],
    [
      2,
      1
    ],
    [
      2,
      4
    ],
    [
      0,
      7
    ]
  ],
  "env": {
    "delay": 1,
    "grid_size": 10,
    "max_steps": 200,
    "noise": 0.0,
    "num_cues": 5,
    "reward_sparse_prob": 1.0
  },
  "seed": 24
}