{
  "agent": {
    "action_size": 4,
    "cue_exploration_bias": 0.3333333333333333,
    "cue_regularization": 0.01666666666666667,
    "epsilon": 0.05,
    "state_size": 11,
    "target_weights": [
      [
        0.07360077784371463,
        0.08454842034596444,
        0.026733734675655534,
        -0.005283968707791053,
        4.0375482866069305e-05,
        -2.6660494146276e-05,
        2.969320663255555e-07,
        1.43e-322,
        5.334447897331772e-08,
        -1.43e-322,
        7.637463473108865e-13,
        0.06594318002482874
      ],
      [
        0.14911848026791039,
        0.16468604388344968,
        -0.010614808558928763,
        -0.022137421132231553,
        -1.6055569111756535e-06,
        2.653065723667927e-05,
        -1.0985198481533189e-08,
        -8.23556329923377e-08,
        -2.122241906686119e-07,
        7.798596624998005e-07,
        -3.263533438213401e-06,
        0.1250301968171283
      ],
      [
        0.09330428694526795,
        0.10234984835635788,
        -0.022422996921824506,
        -0.00233336096096754,
        4.00771116063388e-06,
        -2.67486437002813e-06,
        7.085003521873169e-13,
        3.1355179608517977e-263,
        -1.43e-322,
        1.43e-322,
        2.652592223664588e-06,
        0.1043536128819135
      ],
      [
        0.14846100604795665,
        0.24316549994169265,
        -0.02134441439919274,
        -0.12411113750103428,
        0.00010989707129429674,
        2.6705296406041007e-05,
        -0.00016719322185464487,
        9.41535216935265e-07,
        0.00023126030201995075,
        1.43e-322,
        -0.0001290263273099964,
        0.07003509855376472
      ]
    ],
    "weights": [
      [
        0.07360077784371463,
        0.08454842034596444,
        0.026733734675655534,
        -0.005283968707791053,
        1.8019978549652416e-05,
        -1.1898843023937268e-05,
        1.3252372692704316e-07,
        1.43e-322,
        2.3808170171740478e-08,
        -1.43e-322,
        3.4086757157976776e-13,
        0.06594318002482874
      ],
      [
        0.1491037500522007,
        0.16465604966724018,
        -0.010670974959972867,
        -0.022178323532775913,
        -1.5097592080091472e-05,
        2.347307680845522e-05,
        -4.9028030613909464e-09,
        -3.6756136016694734e-08,
        -9.471776167362129e-08,
        -5.735451688855075e-05,
        -1.4565473494832317e-06,
        0.12495930020037448
      ],
      [
        0.09330428694526795,
        0.10234984835635788,
        -0.02242800627339574,
        -0.002338370312538774,
        6.312831193558769e-07,
        -1.965417257962913e-06,
        3.16210735886106e-13,
        1.3994127719542972e-263,
        -1.43e-322,
        1.43e-322,
        1.1838782245643554e-06,
        0.10434860353034227
      ],
      [
        0.14868284721105415,
        0.24333422118375136,
        -0.021361088512643334,
        -0.12407469169344608,
        -0.0001129265787798732,
        1.7497949987979607e-05,
        -0.00017793411098243066,
        4.20216507854425e-07,
        6.848371316190569e-06,
        1.43e-322,
        -9.279946420332978e-05,
        0.07024026560341161
      ]
    ]
  },
  "cues": [
    [
      7,
      8
    ],
    [
      7,
      7
    ],
    [
      8,
      9
    ],
    [
      3,
      2
    ],
    [
      8,
      7
    ]
  ],
  "env": {
    "delay": 0,
    "grid_size": 10,
    "max_steps": 200,
    "noise": 0.2,
    "num_cues": 5,
    "reward_sparse_prob": 1.0
  },
  "seed": 11
}