{
  "agent": {
    "action_size": 4,
    "cue_exploration_bias": 0.3333333333333333,
    "cue_regularization": 0.01666666666666667,
    "epsilon": 0.05,
    "state_size": 11,
    "target_weights": [
      [
        -0.07098107768190715,
        -0.04380456830352964,
        -0.0666734918336567,
        -0.04080595987981141,
        8.760626475096186e-05,
        -2.4877154234480377e-05,
        -1.43e-322,
        -1.43e-322,
        -1.43e-322,
        -2.1312462274444665e-08,
        -1.43e-322,
        -0.10653580772311415
      ],
      [
        -0.056236396822479884,
        -0.0706740711219683,
        -0.051826424742088865,
        -0.06370258205529793,
        1.0163371240905566e-06,
        9.59829170764148e-07,
        1.43e-322,
        -1.43e-322,
        -1.43e-322,
        1.43e-322,
        -1.43e-322,
        -0.10015268342361065
      ],
      [
        -0.06294673300757687,
        -0.05693852168175523,
        -0.06397298057705428,
        -0.04986597745982283,
        -1.2322506716139887e-06,
        -7.797101883635651e-07,
        1.43e-322,
        -1.43e-322,
        -1.43e-322,
        -2.187877170036796e-16,
        -1.43e-322,
        -0.10260188723464016
      ],
      [
        -0.058682153033752085,
        -0.058013273968462765,
        -0.048162858510898465,
        -0.05134455766699005,
        -4.200455337385061e-06,
        -9.505621663245517e-07,
        1.43e-322,
        1.43e-322,
        1.43e-322,
        1.43e-322,
        1.43e-322,
        -0.11691626221330084
      ]
    ],
    "weights": [
      [
        -0.07100043324030568,
        -0.04380556481676949,
        -0.06639931918688814,
        -0.04055014627820156,
        6.092793723831271e-05,
        1.3877825535616498e-05,
        -1.43e-322,
        -1.43e-322,
        -1.43e-322,
        -5.7451528894065573e-11,
        -1.43e-322,
        -0.10628099063474418
      ],
      [
        -0.056237518822795506,
        -0.0706730363479452,
        -0.051561875857208575,
        -0.06344018994475636,
        4.923794011390209e-06,
        1.123029996585695e-06,
        1.43e-322,
        -1.43e-322,
        -1.43e-322,
        1.43e-322,
        -1.43e-322,
        -0.09988925653904596
      ],
      [
        -0.06293582563494157,
        -0.05692699346886632,
        -0.06373265208793996,
        -0.0496262698109621,
        1.25585712621857e-05,
        1.9313704425046787e-06,
        1.43e-322,
        -1.43e-322,
        -1.43e-322,
        -9.318448315794414e-08,
        -1.43e-322,
        -0.10235065137289051
      ],
      [
        -0.0586802397862709,
        -0.05801072864524233,
        -0.04810569626885239,
        -0.05128802750068322,
        2.5657937564056062e-06,
        3.246212117724453e-07,
        1.43e-322,
        1.43e-322,
        1.43e-322,
        1.43e-322,
        1.43e-322,
        -0.11685718672377357
      ]
    ]
  },
  "cues": [
    [
      1,
      9
    ],
    [
      8,
      3
    ],
    [
      4,
      4
    ],
    [
      4,
      1
    ],
    [
      7,
      4
    ]
  ],
  "env": {
    "delay": 10,
    "grid_size": 10,
    "max_steps": 200,
    "noise": 0.0,
    "num_cues": 5,
    "reward_sparse_prob": 1.0
  },
  "seed": 14
}