{
  "agent": {
    "action_size": 4,
    "cue_exploration_bias": 0.16666666666666666,
    "cue_regularization": 0.020833333333333336,
    "epsilon": 0.05,
    "state_size": 11,
    "target_weights": [
      [
        0.04567500328138385,
        0.028551293912162105,
        0.002091114738682272,
        -0.023251470246902776,
        -9.712215731856144e-05,
        -6.329361391512634e-05,
        2.7380712441429018e-148,
        4.638860053978924e-10,
        2.9140892182812016e-05,
        6.433426744481841e-206,
        1.3090016078019631e-05,
        0.010903634424225176
      ],
      [
        0.11501641230356931,
        0.09105872248386922,
        -0.05579235323859402,
        -0.010702137677858674,
        -0.0005143759888773885,
        1.0571394456167622e-05,
        -3.9787862628685796e-11,
        1.9484181185383747e-06,
        1.960854682087901e-05,
        5.875403435746207e-22,
        -1.6696183656937813e-06,
        0.0891288004540727
      ],
      [
        0.03668673211336463,
        0.055741595417866864,
        -0.03920783485447213,
        -0.017943476802406152,
        -7.174957858367871e-05,
        -4.289076212888425e-06,
        1.7285367663568656e-206,
        2.0705223919268153e-05,
        3.5572220835998364e-05,
        2.412477073799588e-202,
        1.7818860198555453e-34,
        0.03857181902208149
      ],
      [
        0.10435552905492747,
        0.12214530888244578,
        -0.0016099103762912245,
        -0.06756671173319122,
        -0.000523506672774364,
        -0.00019903658441155974,
        6.694428530040048e-26,
        7.555666344831736e-06,
        1.4339040042277207e-05,
        -3.416096243828447e-20,
        -2.7200076489981424e-07,
        0.08341293462148251
      ]
    ],
    "weights": [
      [
        0.04641857288747504,
        0.029363059604358362,
        0.002476322991373358,
        -0.02293445808031675,
        -7.446196716112405e-05,
        -2.670298445425568e-05,
        2.3188318258871256e-151,
        6.19871949236569e-05,
        2.4678988310767e-08,
        5.448373455047798e-209,
        1.1085739988693256e-08,
        0.012032412283007457
      ],
      [
        0.11732436700628138,
        0.09349656825731495,
        -0.05478608652146883,
        -0.009825762031467178,
        -0.0006101874151584583,
        1.54369803687319e-06,
        -4.795583494802634e-08,
        7.281477686935347e-06,
        -2.0234262531501406e-06,
        4.975791811801307e-25,
        2.8277486317645683e-06,
        0.09244302187390982
      ],
      [
        0.037607019570351216,
        0.05655796983869814,
        -0.039171817068818574,
        -0.017803545980597288,
        -4.062952790705685e-06,
        -2.0646032560289537e-07,
        1.4638720868269423e-209,
        1.7534946283381888e-08,
        3.0125584923491906e-08,
        2.0430909640923744e-205,
        1.5090527763961776e-37,
        0.03952812426472163
      ],
      [
        0.10341717283355495,
        0.12167050270344473,
        -0.0009863615103617772,
        -0.0674067129096333,
        -0.00033626501347866445,
        -0.00012098351715063158,
        5.66941198655438e-29,
        1.308494174144431e-05,
        2.8906900789252523e-05,
        -3.718759578006336e-07,
        1.0101289887218989e-06,
        0.0830981272660394
      ]
    ]
  },
  "cues": [
    [
      7,
      4
    ],
    [
      4,
      3
    ],
    [
      1,
      1
    ],
    [
      4,
      8
    ],
    [
      5,
      4
    ]
  ],
  "env": {
    "delay": 0,
    "grid_size": 10,
    "max_steps": 200,
    "noise": 0.0,
    "num_cues": 5,
    "reward_sparse_prob": 0.5
  },
  "seed": 27
}