{
  "agent": {
    "action_size": 4,
    "cue_exploration_bias": 0.3333333333333333,
    "cue_regularization": 0.01666666666666667,
    "epsilon": 0.05,
    "state_size": 11,
    "target_weights": [
      [
        -0.052333150584263306,
        -0.06337452661153943,
        -0.04726636567333836,
        -0.060304217845655705,
        7.171905911157269e-06,
        2.2290585567319566e-07,
        9.808373871943655e-17,
        -1.43e-322,
        1.8055222584907936e-20,
        -1.9332642150572842e-05,
        -1.43e-322,
        -0.10095742759993206
      ],
      [
        -0.07318386025502985,
        -0.04583679437887057,
        -0.06861293557893813,
        -0.02984927077425927,
        -8.027959264642233e-07,
        1.1775374751741302e-05,
        9.236190873284485e-08,
        1.43e-322,
        2.4969804034641132e-06,
        -4.4791522897339063e-07,
        1.43e-322,
        -0.10292243918340983
      ],
      [
        -0.06477201744185486,
        -0.0559537808833582,
        -0.06177676305635333,
        -0.05087215558075398,
        9.727332329556442e-05,
        -1.4686805376516483e-06,
        2.998376040208171e-06,
        -1.43e-322,
        -7.474614390675057e-45,
        -1.9173572982285043e-05,
        -1.43e-322,
        -0.09335328887052395
      ],
      [
        -0.08163942864791472,
        -0.050542181560940695,
        -0.05682212070492252,
        -0.03201808792213244,
        -1.2114597283368063e-06,
        3.822124687702629e-06,
        2.922655879616909e-51,
        -1.43e-322,
        1.43e-322,
        1.5586816761625295e-08,
        1.43e-322,
        -0.10997404093718688
      ]
    ],
    "weights": [
      [
        -0.052304575622089726,
        -0.06298013039308271,
        -0.04673973690810715,
        -0.0601434103367076,
        1.7609263465020031e-07,
        1.974009816161092e-06,
        2.6440214539802703e-19,
        -1.43e-322,
        4.867106055922164e-23,
        -1.316748995550432e-05,
        -1.43e-322,
        -0.10040222387252723
      ],
      [
        -0.0731390032402084,
        -0.04568837508016961,
        -0.06828858082756774,
        -0.02962847830676832,
        1.9118106381669764e-07,
        -5.937656095643939e-06,
        -1.0041371317748892e-05,
        1.43e-322,
        -2.9771640116362616e-06,
        2.7001829326245143e-06,
        1.43e-322,
        -0.10255322741721795
      ],
      [
        -0.06478653300692513,
        -0.056089893350968194,
        -0.06192239653917388,
        -0.050896192161034755,
        -1.1105522395111485e-05,
        -1.5264701790354621e-06,
        8.082655372760413e-09,
        -1.43e-322,
        -2.0149151191825669e-47,
        -2.862923294760525e-06,
        -1.43e-322,
        -0.0935134379184147
      ],
      [
        -0.08163338059127186,
        -0.05054479032695086,
        -0.05679175263321101,
        -0.03197906302776793,
        6.320533694112926e-07,
        5.243168015921635e-06,
        7.878538225804167e-54,
        -1.43e-322,
        1.43e-322,
        4.20170340721626e-11,
        1.43e-322,
        -0.10993762480883254
      ]
    ]
  },
  "cues": [
    [
      1,
      2
    ],
    [
      8,
      9
    ],
    [
      2,
      3
    ],
    [
      2,
      7
    ],
    [
      6,
      3
    ]
  ],
  "env": {
    "delay": 6,
    "grid_size": 10,
    "max_steps": 200,
    "noise": 0.0,
    "num_cues": 5,
    "reward_sparse_prob": 1.0
  },
  "seed": 28
}