{
  "agent": {
    "action_size": 4,
    "cue_exploration_bias": 0.3333333333333333,
    "cue_regularization": 0.01666666666666667,
    "epsilon": 0.05,
    "state_size": 11,
    "target_weights": [
      [
        0.13622540776939446,
        0.06773926638083361,
        0.03172207671458267,
        0.00831423753561714,
        -1.3661679282839567e-05,
        -0.0001965755085685292,
        8.58586610530292e-05,
        3.4144656576881424e-36,
        -3.798988416699832e-262,
        -1.049704950375548e-229,
        -1.9848332626835558e-275,
        0.11615812423843944
      ],
      [
        0.24198015364424985,
        0.15987625606281847,
        -0.08216504134327353,
        -0.027800174498273746,
        2.8358510513573877e-05,
        0.0001615567052498664,
        1.6231902628378732e-19,
        -4.3738287516927035e-05,
        6.746446763668047e-121,
        3.1412899580047415e-164,
        1.4151071046014586e-110,
        0.15885680557443038
      ],
      [
        0.08477567223079366,
        0.04975935606875245,
        0.0007599403792968385,
        0.003037665978286105,
        -3.4643403017231174e-05,
        -0.0007914164574679438,
        9.362801086422933e-11,
        2.737170152654106e-07,
        -5.0925078140705995e-261,
        1.5177001575416538e-210,
        1.793985959712933e-56,
        0.11316308632957729
      ],
      [
        0.15585767188410946,
        0.21107768994154263,
        0.010111031059137007,
        0.0081373141948609,
        5.422594686501454e-05,
        -0.000982478030640378,
        1.0043106041234174e-05,
        -4.273949050322944e-05,
        -3.353140303789862e-207,
        -7.044996355467028e-210,
        4.937436903095752e-17,
        0.1873569993971234
      ]
    ],
    "weights": [
      [
        0.13928201172196275,
        0.07026775453847599,
        0.03203094111029941,
        0.00915121772625982,
        -1.0291188035453677e-05,
        -0.0005023719832094305,
        1.3516879268500028e-07,
        5.3754530405388795e-39,
        -5.980813949479827e-265,
        -1.6525688739787894e-232,
        -3.1247577414730805e-278,
        0.1195235925867245
      ],
      [
        0.24586219410046245,
        0.1634062036861742,
        -0.08276262781050829,
        -0.02804566813265136,
        -9.811378200906054e-05,
        -0.00011104300987898453,
        2.555416837799651e-22,
        -7.425339080432423e-05,
        1.0621049207783635e-123,
        4.945387755753222e-167,
        2.227827880180964e-113,
        0.16214125956340822
      ],
      [
        0.08590893796609846,
        0.04975935606875245,
        0.001086460410374269,
        0.004497451744668333,
        7.319069197033449e-07,
        -1.2459407793572584e-06,
        1.3199809063889003e-05,
        0.00021274721622785255,
        -8.017224174293924e-264,
        2.3893419188779984e-213,
        2.824303492439379e-59,
        0.11462287209595952
      ],
      [
        0.15550163106979753,
        0.2117302867736445,
        0.010841672528135561,
        0.007859318017445747,
        4.4770450273048434e-05,
        1.1989887146731891e-05,
        2.350770614490934e-05,
        -4.256565409224057e-05,
        -5.278907462658368e-210,
        -1.1091061054988458e-212,
        7.773093325292119e-20,
        0.18773160005181017
      ]
    ]
  },
  "cues": [
    [
      3,
      0
    ],
    [
      8,
      0
    ],
    [
      2,
      3
    ],
    [
      2,
      5
    ],
    [
      3,
      1
    ]
  ],
  "env": {
    "delay": 6,
    "grid_size": 10,
    "max_steps": 200,
    "noise": 0.0,
    "num_cues": 5,
    "reward_sparse_prob": 1.0
  },
  "seed": 15
}