{
  "agent": {
    "action_size": 4,
    "cue_exploration_bias": 0.16666666666666666,
    "cue_regularization": 0.020833333333333336,
    "epsilon": 0.05,
    "state_size": 11,
    "target_weights": [
      [
        0.09261485273345108,
        0.10339475920007128,
        0.040031114475565385,
        0.008181147127748464,
        1.8745188242862962e-05,
        -2.7251194026694866e-06,
        4.4102836300143365e-10,
        8.977357504337251e-12,
        3.097122866118225e-09,
        2.900834531420054e-222,
        7.606659014656783e-23,
        0.09825463471447517
      ],
      [
        0.25294845051383447,
        0.2166884992741866,
        -0.032346811640346855,
        0.007958090641537052,
        2.3542419133345604e-05,
        -1.749884598673112e-05,
        -1.6367734184146591e-06,
        -3.5365455066760984e-05,
        -0.00014110878309142296,
        -1.1615642022621451e-73,
        -4.3610485624883084e-05,
        0.2071281639816329
      ],
      [
        0.0862371262053604,
        0.10298145727233177,
        0.006368821486614042,
        0.01875968779158964,
        -0.00014470752129842424,
        -4.717886546733382e-06,
        9.820571301824142e-16,
        2.7195912618613e-05,
        1.6815284552943488e-12,
        3.485777525387788e-222,
        4.6060743494957347e-35,
        0.1260782705504446
      ],
      [
        0.22942690067452362,
        0.28515625618598206,
        0.0033202266142913265,
        -0.06047135810527369,
        2.560667835515745e-05,
        8.527895324804622e-05,
        -0.0001239529307521194,
        -4.491591324441291e-06,
        0.00022161532714093138,
        3.524156743525375e-219,
        -3.48101048040853e-05,
        0.17566563419381592
      ]
    ],
    "weights": [
      [
        0.09659676268672256,
        0.10759878663355578,
        0.040843251553989574,
        0.008771166725959638,
        8.797780873574953e-05,
        -6.826170488787476e-06,
        0.00012514868581870635,
        1.0647976883667995e-14,
        8.987964711669699e-07,
        3.440658235898892e-225,
        9.022201612320646e-26,
        0.10304868174617082
      ],
      [
        0.2562172685757965,
        0.21997273333905537,
        -0.03189667363745542,
        0.00839281264152167,
        -0.00014170870337882425,
        -1.9631745653841937e-05,
        -2.0032615675560386e-05,
        -9.670913986710183e-06,
        7.999356819277662e-05,
        -1.3777226504133405e-76,
        -1.7411684768900813e-05,
        0.21084712004648637
      ],
      [
        0.08626721618639498,
        0.10330722196668081,
        0.0069362971532092,
        0.01903148874487034,
        1.563723744141863e-05,
        -1.0716447747849185e-05,
        1.1648106489656457e-18,
        3.2256869435503734e-08,
        1.994448378885858e-15,
        4.134454765113944e-225,
        5.463230485606852e-38,
        0.12667583619807432
      ],
      [
        0.23179822674092795,
        0.28821641364350653,
        0.003712364063912782,
        -0.060768052046772277,
        0.00013053308878130493,
        2.6383250831659606e-05,
        -0.00015519512856206316,
        -2.1098868606427057e-05,
        0.0013169457736721488,
        4.1799760699461217e-222,
        -9.559435609372568e-06,
        0.17842909770984156
      ]
    ]
  },
  "cues": [
    [
      7,
      8
    ],
    [
      7,
      7
    ],
    [
      8,
      9
    ],
    [
      3,
      2
    ],
    [
      8,
      7
    ]
  ],
  "env": {
    "delay": 0,
    "grid_size": 10,
    "max_steps": 200,
    "noise": 0.1,
    "num_cues": 5,
    "reward_sparse_prob": 1.0
  },
  "seed": 11
}