{
  "agent": {
    "action_size": 4,
    "cue_exploration_bias": 0.05555555555555555,
    "cue_regularization": 0.02361111111111111,
    "epsilon": 0.05,
    "state_size": 11,
    "target_weights": [
      [
        0.09508366545199164,
        0.06708675828865934,
        0.013956837128754444,
        -0.0005125500627206083,
        -4.849431984047272e-05,
        -2.5910326492356826e-05,
        1.4556449104824645e-216,
        5.84965124274933e-07,
        0.00011312412425455109,
        2.80456741230413e-310,
        2.5534468813619178e-34,
        0.0721780189849057
      ],
      [
        0.21173982928633192,
        0.17733544492757966,
        -0.046681419440470835,
        0.008855490659316467,
        0.0001357316877215053,
        8.720354755266364e-05,
        -3.4492926896584836e-05,
        -2.475147907506913e-05,
        -6.2992314166207475e-06,
        5.44628660526321e-100,
        -1.119597880289792e-05,
        0.19496315123495925
      ],
      [
        0.061750885394068575,
        0.08107533591950888,
        -0.011022283037185252,
        0.009972487793942442,
        -4.085075455495461e-06,
        -6.945905086518536e-06,
        2.2461142951870712e-215,
        1.1613071392414146e-21,
        5.739226019310646e-06,
        2.6328919748755086e-24,
        1.04e-322,
        0.09182152412007245
      ],
      [
        0.18036086382592295,
        0.2268054473410155,
        0.02168369817595657,
        -0.07292790686851824,
        -0.0004968761521187235,
        -0.00016660778323892216,
        1.646977084976669e-10,
        3.249264815614902e-05,
        4.3023452799239656e-05,
        -2.4166653737409264e-05,
        1.3423537587046929e-05,
        0.18271187794472699
      ]
    ],
    "weights": [
      [
        0.09571090638489706,
        0.06779240433817794,
        0.014035242245367622,
        -0.0005125500627206083,
        -0.0001053558285319511,
        -2.7287853083222385e-05,
        1.0018720205717176e-217,
        4.026120565537285e-08,
        7.785957559165212e-06,
        1.930290553666e-311,
        1.757452636992842e-35,
        0.0728836650344243
      ],
      [
        0.21611730245104477,
        0.1810923879659819,
        -0.04658159160168863,
        0.009575848624409123,
        -0.000815502122339654,
        3.9033424483709505e-05,
        -2.3740335377437712e-06,
        -0.00011206757502687788,
        -8.039481265590197e-06,
        3.7484980894270515e-101,
        -2.725930299027458e-06,
        0.19944045223845425
      ],
      [
        0.06284349397847207,
        0.08199979481627076,
        -0.010716762878966285,
        0.010446157639803012,
        -0.00010601431444772711,
        -0.00019670429203654877,
        1.545925830639723e-216,
        7.992891135177522e-23,
        3.9501185536922896e-07,
        1.812132054885071e-25,
        1.04e-322,
        0.0932196528626949
      ],
      [
        0.1819423839144237,
        0.2287372714264087,
        0.02184420250244824,
        -0.07311770653891918,
        -0.0002205870126164453,
        -8.386579225240872e-05,
        1.1335595982772953e-11,
        9.492061943921385e-06,
        2.9611612885493884e-06,
        -1.663310470568705e-06,
        9.238974854861842e-07,
        0.1844539023597193
      ]
    ]
  },
  "cues": [
    [
      7,
      4
    ],
    [
      4,
      3
    ],
    [
      1,
      1
    ],
    [
      4,
      8
    ],
    [
      5,
      4
    ]
  ],
  "env": {
    "delay": 1,
    "grid_size": 10,
    "max_steps": 200,
    "noise": 0.0,
    "num_cues": 5,
    "reward_sparse_prob": 1.0
  },
  "seed": 27
}