{
  "agent": {
    "action_size": 4,
    "cue_exploration_bias": 0.2333333333333333,
    "cue_regularization": 0.01916666666666667,
    "epsilon": 0.05,
    "state_size": 11,
    "target_weights": [
      [
        0.02540482130558983,
        0.01617472966407491,
        -0.025822416682411056,
        -0.06370085349193641,
        -3.462014092109982e-06,
        5.926577913767805e-06,
        1.3e-322,
        1.0843469269835842e-65,
        2.3967868014212267e-54,
        1.5769952419961058e-05,
        1.3e-322,
        -0.05215353358642997
      ],
      [
        0.03882357424531049,
        0.03374803644942622,
        -0.04220046738727505,
        -0.050790092782032184,
        -1.712181612016666e-05,
        2.651640495082268e-05,
        -1.3e-322,
        2.1947051518393637e-54,
        6.828458198622976e-08,
        -8.373645607404687e-05,
        -1.3e-322,
        0.019796084102250658
      ],
      [
        0.0263716814329876,
        0.0061252197386834645,
        -0.018823574714982215,
        -0.058519843415248504,
        -6.101313531089562e-06,
        2.089210524570566e-06,
        1.3e-322,
        9.918951234437541e-278,
        9.033592132380221e-72,
        5.093740751322657e-11,
        -1.3e-322,
        -0.039436110114943704
      ],
      [
        0.022366385283505347,
        0.05612069313249489,
        -0.0400925330226534,
        -0.09277545195264622,
        3.3196256704500564e-05,
        -1.5520455463261315e-05,
        1.3e-322,
        -2.288585345455142e-06,
        5.609647402495832e-07,
        -3.722450289263755e-05,
        4.1081970614115624e-55,
        0.012258538140555707
      ]
    ],
    "weights": [
      [
        0.02540482130558983,
        0.01617472966407491,
        -0.025822416682411056,
        -0.06370085349193641,
        -3.462014092109982e-06,
        5.926577913767805e-06,
        1.3e-322,
        1.0843469269835842e-65,
        2.3967868014212267e-54,
        1.5769952419961058e-05,
        1.3e-322,
        -0.05215353358642997
      ],
      [
        0.03882357424531049,
        0.03374803644942622,
        -0.04220046738727505,
        -0.050790092782032184,
        -1.712181612016666e-05,
        2.651640495082268e-05,
        -1.3e-322,
        2.1947051518393637e-54,
        6.828458198622976e-08,
        -8.373645607404687e-05,
        -1.3e-322,
        0.019796084102250658
      ],
      [
        0.0263716814329876,
        0.0061252197386834645,
        -0.018823574714982215,
        -0.058519843415248504,
        -6.101313531089562e-06,
        2.089210524570566e-06,
        1.3e-322,
        9.918951234437541e-278,
        9.033592132380221e-72,
        5.093740751322657e-11,
        -1.3e-322,
        -0.039436110114943704
      ],
      [
        0.022366385283505347,
        0.05612069313249489,
        -0.0400925330226534,
        -0.09277545195264622,
        3.3196256704500564e-05,
        -1.5520455463261315e-05,
        1.3e-322,
        -2.288585345455142e-06,
        5.609647402495832e-07,
        -3.722450289263755e-05,
        4.1081970614115624e-55,
        0.012258538140555707
      ]
    ]
  },
  "cues": [
    [
      4,
      1
    ],
    [
      0,
      9
    ],
    [
      4,
      6
    ],
    [
      6,
      8
    ],
    [
      5,
      2
    ]
  ],
  "env": {
    "delay": 0,
    "grid_size": 10,
    "max_steps": 200,
    "noise": 0.0,
    "num_cues": 5,
    "reward_sparse_prob": 0.3
  },
  "seed": 23
}