{
  "agent": {
    "action_size": 4,
    "cue_exploration_bias": 0.16666666666666666,
    "cue_regularization": 0.020833333333333336,
    "epsilon": 0.05,
    "state_size": 11,
    "target_weights": [
      [
        0.09443814710684066,
        0.035529660258250446,
        0.009632229137035174,
        -0.0233532645819013,
        -8.324709611174873e-09,
        -5.409437072478197e-05,
        1.8279959802182563e-09,
        6.637719745714971e-227,
        7.777564991126355e-65,
        5.921512752153821e-281,
        -5.7094173261782274e-272,
        0.05228101599833777
      ],
      [
        0.15905047988571788,
        0.09223321273853735,
        -0.05934438133018029,
        -0.020266144919431246,
        -4.136267306796153e-05,
        -0.0004362255047327508,
        -1.371358148104295e-06,
        -1.1964092052931165e-173,
        1.0030382860987662e-50,
        9.052352598164752e-133,
        -2.8011498561140455e-05,
        0.09874779182899264
      ],
      [
        0.054935937788088196,
        0.03079979244689464,
        -0.009752765409689643,
        -0.01835521063154804,
        -7.857255190531246e-06,
        -0.0002283438205420438,
        2.1924368422407168e-26,
        2.0144376788779018e-181,
        8.303913148620082e-53,
        1.876684016431437e-281,
        1.1629208497183565e-16,
        0.07281064609788526
      ],
      [
        0.09067221455065473,
        0.1538879031499059,
        -0.017400487622067334,
        -0.027369875028162245,
        0.000126218160539565,
        0.0010578420914824505,
        -9.390736004448483e-06,
        2.4166946409284904e-209,
        -5.631774410553096e-06,
        -1.6361142006036847e-82,
        -1.2188089234442222e-05,
        0.09466002338246428
      ]
    ],
    "weights": [
      [
        0.09566807986160754,
        0.036841002720374695,
        0.009897382577084756,
        -0.023169520849209098,
        -1.968394870116029e-05,
        -0.00030068665047416833,
        1.1683263475551766e-11,
        4.242363194737507e-229,
        4.970872035435623e-67,
        3.784614102323823e-283,
        -3.6490576366396636e-274,
        0.05377610219315422
      ],
      [
        0.15972385170291767,
        0.09248692343680748,
        -0.05970776553873957,
        -0.020209868009060907,
        -6.929441743892364e-07,
        -5.234051292503138e-06,
        8.210020185011393e-06,
        -7.646605419967095e-176,
        6.410714629229417e-53,
        5.785626534327881e-135,
        -1.3103444597844319e-05,
        0.099057779437633
      ],
      [
        0.05550268458220508,
        0.03133971077621953,
        -0.009547427438608347,
        -0.01812304419567474,
        -4.032186500835298e-06,
        -0.00021285224332870655,
        1.4012512915015645e-28,
        1.287486756650278e-183,
        5.3072767250748285e-55,
        1.199444312875749e-283,
        7.4325714254852405e-19,
        0.07358273086308346
      ],
      [
        0.09182096781380675,
        0.15516362048951374,
        -0.017129529285153114,
        -0.027225880767703742,
        -7.597631361240359e-07,
        2.9918686670362414e-05,
        1.3920167529645694e-05,
        1.544581089644977e-211,
        -1.6599132670265668e-05,
        -1.0456890216718255e-84,
        4.225385278470018e-06,
        0.09607973498253052
      ]
    ]
  },
  "cues": [
    [
      3,
      0
    ],
    [
      8,
      0
    ],
    [
      2,
      3
    ],
    [
      2,
      5
    ],
    [
      3,
      1
    ]
  ],
  "env": {
    "delay": 0,
    "grid_size": 10,
    "max_steps": 200,
    "noise": 0.0,
    "num_cues": 5,
    "reward_sparse_prob": 0.5
  },
  "seed": 15
}