{
  "agent": {
    "action_size": 4,
    "cue_exploration_bias": 0.08333333333333333,
    "cue_regularization": 0.02291666666666667,
    "epsilon": 0.05,
    "state_size": 11,
    "target_weights": [
      [
        0.04618522751844158,
        0.08370638953010426,
        -0.01671492605805051,
        0.002352761273189928,
        -0.0001470210172929797,
        9.80200362090372e-05,
        3.914451214440059e-06,
        3.5476642670570707e-19,
        1.04e-322,
        3.7192514366526625e-11,
        5.928573921623612e-87,
        0.051730775909004476
      ],
      [
        0.23212756354570546,
        0.19181131803089696,
        -0.029406149931088556,
        -0.015965137330552017,
        -0.00017309129742142725,
        5.728010982878809e-05,
        -0.00012502109615833553,
        -7.305948231280174e-07,
        -2.187627840389593e-18,
        1.7893851264551642e-06,
        1.1392704293019666e-55,
        0.19259756819427193
      ],
      [
        0.0890684932824793,
        0.08530186701817391,
        0.016325428838574265,
        -0.02233194412436177,
        9.352673573537384e-07,
        -5.032207011121963e-06,
        4.5456532773095097e-11,
        4.726171122126754e-21,
        1.04e-322,
        3.4001879633974616e-05,
        5.56090576592782e-239,
        0.07100070053755825
      ],
      [
        0.19259659237627372,
        0.2723834206486657,
        0.005105718739112453,
        -0.05627500753237153,
        0.0001312628039305787,
        -7.54249673038316e-05,
        -2.668105743992735e-05,
        9.72634302774366e-07,
        1.303882904141514e-296,
        4.061154277044817e-06,
        -3.7344599325863095e-27,
        0.1472314924825833
      ]
    ],
    "weights": [
      [
        0.049696502488489634,
        0.08679961897296656,
        -0.016187166345094362,
        0.003298566513331813,
        -8.61082105395124e-05,
        6.0885988339661154e-05,
        0.00011846341921023092,
        4.82701850832255e-23,
        1.04e-322,
        5.060483227946564e-15,
        8.066528818234198e-91,
        0.05576981059200868
      ],
      [
        0.23235187746369268,
        0.19148582328596564,
        -0.029248923530142103,
        -0.01525810226668717,
        7.675645095293086e-05,
        -2.7757174883134828e-05,
        -6.443201742207323e-05,
        -2.8564882419357354e-07,
        -2.976527450169899e-22,
        2.7734839550974425e-05,
        1.5501127035301541e-59,
        0.1929791085132053
      ],
      [
        0.09051810320990965,
        0.08679730622817197,
        0.01699979169482308,
        -0.02170341055068068,
        -5.02837092601302e-06,
        -6.211412165097113e-06,
        6.184901064550776e-15,
        6.430517028300967e-25,
        1.04e-322,
        4.626359484887262e-09,
        7.566272633074751e-243,
        0.07312467332123741
      ],
      [
        0.19431718453823565,
        0.2743346325679988,
        0.005757886092128397,
        -0.055853459936726454,
        -8.079785485989086e-05,
        -2.2721659660851823e-05,
        -5.57226522895812e-05,
        1.4937778949735912e-07,
        1.336506310580379e-06,
        4.205829027452599e-06,
        -7.767277095919264e-07,
        0.14960425199756133
      ]
    ]
  },
  "cues": [
    [
      6,
      9
    ],
    [
      2,
      3
    ],
    [
      2,
      1
    ],
    [
      2,
      4
    ],
    [
      0,
      7
    ]
  ],
  "env": {
    "delay": 0,
    "grid_size": 10,
    "max_steps": 200,
    "noise": 0.05,
    "num_cues": 5,
    "reward_sparse_prob": 1.0
  },
  "seed": 24
}