{
  "agent": {
    "action_size": 4,
    "cue_exploration_bias": 0.3333333333333333,
    "cue_regularization": 0.01666666666666667,
    "epsilon": 0.05,
    "state_size": 11,
    "target_weights": [
      [
        0.08841895730548205,
        0.09313950650245724,
        -0.012357890521692451,
        -0.01114977524404669,
        -4.895794828057445e-06,
        -3.9648791890893075e-06,
        1.43e-322,
        1.43e-322,
        2.8192633744610536e-25,
        4.81304068224292e-27,
        3.0737252422908765e-96,
        0.05028019840427112
      ],
      [
        0.10532768660407973,
        0.12597106401895006,
        -0.03679160636479074,
        -0.028873138781668,
        -9.465436455618894e-05,
        4.899368346142591e-06,
        1.43e-322,
        1.1051103779881445e-19,
        5.32324495901347e-06,
        2.0140979864543146e-05,
        1.43e-322,
        0.09827979526655106
      ],
      [
        0.10113687530178253,
        0.10917123782591691,
        -0.032773417281735294,
        -0.02466558012644126,
        -3.1461470668653336e-06,
        3.295310904306943e-05,
        9.24554625810151e-116,
        1.43e-322,
        2.677102589337173e-137,
        1.0241793393355156e-15,
        -1.43e-322,
        0.07977728070584246
      ],
      [
        0.10223262495826196,
        0.270573350667302,
        -0.042231944477596685,
        -0.22147104642375706,
        -0.00028427143369197003,
        7.232073559101961e-05,
        1.719542475629104e-08,
        -6.8346374025794795e-06,
        -8.810331627999447e-06,
        -1.9549358770242795e-05,
        -3.5697489644605107e-06,
        0.05151284504004011
      ]
    ],
    "weights": [
      [
        0.08863069683219624,
        0.09335435541631369,
        -0.012320329944772454,
        -0.01111532405426894,
        -7.328159927826965e-05,
        -9.956334138196832e-06,
        1.43e-322,
        1.43e-322,
        1.2582652126323592e-25,
        2.1481078044396254e-27,
        1.3718340686435246e-96,
        0.05052949850790531
      ],
      [
        0.1055447335023929,
        0.12614590967668496,
        -0.03675877876820755,
        -0.028798109944506513,
        -9.897670628638236e-05,
        2.922299756979087e-05,
        1.43e-322,
        4.932217249859811e-20,
        2.375817034663409e-06,
        8.989119122908515e-06,
        1.43e-322,
        0.09852966976144742
      ],
      [
        0.10113687530178253,
        0.10917123782591691,
        -0.032778628108119635,
        -0.0246707909528256,
        -1.4041566474145924e-06,
        1.18817597910609e-05,
        4.126379015786813e-116,
        1.43e-322,
        1.1948174439200527e-137,
        4.571013995558418e-16,
        -1.43e-322,
        0.07977206987945812
      ],
      [
        0.10422645571782216,
        0.2726077723924877,
        -0.04220853073722701,
        -0.22148822364901286,
        -0.0007219453522013402,
        -0.00010257859921936452,
        7.67448865660322e-09,
        -7.077622120663014e-05,
        1.3461378508233923e-05,
        -3.048398473810166e-05,
        -1.5932143766701842e-06,
        0.05353008953997
      ]
    ]
  },
  "cues": [
    [
      0,
      8
    ],
    [
      1,
      8
    ],
    [
      3,
      6
    ],
    [
      5,
      8
    ],
    [
      4,
      9
    ]
  ],
  "env": {
    "delay": 0,
    "grid_size": 10,
    "max_steps": 200,
    "noise": 0.3,
    "num_cues": 5,
    "reward_sparse_prob": 1.0
  },
  "seed": 19
}