{
  "agent": {
    "action_size": 4,
    "cue_exploration_bias": 0.16666666666666666,
    "cue_regularization": 0.020833333333333336,
    "epsilon": 0.05,
    "state_size": 11,
    "target_weights": [
      [
        0.03492615611365572,
        0.0382387358692651,
        -0.03326017094529289,
        -0.01596001553147978,
        -2.878651266536359e-05,
        -2.3156148015411603e-05,
        2.0280030813964666e-16,
        2.3188265601247e-23,
        1.6024810927281348e-69,
        2.12800355054627e-14,
        -1.14e-322,
        0.02018279979949469
      ],
      [
        0.13709860758838946,
        0.08948396206942165,
        -0.06634109432217013,
        -0.007300258849000622,
        -0.00041686469210097416,
        -0.00015097922532114085,
        9.46961054826273e-06,
        -9.775417227560879e-05,
        3.0988887062394305e-05,
        -3.8087885686421385e-06,
        1.14e-322,
        0.058458731437969105
      ],
      [
        0.029453046671334714,
        0.03667960550196291,
        -0.05892912992529029,
        -0.003043489623167337,
        -7.491796960670889e-06,
        8.265551602453167e-06,
        1.4291907756014188e-15,
        7.537904215278761e-16,
        1.3176266942142084e-17,
        5.338935279393923e-13,
        1.14e-322,
        0.005349701381357514
      ],
      [
        0.09288328497648109,
        0.11272661213134658,
        -0.01504853824223055,
        -0.05980244787312549,
        -5.580620927873355e-05,
        -0.0002068702975141066,
        2.3691446344048646e-06,
        5.634619197092458e-06,
        1.1986098530371535e-05,
        -1.5089358367608964e-05,
        -7.486698776237471e-73,
        0.07438818092365529
      ]
    ],
    "weights": [
      [
        0.035156999938593086,
        0.038436602004925706,
        -0.033194215566739356,
        -0.01586108246364948,
        -2.723519933971798e-06,
        -5.961787518827182e-06,
        1.9187134206031324e-17,
        3.393865669668511e-05,
        1.516122932497235e-70,
        2.013324836130277e-15,
        -1.14e-322,
        0.020479599002985596
      ],
      [
        0.13827733814320034,
        0.09044928936555387,
        -0.06637929088793448,
        -0.007125052156086308,
        -0.0001995312916902633,
        -7.161984099058794e-05,
        9.22685643746819e-06,
        -5.1585281169447705e-05,
        1.2586534302915545e-05,
        -3.603531873265815e-07,
        1.14e-322,
        0.05959926542701564
      ],
      [
        0.02986456420504807,
        0.03704539886526367,
        -0.05892912992529029,
        -0.002997765452754742,
        -1.0734651260213046e-05,
        -4.2309106667287846e-06,
        1.3521712796710232e-16,
        7.131684420872324e-17,
        1.2466194182470754e-18,
        5.051218544131001e-14,
        1.14e-322,
        0.00576121891507087
      ],
      [
        0.09538828952275394,
        0.11545586139877165,
        -0.0144269617981123,
        -0.05940511615015954,
        -0.0003723036857911726,
        -0.0007577391551570998,
        4.812086359981806e-05,
        2.0684412121558726e-05,
        5.8528892373912245e-05,
        -7.290857271710514e-06,
        -7.08323845745261e-74,
        0.07751476191404633
      ]
    ]
  },
  "cues": [
    [
      2,
      1
    ],
    [
      7,
      5
    ],
    [
      3,
      3
    ],
    [
      7,
      7
    ],
    [
      2,
      7
    ]
  ],
  "env": {
    "delay": 0,
    "grid_size": 10,
    "max_steps": 200,
    "noise": 0.0,
    "num_cues": 5,
    "reward_sparse_prob": 0.5
  },
  "seed": 18
}