{
  "agent": {
    "action_size": 4,
    "cue_exploration_bias": 0.05555555555555555,
    "cue_regularization": 0.02361111111111111,
    "epsilon": 0.05,
    "state_size": 11,
    "target_weights": [
      [
        0.07952280479724261,
        0.12248912188804593,
        0.02445640416247023,
        0.034534128403889704,
        4.1849390045978147e-05,
        -0.00011329407753053015,
        5.0347666236907505e-139,
        3.975991758401926e-167,
        1.0615760147901852e-272,
        7.396788054587346e-232,
        6.836977432380953e-163,
        0.13509797075216384
      ],
      [
        0.25148408176642884,
        0.19631503525114374,
        -0.022266925247438635,
        0.006588289655149225,
        -9.589910897018187e-05,
        -0.00023490653546836835,
        2.1017309094883137e-100,
        -2.83949591875393e-171,
        -2.9744496006997307e-05,
        -5.341189685136639e-196,
        -4.539498756634675e-32,
        0.23712729465994772
      ],
      [
        0.06302505736186675,
        0.07996142456102179,
        0.02491014179176656,
        0.028088989035663644,
        7.891118518629943e-05,
        2.608158283597692e-05,
        3.5215654639880175e-163,
        2.657313441372853e-195,
        4.844317966982698e-174,
        3.647036743192758e-225,
        2.1332318472727894e-266,
        0.11225302550362252
      ],
      [
        0.20310750372919925,
        0.2791807132700791,
        0.010173693205785041,
        -0.06841233642589735,
        6.579369876991643e-05,
        -0.0001347994687317369,
        -2.595485584654393e-111,
        4.940032176608949e-164,
        2.927245533057936e-12,
        6.032614071635769e-240,
        1.4556589991242313e-39,
        0.2032099462663332
      ]
    ],
    "weights": [
      [
        0.08007628148047397,
        0.12320673151697878,
        0.024827334393684574,
        0.03474092568940256,
        1.509027554242532e-07,
        -4.664766787311246e-07,
        2.405938339581953e-142,
        1.89998697544171e-170,
        5.07289935216907e-276,
        3.534665516879103e-235,
        3.2671516598248355e-166,
        0.13602237766660955
      ],
      [
        0.2541273020384552,
        0.19813669707245413,
        -0.022733490061357674,
        0.006943283291945802,
        -9.414264525262651e-05,
        -0.0002603354971225374,
        1.004343468638393e-103,
        -1.356895484265485e-174,
        -5.256086588146042e-06,
        -2.5523671707011053e-199,
        -2.169267200922562e-35,
        0.23930395011805472
      ],
      [
        0.06493384225874171,
        0.08215528043716232,
        0.025994054853100877,
        0.028887831117732393,
        2.3335308948180708e-05,
        -0.00020768331539715293,
        1.6828325915423623e-166,
        1.2698368696578759e-198,
        2.3149296078684103e-177,
        1.742790914085974e-228,
        1.0193966616884623e-269,
        0.1152457234618318
      ],
      [
        0.20498536876381193,
        0.2817698673822403,
        0.010645348133887195,
        -0.0686519705753438,
        7.763072768492153e-05,
        0.00029724429709883013,
        -1.2402915059794127e-114,
        2.3606680707991395e-167,
        1.3988279465059661e-15,
        2.882774628431632e-243,
        6.95608368195459e-43,
        0.205559466229048
      ]
    ]
  },
  "cues": [
    [
      1,
      9
    ],
    [
      8,
      3
    ],
    [
      4,
      4
    ],
    [
      4,
      1
    ],
    [
      7,
      4
    ]
  ],
  "env": {
    "delay": 1,
    "grid_size": 10,
    "max_steps": 200,
    "noise": 0.0,
    "num_cues": 5,
    "reward_sparse_prob": 1.0
  },
  "seed": 14
}