{
  "agent": {
    "action_size": 4,
    "cue_exploration_bias": 0.16666666666666666,
    "cue_regularization": 0.020833333333333336,
    "epsilon": 0.05,
    "state_size": 11,
    "target_weights": [
      [
        0.06561170624113155,
        0.0859404979513878,
        -0.001898782321897263,
        -0.021020743476020745,
        -0.0002952173710155943,
        5.968832713954235e-05,
        2.9596739593540944e-06,
        6.699235988356682e-08,
        -1.14e-322,
        1.2852402318526983e-11,
        5.765606150658302e-164,
        0.04246075775755913
      ],
      [
        0.21236456920264346,
        0.1875643174339059,
        -0.04235391862837436,
        -0.0034734871620529066,
        -8.051988741321548e-05,
        1.818754314363816e-05,
        1.5694543865260657e-05,
        3.3714613172769344e-05,
        -6.425527667643513e-17,
        1.7260198527207715e-05,
        4.0051417731949814e-05,
        0.1498976549537666
      ],
      [
        0.08687660582743066,
        0.120970130733919,
        -0.0038732359359870128,
        -0.005174833173992356,
        -3.4861418653656096e-06,
        -3.3309312945670765e-08,
        6.620318565955239e-06,
        9.826007001647393e-05,
        -1.14e-322,
        0.00015602104509935625,
        3.3069603585961747e-22,
        0.06956791823802799
      ],
      [
        0.19285005208773404,
        0.24040561563481444,
        -0.029820164176153657,
        -0.07285290715269907,
        -7.279894840245754e-05,
        -5.2526428083285574e-05,
        1.065230326102422e-06,
        -5.484931938027407e-07,
        2.586598580159411e-129,
        -0.00011729915797929713,
        -3.8328957133393345e-05,
        0.13826054809721072
      ]
    ],
    "weights": [
      [
        0.06584329459316651,
        0.08640367465545772,
        -0.0016092968818535662,
        -0.020962846388012005,
        -0.00021078894848127714,
        8.573530954786323e-05,
        2.1132447578998094e-06,
        4.78333949237371e-08,
        -1.14e-322,
        0.00038805378923753364,
        4.116715942810324e-164,
        0.042981831549637785
      ],
      [
        0.21239641078239702,
        0.18764346733285622,
        -0.042243965652879883,
        -0.0034108425057551403,
        -5.705065399381577e-05,
        1.9071326347107386e-05,
        4.3199603097221493e-05,
        5.6158852536564605e-05,
        -4.5879082787048597e-17,
        1.2324000737531182e-05,
        2.8597220413754466e-05,
        0.15003944950901468
      ],
      [
        0.08687660582743066,
        0.120970130733919,
        -0.0038732359359870128,
        -0.005174833173992356,
        -2.4891495223638382e-06,
        -2.3783272055765466e-08,
        4.726991451512747e-06,
        7.015893666831389e-05,
        -1.14e-322,
        0.00011140100572098784,
        2.3612116531616064e-22,
        0.06956791823802799
      ],
      [
        0.19359419771310987,
        0.24130704962926403,
        -0.029694828927594737,
        -0.07288486027321392,
        -0.00034446341701982594,
        -6.503528137795019e-05,
        7.605879679676323e-07,
        5.671338669159901e-06,
        1.8468642037536672e-129,
        -8.375308703256889e-05,
        -2.7367361692632758e-05,
        0.13913002897114546
      ]
    ]
  },
  "cues": [
    [
      0,
      1
    ],
    [
      1,
      5
    ],
    [
      2,
      4
    ],
    [
      4,
      9
    ],
    [
      3,
      9
    ]
  ],
  "env": {
    "delay": 0,
    "grid_size": 10,
    "max_steps": 200,
    "noise": 0.1,
    "num_cues": 5,
    "reward_sparse_prob": 1.0
  },
  "seed": 2
}