{
  "agent": {
    "action_size": 4,
    "cue_exploration_bias": 0.2333333333333333,
    "cue_regularization": 0.01916666666666667,
    "epsilon": 0.05,
    "state_size": 11,
    "target_weights": [
      [
        0.022418486141498828,
        0.00449298143539264,
        -0.014899692400205248,
        -0.03944048204890588,
        -6.43745922219745e-05,
        -5.616993098396386e-06,
        1.1174426403516473e-14,
        1.0534360776121588e-25,
        7.71540191294247e-06,
        6.884368738023962e-114,
        8.025355860738608e-10,
        -0.02934368985454617
      ],
      [
        0.047677527085192996,
        0.03890007899361964,
        -0.06027457721999662,
        -0.030364603387388486,
        1.0831501148928256e-05,
        3.3245318024525e-06,
        -1.7911822403771675e-05,
        3.6941801852232336e-06,
        -4.902097847293777e-06,
        4.611759543254742e-12,
        1.2676724010365829e-05,
        0.01730769125429379
      ],
      [
        -0.006335187722640499,
        0.02109832116001386,
        -0.04388504294539902,
        -0.030999330471484742,
        -0.00010420430635711494,
        -3.948530026258977e-05,
        7.52880741652157e-14,
        5.580420138487647e-07,
        2.438994895790284e-07,
        5.12664091050087e-27,
        1.9248412237517816e-08,
        -0.009127308904849753
      ],
      [
        0.04497360590439497,
        0.051421502558016786,
        -0.016537754911309335,
        -0.07115267309431265,
        0.0001463974848591614,
        3.991574609355577e-05,
        2.143954800012122e-07,
        2.0755249660847118e-06,
        5.549293044629909e-06,
        -3.6679396505374583e-07,
        4.131070619899537e-06,
        0.009103166935931925
      ]
    ],
    "weights": [
      [
        0.022819577349480754,
        0.004842848499289916,
        -0.014828677526849014,
        -0.039318243031465,
        -2.297568108138903e-05,
        -1.3854657379666483e-05,
        5.051960274326567e-16,
        4.7625864840492266e-27,
        3.4881346529234525e-07,
        3.1124243985685076e-115,
        3.628264890896471e-11,
        -0.028871583773208007
      ],
      [
        0.04876762735895898,
        0.039774487508170774,
        -0.060354964263209306,
        -0.03022929867138634,
        5.279899236613817e-05,
        2.693842560629191e-05,
        -2.529958104621898e-06,
        -4.115171708248634e-06,
        1.1908295283488025e-06,
        2.0849773550736926e-13,
        -1.0672550415716557e-05,
        0.01831740448484707
      ],
      [
        -0.006330079707978395,
        0.021101102832870863,
        -0.0438651159043481,
        -0.030977077088628718,
        -5.021946683987753e-06,
        -1.7851311659602179e-06,
        3.4037752460701682e-15,
        2.5229089919836808e-08,
        3.886891108575413e-06,
        2.317755317842306e-28,
        8.702210785262352e-10,
        -0.009102273849136727
      ],
      [
        0.043877477389574635,
        0.05031387228379145,
        -0.01646284841090239,
        -0.07106626483450072,
        0.0001822586767377866,
        2.0697330444487266e-05,
        9.69282367478348e-09,
        1.0169242617430222e-05,
        1.658858407384605e-05,
        -1.6582762044332974e-08,
        9.009343242637007e-06,
        0.008081944921518529
      ]
    ]
  },
  "cues": [
    [
      7,
      4
    ],
    [
      4,
      3
    ],
    [
      1,
      1
    ],
    [
      4,
      8
    ],
    [
      5,
      4
    ]
  ],
  "env": {
    "delay": 0,
    "grid_size": 10,
    "max_steps": 200,
    "noise": 0.0,
    "num_cues": 5,
    "reward_sparse_prob": 0.3
  },
  "seed": 27
}