{
  "agent": {
    "action_size": 4,
    "cue_exploration_bias": 0.3333333333333333,
    "cue_regularization": 0.01666666666666667,
    "epsilon": 0.05,
    "state_size": 11,
    "target_weights": [
      [
        0.07134411325130897,
        0.09173383492510398,
        -0.00715365312154124,
        -0.039231325981029914,
        -0.00014765688854798698,
        -0.00029039604398214416,
        1.43e-322,
        -1.43e-322,
        2.3007981151946394e-25,
        1.929760561890658e-140,
        1.43e-322,
        0.06560290641796747
      ],
      [
        0.16594440765851506,
        0.152948608354682,
        0.012157854652320589,
        0.01482934177275517,
        -0.00013015157896433338,
        -0.0002520406310300023,
        -1.43e-322,
        -3.6213161928556597e-147,
        1.2395590736807689e-08,
        -8.105851535176922e-50,
        1.43e-322,
        0.1521493802497471
      ],
      [
        0.04753035398817568,
        0.08493895032699122,
        -0.008121046538615308,
        -0.02467490117135504,
        -3.7698322133575853e-07,
        -7.005547869975242e-06,
        -1.43e-322,
        -1.43e-322,
        3.558049738854829e-31,
        3.555293707742315e-197,
        -1.43e-322,
        0.05485858072293111
      ],
      [
        0.1397166631476404,
        0.2270730560180316,
        -0.0026976600040742563,
        -0.0794041963689925,
        -7.273008742827732e-05,
        -0.0008095191441744271,
        1.43e-322,
        -1.43e-322,
        -9.24886593778391e-05,
        3.663166916139471e-43,
        1.43e-322,
        0.10908502143153188
      ]
    ],
    "weights": [
      [
        0.07134411325130897,
        0.09173383492510398,
        -0.00715365312154124,
        -0.039231325981029914,
        -0.00011284073148548915,
        -0.00022192328678785614,
        1.43e-322,
        -1.43e-322,
        1.758290756848928e-25,
        1.4747404983061257e-140,
        1.43e-322,
        0.06560290641796747
      ],
      [
        0.1659146356790234,
        0.15295448921027854,
        0.01223387910021823,
        0.01486971338556455,
        -6.627085496393124e-05,
        -0.00018798148794265453,
        -1.43e-322,
        -2.767442631091864e-147,
        1.033246971153596e-05,
        -6.194565153964223e-50,
        1.43e-322,
        0.15219563271815306
      ],
      [
        0.04753035398817568,
        0.08493895032699122,
        -0.008121046538615308,
        -0.02467490117135504,
        -2.880939918997298e-07,
        -5.353703128098279e-06,
        -1.43e-322,
        -1.43e-322,
        2.719093833970715e-31,
        2.7169876500344894e-197,
        -1.43e-322,
        0.05485858072293111
      ],
      [
        0.13956319815412005,
        0.22691861785613368,
        -0.0027030886443883792,
        -0.07940865184092902,
        -1.597205017616151e-05,
        -0.0005713540467482553,
        1.43e-322,
        -1.43e-322,
        -7.441836193700625e-05,
        2.799425332847139e-43,
        1.43e-322,
        0.10892612779769746
      ]
    ]
  },
  "cues": [
    [
      9,
      1
    ],
    [
      7,
      4
    ],
    [
      2,
      9
    ],
    [
      7,
      5
    ],
    [
      5,
      0
    ]
  ],
  "env": {
    "delay": 10,
    "grid_size": 10,
    "max_steps": 200,
    "noise": 0.0,
    "num_cues": 5,
    "reward_sparse_prob": 1.0
  },
  "seed": 6
}