{
  "agent": {
    "action_size": 4,
    "cue_exploration_bias": 0.3333333333333333,
    "cue_regularization": 0.01666666666666667,
    "epsilon": 0.05,
    "state_size": 11,
    "target_weights": [
      [
        0.08347620815652594,
        0.07332058117437051,
        -0.026485150106423612,
        -0.031216859871625705,
        -2.6814736567731742e-05,
        -3.754830560236833e-05,
        6.243504447329488e-29,
        1.0757518160539411e-08,
        9.571373172976625e-05,
        1.43e-322,
        -3.8499177231914e-311,
        0.04137266345779252
      ],
      [
        0.12858083824377056,
        0.12253840820727456,
        -0.04520276406429346,
        -0.03279411176112016,
        1.1983523425004234e-05,
        -5.7844301293597036e-05,
        2.432813086661115e-05,
        -6.342175789994368e-05,
        -7.982175835774725e-05,
        -7.2697780255027e-157,
        -9.19971490988215e-61,
        0.10040469962990062
      ],
      [
        0.07032486977161882,
        0.055491339002416144,
        -0.022714370620198127,
        -0.01956442201465535,
        -1.6518559498483655e-06,
        -8.598397175054641e-07,
        3.8783555066887433e-156,
        2.6505828063794445e-14,
        7.1283348768660335e-06,
        1.43e-322,
        1.7732656312492582e-233,
        0.024074128106872244
      ],
      [
        0.12408219427279081,
        0.22187244409855966,
        -0.035372796157729786,
        -0.16181742118926468,
        -0.00011477647569777013,
        -0.000364507668657194,
        -3.341203775007951e-05,
        1.937417684272549e-09,
        -0.0008363072170336195,
        7.781367660055416e-176,
        2.92165986107248e-155,
        0.06008706273917069
      ]
    ],
    "weights": [
      [
        0.08402706979102312,
        0.07381023596059023,
        -0.02641634723123858,
        -0.03108685014816321,
        -3.450133021256094e-05,
        -2.3158586016846988e-05,
        9.504158849523954e-30,
        1.637560480446788e-09,
        1.4569998597975112e-05,
        1.43e-322,
        -5.86052751422e-312,
        0.04199232796747475
      ],
      [
        0.13191964184676036,
        0.12560427981162636,
        -0.04515669517278344,
        -0.03247511087097217,
        -7.945134565296577e-05,
        -0.0001321684413793757,
        5.9191794401138615e-06,
        -2.4010161904828322e-05,
        -2.290850876527787e-06,
        -1.1066401207531656e-157,
        -1.4004242747236675e-61,
        0.10378957212440043
      ],
      [
        0.07032486977161882,
        0.055491339002416144,
        -0.022714370620198127,
        -0.01956442201465535,
        -2.514533540631213e-07,
        -1.3088888346667444e-07,
        5.903816858216864e-157,
        4.0348429713095385e-15,
        1.0851089732356097e-06,
        1.43e-322,
        2.699349120989731e-234,
        0.024074128106872244
      ],
      [
        0.1235636613821972,
        0.22179242690814935,
        -0.035209296360398386,
        -0.16209243709211657,
        9.835583566900688e-05,
        -7.073410806042167e-05,
        -5.086138993604345e-06,
        2.949229168416642e-10,
        -0.0005430354703466642,
        1.1845167234460424e-176,
        4.447489332018978e-156,
        0.059732029645908485
      ]
    ]
  },
  "cues": [
    [
      6,
      6
    ],
    [
      0,
      4
    ],
    [
      8,
      7
    ],
    [
      6,
      4
    ],
    [
      7,
      5
    ]
  ],
  "env": {
    "delay": 0,
    "grid_size": 10,
    "max_steps": 200,
    "noise": 0.2,
    "num_cues": 5,
    "reward_sparse_prob": 1.0
  },
  "seed": 0
}