{
  "agent": {
    "action_size": 4,
    "cue_exploration_bias": 0.3333333333333333,
    "cue_regularization": 0.01666666666666667,
    "epsilon": 0.05,
    "state_size": 11,
    "target_weights": [
      [
        0.08373543287359264,
        0.05655396727117088,
        -0.03016744308500615,
        0.0064444455250082635,
        -0.0002073175455419801,
        -0.0005528926698811209,
        1.43e-322,
        -1.43e-322,
        2.1764903741843066e-10,
        1.43e-322,
        1.43e-322,
        0.04382556848444436
      ],
      [
        0.2130657632824515,
        0.1733544722558536,
        -0.0673191169168186,
        0.006564221070555187,
        0.0001783159054441241,
        -0.0008229687902919885,
        -1.43e-322,
        1.43e-322,
        -3.8392399961318514e-05,
        1.43e-322,
        1.43e-322,
        0.13353192043251935
      ],
      [
        0.10170853756089455,
        0.0701181887911286,
        -0.014448019046670603,
        -0.01639262400592523,
        -0.0006114407558581394,
        4.4240588830084155e-05,
        -1.43e-322,
        1.43e-322,
        4.080907547574477e-177,
        1.43e-322,
        1.43e-322,
        0.04236222378351865
      ],
      [
        0.14809728886834725,
        0.18199826559927668,
        0.00976433238202591,
        -0.01210483373841544,
        -2.2611969930842305e-05,
        0.00023898576588589595,
        1.1013987371573897e-288,
        -1.43e-322,
        4.418917938352325e-06,
        -1.43e-322,
        2.950969810838729e-283,
        0.1789381621763464
      ]
    ],
    "weights": [
      [
        0.08373543287359264,
        0.05655396727117088,
        -0.03016744308500615,
        0.0064444455250082635,
        -9.252787727704443e-05,
        -0.0002467614835608726,
        1.43e-322,
        -1.43e-322,
        9.71389245954655e-11,
        1.43e-322,
        1.43e-322,
        0.04382556848444436
      ],
      [
        0.21286208065822415,
        0.17309939020521484,
        -0.06731357804077362,
        0.00662115937301156,
        0.0001997473761319553,
        -0.0003160736704090484,
        -1.43e-322,
        1.43e-322,
        -1.5679329494566978e-07,
        1.43e-322,
        1.43e-322,
        0.13333377668433696
      ],
      [
        0.10170853756089455,
        0.0701181887911286,
        -0.014448019046670603,
        -0.01639262400592523,
        -0.00027289207516094746,
        1.9745013685324146e-05,
        -1.43e-322,
        1.43e-322,
        1.8213495232822694e-177,
        1.43e-322,
        1.43e-322,
        0.04236222378351865
      ],
      [
        0.14806796573176062,
        0.18187557610333208,
        0.01005547399737167,
        -0.0117203257637117,
        3.0783682874504074e-05,
        0.00024841002999936076,
        4.915651828617405e-289,
        -1.43e-322,
        3.247643602805263e-05,
        -1.43e-322,
        1.3170471017864676e-283,
        0.1791999806551055
      ]
    ]
  },
  "cues": [
    [
      2,
      3
    ],
    [
      0,
      9
    ],
    [
      7,
      2
    ],
    [
      1,
      5
    ],
    [
      1,
      3
    ]
  ],
  "env": {
    "delay": 10,
    "grid_size": 10,
    "max_steps": 200,
    "noise": 0.0,
    "num_cues": 5,
    "reward_sparse_prob": 1.0
  },
  "seed": 22
}