{
  "agent": {
    "action_size": 4,
    "cue_exploration_bias": 0.3,
    "cue_regularization": 0.017499999999999998,
    "epsilon": 0.05,
    "state_size": 11,
    "target_weights": [
      [
        -0.008024821645374268,
        -0.020608625427779633,
        -0.04590487043488825,
        -0.03809555248313841,
        -6.540525823367307e-05,
        1.1614107037447974e-05,
        -1.4e-322,
        1.1875777892259805e-25,
        2.3974606296563434e-145,
        2.3084233403925e-252,
        -1.4e-322,
        -0.06184339373010469
      ],
      [
        0.01946931735997131,
        0.013983290233797019,
        -0.06113593875101116,
        -0.0411080606767597,
        5.9570530629235044e-05,
        6.573590726594756e-06,
        -1.872305191289911e-100,
        -1.4444746497223497e-05,
        -1.6785905949415786e-147,
        -4.683564978457453e-09,
        8.319687341339821e-06,
        -0.01067816431008493
      ],
      [
        0.005578646155423437,
        -0.01974367148108341,
        -0.045419189698290674,
        -0.0624661065107176,
        -1.2806286475317977e-06,
        7.313145656384517e-06,
        4.137749803057937e-156,
        2.811636650843493e-11,
        3.2683444607058516e-177,
        2.788105764429781e-196,
        3.235857931093821e-47,
        -0.03045921579435364
      ],
      [
        0.00596455626019036,
        0.01684124603989968,
        -0.039327344052781245,
        -0.07809306885225836,
        0.00010061858590851878,
        -1.3893368329123033e-05,
        8.151504010989772e-156,
        1.7505761252737594e-05,
        1.256648375996775e-143,
        3.9840555703708216e-111,
        -1.6151565639638466e-07,
        -0.005844886414812989
      ]
    ],
    "weights": [
      [
        -0.0077342622748648015,
        -0.02033267268728566,
        -0.04581839753664219,
        -0.03799447295487686,
        -6.362438495108233e-06,
        -9.119978248473382e-06,
        -1.4e-322,
        1.7907864351819947e-28,
        3.6152073686639904e-148,
        3.4809451996628477e-255,
        -1.4e-322,
        -0.061466361461349164
      ],
      [
        0.019486053313432596,
        0.01345450854845949,
        -0.06165616333703938,
        -0.0410827676239891,
        0.00012368204143866623,
        3.126981391082102e-08,
        -2.8233087293322457e-103,
        -4.261946576192793e-06,
        -2.531200309501115e-150,
        -7.062497048872531e-12,
        -5.99754281838006e-08,
        -0.011181652942651887
      ],
      [
        0.006378637250504364,
        -0.01893468979289097,
        -0.04526711163312673,
        -0.06232301903866515,
        -2.4421369097445508e-05,
        8.472513609512386e-06,
        6.239444932969464e-159,
        4.239756604300173e-14,
        4.928440880953958e-180,
        4.20427362998071e-199,
        4.8794534065475155e-50,
        -0.029507146634108763
      ],
      [
        0.007272789570985999,
        0.01824108199315127,
        -0.03914080139029169,
        -0.0779981288322247,
        7.426356511125308e-05,
        -1.0167151147903266e-05,
        1.2291912952267563e-158,
        2.46867828856148e-06,
        1.8949401765043319e-146,
        6.0076844962563566e-114,
        -8.729204308473797e-06,
        -0.004350110441527784
      ]
    ]
  },
  "cues": [
    [
      6,
      0
    ],
    [
      3,
      4
    ],
    [
      7,
      0
    ],
    [
      4,
      0
    ],
    [
      4,
      9
    ]
  ],
  "env": {
    "delay": 0,
    "grid_size": 10,
    "max_steps": 200,
    "noise": 0.0,
    "num_cues": 5,
    "reward_sparse_prob": 0.1
  },
  "seed": 25
}