{
  "agent": {
    "action_size": 4,
    "cue_exploration_bias": 0.3,
    "cue_regularization": 0.017499999999999998,
    "epsilon": 0.05,
    "state_size": 11,
    "target_weights": [
      [
        0.014886583339200517,
        -0.03131268463177454,
        -0.01855847130487644,
        -0.0642531839014277,
        -0.00011817054971687813,
        -0.00034590507950694815,
        2.8065942448843927e-146,
        -1.4e-322,
        1.0698067916871281e-09,
        -1.4e-322,
        4.812117297178645e-26,
        -0.05546124821121314
      ],
      [
        0.026820116005043595,
        -0.0053627651558341705,
        -0.05319784133676925,
        -0.04875399091232346,
        1.3006472439000382e-05,
        0.00011174151705334595,
        -5.673206326365792e-07,
        -2.961184561651153e-158,
        2.6362227099478335e-05,
        1.0251586999389155e-20,
        5.92413823623149e-07,
        -0.027336032058271995
      ],
      [
        -0.020336064979289525,
        -0.033258847681386976,
        -0.042961700049971505,
        -0.06277750791092673,
        -8.663922198167912e-06,
        -1.9186303152415442e-11,
        4.0430900598314947e-50,
        -1.4e-322,
        8.26175110748957e-06,
        6.059806232686864e-31,
        2.0796096854277291e-13,
        -0.03567029130977444
      ],
      [
        -0.005278459044643984,
        0.034876893235482716,
        -0.05202681936639235,
        -0.03893587045336297,
        2.6418719878291404e-06,
        4.820931641444424e-05,
        5.024008929287286e-40,
        -1.4e-322,
        6.685865378693879e-06,
        -1.3339695745883788e-09,
        6.1121937024641325e-06,
        -0.03591698195716002
      ]
    ],
    "weights": [
      [
        0.01513810535183892,
        -0.031089109509429298,
        -0.01855847130487644,
        -0.06422523701113454,
        -1.0275356875958434e-05,
        -6.199077295894489e-05,
        9.46304635362975e-148,
        -1.4e-322,
        3.607087585822447e-11,
        -1.4e-322,
        1.622510597151914e-27,
        -0.055209726198574734
      ],
      [
        0.026470730190622065,
        -0.005716788184994416,
        -0.053066438364154325,
        -0.04861795072496984,
        2.3820981749961175e-06,
        8.907688452124016e-05,
        -1.912845597041992e-08,
        -9.984281418531845e-160,
        4.5210608041942374e-05,
        3.4565467790832648e-22,
        2.1972515477537233e-08,
        -0.027554014900078607
      ],
      [
        -0.02015262009257801,
        -0.033093040011702025,
        -0.04289280377037596,
        -0.06269097441430461,
        -1.1595356390968206e-05,
        -7.087447465147302e-05,
        1.363216243951969e-51,
        -1.4e-322,
        3.0954416627466944e-05,
        2.043196211153506e-32,
        7.011858905693227e-15,
        -0.035417950143467374
      ],
      [
        -0.0057178040351068765,
        0.03445710508007686,
        -0.052014970300405125,
        -0.038943578222432766,
        3.0959969842351996e-05,
        0.0001074809756381284,
        1.6939544954013734e-41,
        -1.4e-322,
        -3.021722391042014e-06,
        -4.49777018593636e-11,
        5.87065862149131e-06,
        -0.03634447788163568
      ]
    ]
  },
  "cues": [
    [
      3,
      0
    ],
    [
      8,
      0
    ],
    [
      2,
      3
    ],
    [
      2,
      5
    ],
    [
      3,
      1
    ]
  ],
  "env": {
    "delay": 0,
    "grid_size": 10,
    "max_steps": 200,
    "noise": 0.0,
    "num_cues": 5,
    "reward_sparse_prob": 0.1
  },
  "seed": 15
}