{
  "agent": {
    "action_size": 4,
    "cue_exploration_bias": 0.3333333333333333,
    "cue_regularization": 0.01666666666666667,
    "epsilon": 0.05,
    "state_size": 11,
    "target_weights": [
      [
        0.12004878635818392,
        0.1249800664372763,
        -0.012472008638789094,
        0.020896331945233007,
        -5.377371701439056e-06,
        -4.862447877899207e-05,
        4.465949123569374e-34,
        1.3905742570290454e-13,
        1.3213651054291322e-05,
        1.3097032577571356e-06,
        0.0003373335200299912,
        0.12422514776335247
      ],
      [
        0.2561697704128753,
        0.2038778326673703,
        -0.03767345867932601,
        -0.03454358166357831,
        -5.171544301333529e-05,
        -6.3479717996629e-05,
        -0.00013824005372455636,
        -1.9363406299459718e-05,
        1.0048199299118339e-05,
        8.006829286132937e-06,
        -3.4113712479277904e-05,
        0.20754927909645948
      ],
      [
        0.0982408129572325,
        0.09313119492610286,
        -0.008470039301844036,
        0.01109831827285738,
        -2.6286677241351112e-05,
        -7.01682577184453e-05,
        4.654642641160954e-13,
        2.5887119143012532e-17,
        4.2812040465184797e-26,
        2.446671194002194e-09,
        0.0006209590903929503,
        0.12640043119005406
      ],
      [
        0.21801701543981128,
        0.24681805249267588,
        -0.02231425718985526,
        -0.09381660411232408,
        3.4099800124477504e-05,
        5.055956543413534e-05,
        0.0001307003019472789,
        2.6258101459259016e-05,
        3.92889411954931e-15,
        7.031647108842112e-05,
        -9.747034447618715e-05,
        0.20392958977337575
      ]
    ],
    "weights": [
      [
        0.12004878635818392,
        0.1249800664372763,
        -0.012659681809753324,
        0.02070865877426878,
        -1.2825946732152375e-05,
        -1.5071332900609192e-05,
        2.31871703536428e-35,
        7.219849867289218e-15,
        6.860516533259727e-07,
        6.799968318059125e-08,
        1.7514328037570332e-05,
        0.12403747459238824
      ],
      [
        0.25679303585436086,
        0.2044429277295417,
        -0.037708794573878525,
        -0.034520747178816855,
        -5.1511240707657625e-05,
        -1.3860859745692556e-05,
        -7.177411982799605e-06,
        -4.377597289978531e-06,
        1.0611411841255012e-05,
        1.4151572215074335e-05,
        -0.0002474659326395772,
        0.20813720864339244
      ],
      [
        0.0987915026785327,
        0.09368188464740307,
        -0.008501592070177331,
        0.011066765504524085,
        -1.0931516783531842e-05,
        -5.843041294439456e-05,
        2.416686551271509e-14,
        1.3440570524330907e-18,
        2.2227975464706795e-27,
        1.2703096297106382e-10,
        0.000439225257518673,
        0.12691956814302097
      ],
      [
        0.21887025883484224,
        0.24798486303008174,
        -0.02180715849079413,
        -0.093623072555638,
        -6.365265003069699e-05,
        7.053382169949365e-05,
        0.0009164795178013237,
        1.3633184231450808e-06,
        1.4844679339506934e-05,
        3.4888196780749914e-05,
        -0.00018573659699340828,
        0.20528993186746794
      ]
    ]
  },
  "cues": [
    [
      7,
      9
    ],
    [
      5,
      4
    ],
    [
      2,
      2
    ],
    [
      0,
      5
    ],
    [
      8,
      7
    ]
  ],
  "env": {
    "delay": 0,
    "grid_size": 10,
    "max_steps": 200,
    "noise": 0.3,
    "num_cues": 5,
    "reward_sparse_prob": 1.0
  },
  "seed": 9
}