{
  "agent": {
    "action_size": 4,
    "cue_exploration_bias": 0.3333333333333333,
    "cue_regularization": 0.01666666666666667,
    "epsilon": 0.05,
    "state_size": 11,
    "target_weights": [
      [
        0.0346588113222372,
        0.005137605711154734,
        -0.04606272164073938,
        -0.03699601368350118,
        -2.2569420891035424e-05,
        -1.950794072546823e-05,
        5.918399329501977e-184,
        1.3805022433613122e-07,
        1.6464484038504845e-16,
        9.044562591876611e-109,
        9.085877150159332e-211,
        -0.010183514154985205
      ],
      [
        0.033909312713783404,
        0.06150530869681879,
        -0.056148943633509196,
        -0.02143748023523819,
        3.2993552655233745e-07,
        -1.5058971058282667e-05,
        -1.7840448354264924e-07,
        -1.8182248522831485e-05,
        3.839152457337028e-08,
        6.6806847591503404e-06,
        1.7876258082385454e-123,
        -0.009577579926944906
      ],
      [
        0.033586804847422345,
        0.0265176055599261,
        -0.05479862861019047,
        -0.02155136813158327,
        -9.72579931749071e-06,
        4.725340639557658e-06,
        5.565709568137651e-38,
        -1.0980353476612178e-09,
        3.0804026914452396e-12,
        8.413108181759533e-08,
        1.43e-322,
        -0.015583012820629844
      ],
      [
        0.02062767062454193,
        0.13052933382464177,
        -0.05652629627359645,
        -0.16648781643420468,
        0.0001590711636821086,
        0.00014785986154250023,
        6.053809020546837e-07,
        4.9796456019637717e-05,
        -4.695780482716555e-05,
        -1.0195781129596984e-05,
        3.4287744509267623e-05,
        6.599243733139878e-05
      ]
    ],
    "weights": [
      [
        0.03503150641207234,
        0.005438229718513312,
        -0.04598393598692031,
        -0.03684515694720555,
        -1.7018736390639153e-05,
        1.1949062828957672e-05,
        5.2615522313909277e-185,
        1.227288706726909e-08,
        1.4637191224943093e-17,
        8.040761671829901e-110,
        8.077490978897408e-212,
        -0.009732033411330993
      ],
      [
        0.033907167296186515,
        0.06151611234096945,
        -0.0561093406695435,
        -0.02141082633302004,
        -2.435310137860628e-07,
        2.1038574859676417e-06,
        -1.586044564101693e-08,
        -3.5053013935036894e-06,
        3.4130683068070988e-09,
        3.6374794275825866e-06,
        1.5892281065497145e-124,
        -0.009540122380576093
      ],
      [
        0.03380032313123474,
        0.0266992526648727,
        -0.05479862861019047,
        -0.02151949695271747,
        -7.916958056000595e-06,
        -6.2787885112590314e-06,
        4.948005358734841e-39,
        -9.761710915372032e-11,
        2.738527556591921e-13,
        7.479388541089709e-09,
        1.43e-322,
        -0.01536949453681745
      ],
      [
        0.019484239742223707,
        0.12939824056230276,
        -0.05656301799891989,
        -0.1665368757795073,
        8.96535230028583e-05,
        6.8099778814303e-05,
        5.38193362548131e-08,
        0.00013532929674685043,
        -6.012825404725419e-06,
        -4.468078854361183e-06,
        -1.644875062591403e-05,
        -0.0011141601703102287
      ]
    ]
  },
  "cues": [
    [
      7,
      4
    ],
    [
      8,
      5
    ],
    [
      2,
      6
    ],
    [
      0,
      5
    ],
    [
      7,
      9
    ]
  ],
  "env": {
    "delay": 0,
    "grid_size": 10,
    "max_steps": 200,
    "noise": 0.3,
    "num_cues": 5,
    "reward_sparse_prob": 1.0
  },
  "seed": 12
}