{
  "agent": {
    "action_size": 4,
    "cue_exploration_bias": 0.05555555555555555,
    "cue_regularization": 0.02361111111111111,
    "epsilon": 0.05,
    "state_size": 11,
    "target_weights": [
      [
        0.0564859387873089,
        0.05189828155742258,
        -0.009766447249020604,
        -0.029258018218728414,
        -7.102785963011138e-12,
        1.9931839816686912e-07,
        6.547453061589993e-11,
        6.145767213179113e-08,
        -1.04e-322,
        8.851987723456335e-153,
        1.4031264842778164e-11,
        0.045361580195957166
      ],
      [
        0.2152128451587901,
        0.19447128080321774,
        -0.07774002865909768,
        0.009112266377311782,
        -0.00025546641988008603,
        0.00022759271738097668,
        3.0139093779296092e-12,
        -0.00026883990167492656,
        2.19387991525635e-14,
        5.9778516700714974e-89,
        -7.384523527615175e-05,
        0.17634717315024986
      ],
      [
        0.0452516424165329,
        0.07428795989282275,
        -0.016741147241784163,
        -0.0260546206839759,
        -9.875433297271416e-05,
        0.00011193686226759617,
        1.04e-322,
        6.369873529526253e-07,
        1.04e-322,
        1.6950434084404683e-248,
        1.1829552896919854e-21,
        0.06170598680243341
      ],
      [
        0.15972677063355764,
        0.2368852761405911,
        -0.01162705372803698,
        -0.032884279365308314,
        4.5490771283685634e-05,
        -6.0156057070963276e-05,
        -1.5231647708545584e-07,
        0.0012113641767240052,
        -2.685226007745835e-06,
        -5.007879594363034e-218,
        2.9664903745503644e-05,
        0.17658722532116947
      ]
    ],
    "weights": [
      [
        0.0564859387873089,
        0.05189828155742258,
        -0.009766447249020604,
        -0.029258018218728414,
        -4.846118004705849e-12,
        1.3599177605178796e-07,
        4.467223189882843e-11,
        4.193159317994149e-08,
        -1.04e-322,
        6.03957057237452e-153,
        9.573309056120968e-12,
        0.045361580195957166
      ],
      [
        0.21506648708373047,
        0.19430373726851316,
        -0.07770748481933379,
        0.009165995676720624,
        -0.0001848147677046626,
        0.00015740387482653394,
        2.056342479837947e-12,
        -0.0002932259095596656,
        1.496849407099284e-14,
        4.0785932109818485e-89,
        -5.038343068439965e-05,
        0.17623335891495415
      ],
      [
        0.0452516424165329,
        0.07428795989282275,
        -0.016741147241784163,
        -0.0260546206839759,
        -6.737851225618244e-05,
        7.637274253373497e-05,
        1.04e-322,
        4.3460634967592037e-07,
        1.04e-322,
        1.156501184630789e-248,
        8.0711159789869705e-22,
        0.06170598680243341
      ],
      [
        0.15974724566506424,
        0.23689507721309952,
        -0.011580950778203572,
        -0.032827502456476795,
        3.394501401644697e-05,
        -3.874675233642643e-05,
        -1.0392311212265032e-07,
        0.0008264945301250764,
        -1.8320870388898547e-06,
        -3.416796675843133e-218,
        2.0239892472841188e-05,
        0.17665380330250946
      ]
    ]
  },
  "cues": [
    [
      1,
      2
    ],
    [
      8,
      9
    ],
    [
      2,
      3
    ],
    [
      2,
      7
    ],
    [
      6,
      3
    ]
  ],
  "env": {
    "delay": 1,
    "grid_size": 10,
    "max_steps": 200,
    "noise": 0.0,
    "num_cues": 5,
    "reward_sparse_prob": 1.0
  },
  "seed": 28
}