{
  "agent": {
    "action_size": 4,
    "cue_exploration_bias": 0.3,
    "cue_regularization": 0.017499999999999998,
    "epsilon": 0.05,
    "state_size": 11,
    "target_weights": [
      [
        -0.01727156491232281,
        -0.027206382561458915,
        -0.039500867591299636,
        -0.05364527814175761,
        -3.777597454247055e-06,
        5.49280579544596e-06,
        1.578113961382635e-05,
        4.347547184439749e-10,
        2.7792964769084507e-08,
        3.6691238413075526e-30,
        -1.4e-322,
        -0.05813034384595245
      ],
      [
        0.006154151210985756,
        0.02113544146427701,
        -0.0749590978320894,
        -0.023829657404542178,
        4.482540036989597e-06,
        3.921186258906296e-07,
        6.157832981989461e-06,
        -0.0001315180600400726,
        2.211856630695577e-06,
        1.8871644103647532e-13,
        -8.105711069684549e-07,
        -0.029930589970544784
      ],
      [
        -0.031806921218717386,
        -0.011491243195039257,
        -0.05333839290743253,
        -0.05393122689701285,
        -4.0282245612308515e-06,
        2.240711799047753e-05,
        3.650574212423401e-11,
        4.46174276273681e-06,
        8.458598442688818e-13,
        5.4071886571059765e-177,
        1.4e-322,
        -0.05194982249846602
      ],
      [
        -0.002672706352137107,
        0.03547127558795031,
        -0.05713483082768589,
        -0.039377532898011575,
        2.2267310062387575e-05,
        -4.6630621114629956e-05,
        -1.4193399924379372e-05,
        0.0002646770855573354,
        -1.8587720298511425e-05,
        -1.6991463768354302e-08,
        2.039773888902802e-18,
        -0.03132002876417376
      ]
    ],
    "weights": [
      [
        -0.017172739041521834,
        -0.027124027669124768,
        -0.039451454655899144,
        -0.05357939422789029,
        -5.229525564402802e-07,
        -7.850013201544568e-06,
        2.1846656253204175e-06,
        6.018536760160626e-11,
        3.8475253525774e-09,
        5.079359873431017e-31,
        -1.4e-322,
        -0.05798210503975098
      ],
      [
        0.006177798245687154,
        0.021244924040150576,
        -0.07469302892619366,
        -0.023649424039818644,
        1.4337586674488627e-05,
        -1.9612457459426257e-05,
        1.2665688539499706e-05,
        -4.3429168466780504e-05,
        1.2872279392012606e-05,
        2.6125003121066226e-14,
        -1.1221159419440332e-07,
        -0.02964087402994769
      ],
      [
        -0.031727233886024435,
        -0.011395618395807714,
        -0.053274643041278165,
        -0.05388341449739708,
        -2.8710170537963225e-05,
        1.2486108558289042e-05,
        5.053680652806067e-12,
        6.176623666793533e-07,
        1.170967985096645e-13,
        7.485453825180196e-178,
        1.4e-322,
        -0.0518063852996187
      ],
      [
        -0.0031607430062303896,
        0.03503257138563098,
        -0.0571535146933204,
        -0.039445549215419984,
        2.035524300441726e-05,
        -3.397488498471615e-05,
        3.264216189819312e-06,
        3.090996048107414e-05,
        -1.7450803425119171e-06,
        -2.3522171229052704e-09,
        2.8237655882645293e-19,
        -0.03182674928390153
      ]
    ]
  },
  "cues": [
    [
      1,
      2
    ],
    [
      8,
      9
    ],
    [
      2,
      3
    ],
    [
      2,
      7
    ],
    [
      6,
      3
    ]
  ],
  "env": {
    "delay": 0,
    "grid_size": 10,
    "max_steps": 200,
    "noise": 0.0,
    "num_cues": 5,
    "reward_sparse_prob": 0.1
  },
  "seed": 28
}