{
  "agent": {
    "action_size": 4,
    "cue_exploration_bias": 0.8177777777777777,
    "cue_regularization": 0.0045555555555555575,
    "epsilon": 0.05,
    "state_size": 11,
    "target_weights": [
      [
        0.0015509592781718265,
        0.025983973438882504,
        -0.013040625208596621,
        -0.02150511861436493,
        3.868860983541559e-06,
        -1.2890401793181276e-05,
        1.048490066081006e-05,
        3.991508171652871e-06,
        -5.8053497623799204e-05,
        7.270763087319437e-94,
        -1.3452719200995272e-80,
        -0.05978302367855988
      ],
      [
        0.015924146118993045,
        0.001224685291494314,
        -0.021721130525153842,
        -0.018560622885865335,
        6.0350543053011423e-05,
        2.4026808196855777e-05,
        -5.026846513292112e-05,
        -5.898920856829023e-05,
        -0.00023390388928134053,
        -4.70843616540665e-69,
        5.83099640640008e-06,
        -0.02824073372331214
      ],
      [
        -0.02298350695047904,
        -0.011717313222155013,
        -0.04028078940202127,
        -0.02881438745399103,
        -9.689332050506331e-06,
        -2.8907542172969818e-06,
        5.238553834650328e-38,
        1.2043938694208556e-07,
        3.820815177078342e-06,
        -1.5327554426771821e-78,
        1.056088959538817e-102,
        -0.029748110677583522
      ],
      [
        -0.005749285320495999,
        0.04411117869480453,
        -0.047191452669765634,
        -0.0363247852191958,
        0.00021334520963407479,
        5.1231625884953346e-05,
        0.00021563607357564932,
        -0.0001122790128163207,
        -1.8383269617759534e-06,
        1.212955500900313e-113,
        7.835161075517399e-64,
        -0.04047942548424502
      ]
    ],
    "weights": [
      [
        0.001667443174197321,
        0.025779805942186665,
        -0.013351164226254748,
        -0.021495006239301725,
        -4.089663944261988e-06,
        -1.327303676722856e-06,
        2.6376401763442803e-05,
        1.2402121266263234e-06,
        -0.0001295488748843301,
        2.2591181485635276e-94,
        -4.1799301847011464e-81,
        -0.0599770788001925
      ],
      [
        0.01799396103128485,
        0.002371927124386271,
        -0.02251812221495683,
        -0.01843504149626848,
        6.703533540337273e-05,
        -0.0003463931765440822,
        -4.424666028955059e-05,
        -9.201588578421562e-05,
        -0.00028550276804058185,
        -1.4629707315280717e-69,
        1.8117644114799034e-06,
        -0.026967910500823318
      ],
      [
        -0.022897353286474492,
        -0.011631159558150465,
        -0.0402700201940207,
        -0.02880361824599046,
        -1.7741647684768412e-05,
        -8.981939360287726e-07,
        1.6276850033424354e-38,
        3.7422042442458694e-08,
        1.1871756520163209e-06,
        -4.7624652272065026e-79,
        3.2814021119086025e-103,
        -0.029651187805578405
      ],
      [
        -0.004105059956010209,
        0.045336045393462844,
        -0.04704230103621282,
        -0.03575627491981551,
        -0.00030633582284121815,
        -3.554036830524023e-05,
        0.00014941203557591995,
        -9.492280550156279e-05,
        -5.711914626381837e-07,
        3.768806317266636e-114,
        2.4344837495104827e-64,
        -0.038686048486206395
      ]
    ]
  },
  "cues": [
    [
      9,
      4
    ],
    [
      5,
      8
    ],
    [
      0,
      7
    ],
    [
      3,
      0
    ],
    [
      2,
      1
    ]
  ],
  "env": {
    "delay": 5,
    "grid_size": 10,
    "max_steps": 200,
    "noise": 0.16,
    "num_cues": 5,
    "reward_sparse_prob": 0.18
  },
  "seed": 5
}