{
  "agent": {
    "action_size": 4,
    "cue_exploration_bias": 0.0,
    "cue_regularization": 0.025,
    "epsilon": 0.05,
    "state_size": 11,
    "target_weights": [
      [
        0.09440061305318619,
        0.1144543471103517,
        0.023384650227674966,
        0.038821140847882504,
        -0.0004924793189836833,
        -0.00011743774657508373,
        3.2897909392391363e-46,
        1.5650370292758258e-278,
        1.8371444119871744e-236,
        2.776453218091988e-187,
        7.391429408260638e-34,
        0.1040342905264705
      ],
      [
        0.23965184994747946,
        0.20897458037891822,
        -0.020709977865741348,
        0.004427444422809996,
        -0.0002939282062264274,
        3.51311213468765e-05,
        -3.7680715894114007e-08,
        -1.9839549590364617e-09,
        -5.738417757533009e-12,
        2.2480287903370473e-122,
        -2.5009088841969785e-06,
        0.2256880853938706
      ],
      [
        0.11514559557163304,
        0.11415170134330335,
        0.02095767308641907,
        0.048212257534060984,
        -0.000720403303555272,
        -0.0001374282493067932,
        7.790628318602081e-244,
        1.4478044576014343e-158,
        7.588675149073248e-264,
        6.934833231069473e-127,
        9.047005273116638e-40,
        0.1007829880990198
      ],
      [
        0.2070317835108299,
        0.28825868930474957,
        0.02380247157100494,
        -0.07639304667420402,
        0.0003617079687317087,
        1.8420602742294643e-05,
        8.606617576898407e-10,
        3.414896352732816e-34,
        9.62458349576749e-46,
        -2.7243992268960274e-120,
        2.1146660500676024e-05,
        0.18387636342329639
      ]
    ],
    "weights": [
      [
        0.09617130338669266,
        0.11654904564818802,
        0.02401091689175907,
        0.03912339930763677,
        -0.00011444506222238204,
        -4.66635949849704e-05,
        2.957105896032056e-50,
        1.406770312234617e-282,
        1.6513604277255654e-240,
        2.4956802219097505e-191,
        6.643960022677752e-38,
        0.10643124752406108
      ],
      [
        0.24207418940974063,
        0.21104513897192553,
        -0.020495644660480372,
        0.004993558497324667,
        -0.0007079772063520895,
        3.5416822088779925e-05,
        -3.387019698065201e-12,
        -2.1064967236526225e-06,
        -7.76146363398063e-08,
        2.0206935070144517e-126,
        -1.4033922608640311e-05,
        0.22832475806139269
      ],
      [
        0.11514559557163304,
        0.11415170134330335,
        0.02095767308641907,
        0.048212257534060984,
        -6.475514389242529e-08,
        -1.2353061146203786e-08,
        7.00278934443801e-248,
        1.3013930602121748e-162,
        6.821258992094667e-268,
        6.233537818770181e-131,
        8.13211329494201e-44,
        0.1007829880990198
      ],
      [
        0.20904412799353242,
        0.29109030930579055,
        0.024217011414695476,
        -0.07679778234885186,
        0.00013801493129701774,
        3.0281403917574617e-06,
        7.736260465057299e-14,
        3.069559836936054e-38,
        8.651283053496813e-50,
        -2.448890268651144e-124,
        1.9008172738903612e-09,
        0.18630324774968943
      ]
    ]
  },
  "cues": [
    [
      4,
      4
    ],
    [
      2,
      3
    ],
    [
      2,
      2
    ],
    [
      1,
      8
    ],
    [
      3,
      4
    ]
  ],
  "env": {
    "delay": 0,
    "grid_size": 10,
    "max_steps": 200,
    "noise": 0.0,
    "num_cues": 5,
    "reward_sparse_prob": 1.0
  },
  "seed": 13
}