{
  "agent": {
    "action_size": 4,
    "cue_exploration_bias": 0.5666666666666667,
    "cue_regularization": 0.010833333333333334,
    "epsilon": 0.05,
    "state_size": 11,
    "target_weights": [
      [
        0.02296435164412068,
        0.011395817794030521,
        -0.005600766019259502,
        -0.015102293050366044,
        8.728559722718922e-06,
        -3.3647875130842364e-05,
        0.00012031751013801357,
        9.97683493391797e-17,
        1.4079480493356527e-21,
        1.4627232980983951e-98,
        2.2409619884524583e-30,
        -0.017027746869679804
      ],
      [
        0.0700901643193454,
        0.05200493459138758,
        -0.034858295341781816,
        -0.012728114571587703,
        3.3439265648821005e-05,
        4.3440151528180544e-05,
        -0.00019943227102680203,
        -1.2940024626021162e-05,
        -9.858801708709069e-05,
        -3.040574510680184e-12,
        -1.5603167395677207e-05,
        0.021758394085709704
      ],
      [
        0.008356870183673705,
        0.01813817755206893,
        -0.04106109415434064,
        -0.021707204150788438,
        -4.179139921158379e-05,
        -3.6296724212136155e-08,
        2.3038647532056273e-08,
        8.276657787807844e-08,
        1.2689502133439433e-09,
        -7.565297317402279e-195,
        8.930150330082115e-05,
        0.0007680988878035962
      ],
      [
        0.06482824904417236,
        0.09006975042715797,
        -0.011647012817109401,
        -0.04495074340820353,
        -0.00022106304245803342,
        1.6090909870255213e-05,
        -6.753638929307858e-05,
        7.688258289237263e-06,
        0.00042384050298179687,
        4.328061011809934e-05,
        -0.00015638489175197285,
        -0.003900256867938143
      ]
    ],
    "weights": [
      [
        0.023182570555550047,
        0.011641314069388559,
        -0.005573488655330831,
        -0.015102293050366044,
        7.332535163037156e-06,
        -2.8266316024189524e-05,
        0.00010107422093014575,
        8.381164280558221e-17,
        0.00020849085053824878,
        1.2287789002787746e-98,
        1.882547992034454e-30,
        -0.016782250594321767
      ],
      [
        0.07009245076684244,
        0.052012349763734624,
        -0.034845395048954106,
        -0.01272034300361001,
        2.9778260895852873e-05,
        3.2356486714470816e-05,
        -0.00016187664406645984,
        -1.0870428638289833e-05,
        -8.282009001595271e-05,
        -2.5542724371085674e-12,
        -1.3107634846762482e-05,
        0.021773580826034446
      ],
      [
        0.008409777272012465,
        0.01826162742485937,
        -0.04095527997766312,
        -0.0216719327585626,
        2.6791991561640048e-05,
        -3.049151464196506e-08,
        1.9353902419653726e-08,
        6.952909321747977e-08,
        1.065997410233633e-09,
        -6.355322110507742e-195,
        7.501883860186034e-05,
        0.0009268201528198745
      ],
      [
        0.06475581553439141,
        0.08997526999147265,
        -0.01168111880369346,
        -0.04496280246888321,
        -0.00019328165968275038,
        2.0310580893660322e-05,
        -5.673478385982874e-05,
        4.745693084730722e-06,
        0.00035605248636201136,
        3.6358414864555625e-05,
        -0.00013137307346989288,
        -0.00400679636430316
      ]
    ]
  },
  "cues": [
    [
      7,
      8
    ],
    [
      7,
      7
    ],
    [
      8,
      9
    ],
    [
      3,
      2
    ],
    [
      8,
      7
    ]
  ],
  "env": {
    "delay": 3,
    "grid_size": 10,
    "max_steps": 200,
    "noise": 0.1,
    "num_cues": 5,
    "reward_sparse_prob": 0.3
  },
  "seed": 11
}