{
  "agent": {
    "action_size": 4,
    "cue_exploration_bias": 0.5666666666666667,
    "cue_regularization": 0.010833333333333334,
    "epsilon": 0.05,
    "state_size": 11,
    "target_weights": [
      [
        0.011746487917984142,
        0.01591490100635508,
        -0.034314384396042875,
        -0.006069029269283081,
        -1.0313160492890217e-05,
        -2.424228313909615e-05,
        2.2898431149996936e-80,
        1.5857197152239254e-08,
        1.0560445269715311e-10,
        0.00015866279630279633,
        1.2567015715550762e-124,
        -0.000827273645109998
      ],
      [
        0.08016898953096459,
        0.03176124925246298,
        -0.043784824000991866,
        -0.046290681268232284,
        -1.884261315906001e-05,
        7.724883726291859e-05,
        4.5141452572053877e-85,
        -0.00013031317807058476,
        -1.6914750923504016e-05,
        -0.0005342776243167344,
        3.1828628680560327e-98,
        0.013318364996738117
      ],
      [
        0.02737829934631449,
        -0.00030074179491359896,
        -0.02857896987518862,
        -0.04068197211552704,
        -1.1165430873828777e-05,
        5.210895042725695e-06,
        1.2972472335944196e-98,
        -2.6077600661975027e-25,
        6.456338645489926e-65,
        6.399725291730582e-05,
        6.715290064939802e-136,
        0.01492683898371737
      ],
      [
        0.04013458503007214,
        0.03839652546481497,
        -0.012520021143742888,
        -0.05280561775296736,
        -4.791676669915597e-05,
        -5.835609696716169e-05,
        -7.395006534573894e-71,
        3.648000750671154e-05,
        -1.7538374848350792e-05,
        -4.527746608497638e-05,
        -9.700918087338842e-103,
        0.03182887909832829
      ]
    ],
    "weights": [
      [
        0.011917356099961937,
        0.01599804720982601,
        -0.03429817362021107,
        -0.005965096514944417,
        -7.674400478324414e-06,
        -4.3005513551541854e-05,
        1.3575018430400005e-80,
        9.400720171004515e-09,
        6.260614023316396e-11,
        9.406104592582756e-05,
        7.450181579524973e-125,
        -0.0006401946873004021
      ],
      [
        0.07987055284160341,
        0.03149199616960365,
        -0.043827361212831664,
        -0.04636240208657399,
        6.8565880725777515e-06,
        4.848788945776308e-05,
        2.6761486261941614e-85,
        -0.00010374636533591547,
        -1.0027676307956284e-05,
        -0.0004872517674671863,
        1.886916261304751e-98,
        0.012977391095537106
      ],
      [
        0.02737829934631449,
        -0.00030074179491359896,
        -0.02857896987518862,
        -0.04068197211552704,
        -6.619271377270891e-06,
        3.089207106832328e-06,
        7.690550933150725e-99,
        -1.5459745136599441e-25,
        3.827551133582409e-65,
        3.7939886892535565e-05,
        3.981066903662177e-136,
        0.01492683898371737
      ],
      [
        0.04241144432847031,
        0.0403492644688912,
        -0.012478029743122555,
        -0.05243950605802509,
        -0.00044165901674348307,
        0.0001557131063376773,
        -4.38402741839292e-71,
        4.9250588116080607e-05,
        -1.0397383132759192e-05,
        -3.0229984638791184e-05,
        -5.751055212681815e-103,
        0.0341477297973468
      ]
    ]
  },
  "cues": [
    [
      3,
      9
    ],
    [
      8,
      2
    ],
    [
      5,
      9
    ],
    [
      7,
      9
    ],
    [
      1,
      9
    ]
  ],
  "env": {
    "delay": 3,
    "grid_size": 10,
    "max_steps": 200,
    "noise": 0.1,
    "num_cues": 5,
    "reward_sparse_prob": 0.3
  },
  "seed": 3
}