{
  "agent": {
    "action_size": 4,
    "cue_exploration_bias": 0.5666666666666667,
    "cue_regularization": 0.010833333333333334,
    "epsilon": 0.05,
    "state_size": 11,
    "target_weights": [
      [
        -0.048495906650411376,
        -0.06492793648793148,
        -0.05373037540309056,
        -0.06816874210615789,
        5.0628166108154694e-05,
        -4.9153943373926486e-06,
        0.00048558448974278696,
        -3.0908177844553254e-16,
        -7.033717761025162e-83,
        2.211205483501402e-10,
        5.271335182317187e-51,
        -0.08402690125421
      ],
      [
        -0.028581996490487115,
        -0.061702618392553484,
        -0.03334831758064578,
        -0.07276595786300612,
        -1.0331575057361911e-05,
        2.010823264498971e-05,
        6.66070389921935e-09,
        -1.1747648726535725e-08,
        3.6247056193694617e-32,
        -1.4081708164390734e-07,
        1.3631236751756718e-16,
        -0.09726312702403717
      ],
      [
        -0.034298765827983704,
        -0.05115277959209914,
        -0.04300524143556013,
        -0.06107670424874611,
        1.5122912451252192e-06,
        -1.3597761044637625e-05,
        1.781343032906397e-06,
        2.5350767798390353e-05,
        1.4303421477321986e-34,
        8.304784370968101e-06,
        3.435228363383112e-08,
        -0.11010948039627098
      ],
      [
        -0.055318852850462855,
        -0.04800695298903423,
        -0.040198488922201625,
        -0.05420129535586842,
        4.649829109532749e-06,
        3.956308464948925e-06,
        5.645568976725031e-06,
        -2.9927982342945494e-18,
        -5.035828296744e-06,
        2.2060545290103313e-81,
        -1.1276500783287839e-05,
        -0.09474294863306136
      ]
    ],
    "weights": [
      [
        -0.048465829527206884,
        -0.06486129164017485,
        -0.05370393881023854,
        -0.06817887323785803,
        1.046929806964192e-05,
        -7.654817068831298e-06,
        9.639648740883008e-05,
        -6.439875940847955e-17,
        -1.4655108434974654e-83,
        4.6071590066190704e-11,
        1.0983094761353585e-51,
        -0.08397038753815352
      ],
      [
        -0.028212492308024802,
        -0.06119076840642951,
        -0.03317857074284317,
        -0.07273855682886518,
        -1.0793559695648228e-05,
        -4.851628616428716e-05,
        1.3877915095940794e-09,
        -1.0698186185715942e-05,
        7.552258379070809e-33,
        -6.129539080136251e-07,
        3.5342989001338685e-05,
        -0.09672387600377225
      ],
      [
        -0.03423467458961381,
        -0.05105729052070911,
        -0.04297168019555187,
        -0.06107454084175799,
        -9.752544213320513e-07,
        -1.2658993085114866e-05,
        3.711518743584756e-07,
        5.281961312890741e-06,
        2.9801905601447876e-35,
        1.7303440317156172e-06,
        7.1574728862794784e-09,
        -0.11001182791789281
      ],
      [
        -0.05532699432614073,
        -0.048024802245397236,
        -0.04021127184996172,
        -0.05420437050294338,
        1.4254838063743705e-05,
        8.791173997092151e-07,
        2.4722556749480453e-05,
        -6.235647226367348e-19,
        -1.6263412031287605e-05,
        4.5964267311461305e-82,
        4.479780724258137e-06,
        -0.09476387303649936
      ]
    ]
  },
  "cues": [
    [
      9,
      0
    ],
    [
      6,
      7
    ],
    [
      3,
      7
    ],
    [
      7,
      4
    ],
    [
      2,
      0
    ]
  ],
  "env": {
    "delay": 3,
    "grid_size": 10,
    "max_steps": 200,
    "noise": 0.1,
    "num_cues": 5,
    "reward_sparse_prob": 0.3
  },
  "seed": 10
}