{
  "agent": {
    "action_size": 4,
    "cue_exploration_bias": 0.0,
    "cue_regularization": 0.025,
    "epsilon": 0.05,
    "state_size": 11,
    "target_weights": [
      [
        0.1282688522905791,
        0.09318673995718876,
        0.025843707234682038,
        0.01541336654997665,
        4.309833120506389e-05,
        -7.216280467866038e-05,
        3.825088845265101e-198,
        9.4e-323,
        1.0829848994188695e-139,
        5.391521754926635e-174,
        1.901503445983879e-09,
        0.12150834485862565
      ],
      [
        0.3083772696762039,
        0.2057770247172489,
        -0.0353439441998367,
        0.015800177040516603,
        8.585516316654448e-05,
        -0.00043852640523813,
        -3.433750057546712e-150,
        1.0432070137230299e-21,
        -3.925823374054245e-106,
        4.662593933500961e-176,
        4.814458185494001e-07,
        0.21842632847972898
      ],
      [
        0.11075715178580013,
        0.0708803764645014,
        0.018918911181597556,
        0.018745425597320963,
        3.583886452556997e-05,
        -2.4726530217962414e-05,
        3.085594893392543e-202,
        1.760945009195964e-39,
        4.616156432105302e-144,
        9.4e-323,
        1.9866524732390574e-37,
        0.11236910645925752
      ],
      [
        0.20244068719017003,
        0.2907238350389779,
        0.005912000849006518,
        -0.022507190337347237,
        -0.00024136392010813728,
        9.823330420209085e-05,
        1.4574940685317538e-184,
        -2.3485434034967755e-31,
        5.182130654156083e-109,
        -9.18972543809131e-173,
        -2.5562947499337046e-05,
        0.23464533688203004
      ]
    ],
    "weights": [
      [
        0.1292126484495491,
        0.09400499209169778,
        0.026029807295860904,
        0.015725010635616505,
        4.294473329664848e-06,
        -9.98008644500539e-05,
        1.497036317804965e-199,
        9.4e-323,
        4.238509984078662e-141,
        2.1100957917230656e-175,
        7.441970192647565e-11,
        0.12263824107877454
      ],
      [
        0.31002366632255257,
        0.20710258885263746,
        -0.03549178794749565,
        0.0159731658038179,
        7.172065541744776e-05,
        -0.0003924057152145285,
        -1.3438769007353754e-151,
        4.082830098091493e-23,
        -1.5364610878311547e-107,
        1.824813157547529e-177,
        3.0581587738388392e-06,
        0.21992488137841884
      ],
      [
        0.11102430316416538,
        0.07109409756719359,
        0.019255357025194073,
        0.019135301716590527,
        1.4742847397750086e-05,
        2.7930989259803234e-05,
        1.2076183859520354e-203,
        6.891862487552373e-41,
        1.8066387754848814e-145,
        9.4e-323,
        7.775220455277572e-39,
        0.11297270368121928
      ],
      [
        0.20506421741997993,
        0.29367058543650737,
        0.006658966407472674,
        -0.0220834449466007,
        -0.0004555483129197893,
        0.0001270048448376458,
        5.704237579417931e-186,
        -9.191563676561573e-33,
        2.0281457782307783e-110,
        -3.596609984238255e-174,
        -8.764900941632002e-06,
        0.2380158326703061
      ]
    ]
  },
  "cues": [
    [
      8,
      1
    ],
    [
      5,
      9
    ],
    [
      9,
      4
    ],
    [
      1,
      8
    ],
    [
      5,
      6
    ]
  ],
  "env": {
    "delay": 0,
    "grid_size": 10,
    "max_steps": 200,
    "noise": 0.0,
    "num_cues": 5,
    "reward_sparse_prob": 1.0
  },
  "seed": 29
}