{
  "agent": {
    "action_size": 4,
    "cue_exploration_bias": 0.85,
    "cue_regularization": 0.0037500000000000007,
    "epsilon": 0.05,
    "state_size": 11,
    "target_weights": [
      [
        -0.013669121332863566,
        -0.04131373212391169,
        -0.02694428762715862,
        -0.04438858347296875,
        -9.09822236544286e-06,
        -1.9717299139837732e-05,
        1.8936844140416433e-89,
        2.5911254283685913e-76,
        -9.024551580053076e-06,
        -2.6019883358007637e-06,
        1.4536288930292095e-52,
        -0.06365666243177161
      ],
      [
        -0.028006484736612682,
        -0.03153941424365166,
        -0.04670913961891273,
        -0.013070013772660344,
        -3.653664492942187e-05,
        9.784207687056726e-05,
        -1.1990561258172639e-71,
        -1.8720368055681595e-106,
        4.4354123172905246e-07,
        -7.749988470151915e-05,
        -1.4448106868934734e-62,
        -0.06023833619315427
      ],
      [
        -0.02691922049167178,
        -0.021282796567272434,
        -0.05096652615113283,
        -0.027732048691190385,
        3.06144233069878e-05,
        0.000100324672002221,
        6.95947234663262e-71,
        2.2424936950123264e-69,
        7.942223837177446e-06,
        9.103136088056757e-06,
        6.562329630473394e-79,
        -0.06269243832120708
      ],
      [
        -0.029869596338502176,
        -0.01582829632349005,
        -0.05046263784420102,
        -0.06338751632210592,
        1.9587444230173484e-05,
        0.00039675366777904475,
        4.0321749905288383e-69,
        1.7509589687071651e-71,
        -3.819099459971482e-05,
        4.428549076373279e-06,
        7.876075691526942e-47,
        -0.0574968130618123
      ]
    ],
    "weights": [
      [
        -0.013670203722455889,
        -0.04135069251873741,
        -0.026991513935751922,
        -0.04439993177632866,
        -1.0769280557165795e-05,
        -1.9121887523907708e-05,
        1.4889530599420195e-89,
        2.0373321481950738e-76,
        -1.616612076594767e-05,
        -2.0458733597829547e-06,
        1.1429492539765788e-52,
        -0.06370497112995724
      ],
      [
        -0.02802508650120026,
        -0.0315921831596827,
        -0.04672711987762355,
        -0.01305382687992771,
        -1.4952738752219564e-05,
        0.0001016802195414116,
        -9.427855424798237e-72,
        -1.4719321283453821e-106,
        3.4874452643559764e-07,
        -7.543037732374468e-05,
        -1.1360157359565516e-62,
        -0.060274918216452665
      ],
      [
        -0.026950486712881413,
        -0.02131439921339466,
        -0.05097619487199943,
        -0.027741380987144404,
        3.7513041330541696e-05,
        9.091090048106026e-05,
        5.472045695293261e-71,
        1.7632124045225746e-69,
        6.244756727902051e-06,
        1.0312508355211832e-06,
        5.159783072189698e-79,
        -0.06273337326328333
      ],
      [
        -0.030096903412593697,
        -0.016057856362393628,
        -0.050493852351605466,
        -0.0634164778646983,
        0.0001308091872645865,
        0.00036723355309100617,
        3.170390613056805e-69,
        1.3767318857133095e-71,
        -5.0982459396664895e-05,
        3.4820488828422023e-06,
        6.192746222273184e-47,
        -0.05775533464330828
      ]
    ]
  },
  "cues": [
    [
      5,
      2
    ],
    [
      6,
      0
    ],
    [
      1,
      8
    ],
    [
      1,
      5
    ],
    [
      9,
      0
    ]
  ],
  "env": {
    "delay": 6,
    "grid_size": 10,
    "max_steps": 200,
    "noise": 0.2,
    "num_cues": 5,
    "reward_sparse_prob": 0.1
  },
  "seed": 7
}