{
  "agent": {
    "action_size": 4,
    "cue_exploration_bias": 0.85,
    "cue_regularization": 0.0037500000000000007,
    "epsilon": 0.05,
    "state_size": 11,
    "target_weights": [
      [
        -0.0325071492537503,
        -0.012727401447001428,
        -0.03648116208641112,
        -0.02077068521578692,
        6.421948472941392e-06,
        -1.2270603723757518e-05,
        8.658268150764182e-27,
        2.578224928361641e-22,
        1.850523083493036e-32,
        2.1439520711596103e-06,
        1.110158661519139e-36,
        -0.08273928409455163
      ],
      [
        -0.018676315977078826,
        -0.03573241513199359,
        -0.036898904377611196,
        -0.025382652502706507,
        6.012319814752581e-05,
        2.078187839470467e-05,
        -4.6356681206365654e-29,
        -3.6286882133310946e-06,
        2.7478440400469477e-05,
        -8.115531103719543e-05,
        -2.5815513577371638e-09,
        -0.0488290070425573
      ],
      [
        -0.013164577322709441,
        -0.005289001423560566,
        -0.036378520663072095,
        -0.017993406342908684,
        -4.993666461932734e-05,
        8.819027128712184e-07,
        1.376306787276351e-30,
        3.3618949439835205e-31,
        3.256809653110446e-35,
        6.8672499477950445e-12,
        4.9521659687883895e-37,
        -0.08486337854481406
      ],
      [
        -0.0033591313319493825,
        -0.010556209671052265,
        -0.027594071988866174,
        -0.03936560610104981,
        -0.0008394238112764148,
        -3.2784532820798906e-05,
        4.034919815168415e-09,
        4.392285966381116e-20,
        1.253517516331509e-16,
        -8.141270859333678e-05,
        1.1667925881814143e-05,
        -0.07791109497935274
      ]
    ],
    "weights": [
      [
        -0.03249109170788708,
        -0.012695286355274994,
        -0.036461090154082096,
        -0.020766670829321116,
        -3.780105481286592e-06,
        -8.055998638798452e-06,
        5.684398095414088e-27,
        1.6926776368129145e-22,
        1.214920779555573e-32,
        1.4075652148614896e-06,
        7.288505820404599e-37,
        -0.0827031546163594
      ],
      [
        -0.018705816178037547,
        -0.035783312518295286,
        -0.03688204290778736,
        -0.025344393847539694,
        4.984379991925823e-05,
        1.9304590072221537e-05,
        -3.0434473242310663e-29,
        -2.3823365145938905e-06,
        1.8040373843537294e-05,
        -7.511267715710453e-05,
        -2.6812390812564063e-05,
        -0.048841645773692176
      ],
      [
        -0.013144775250797701,
        -0.005261420940348944,
        -0.036369934323080125,
        -0.0179925984142166,
        -4.623499396964741e-05,
        -1.2129998809355346e-06,
        9.035843593743017e-31,
        2.207179182233516e-31,
        2.1381877145527392e-35,
        4.5085439540854704e-12,
        3.2512371193621027e-37,
        -0.08483499013291033
      ],
      [
        -0.0015396125963395898,
        -0.008458701905340316,
        -0.02740450089052328,
        -0.039454024032809044,
        -0.0021714911601438363,
        -0.00021925210480397745,
        2.649039058748433e-09,
        2.883660051532039e-20,
        8.229697277017388e-17,
        -6.713504794164494e-05,
        7.660323578008278e-06,
        -0.07590200514540005
      ]
    ]
  },
  "cues": [
    [
      4,
      4
    ],
    [
      2,
      3
    ],
    [
      2,
      2
    ],
    [
      1,
      8
    ],
    [
      3,
      4
    ]
  ],
  "env": {
    "delay": 6,
    "grid_size": 10,
    "max_steps": 200,
    "noise": 0.2,
    "num_cues": 5,
    "reward_sparse_prob": 0.1
  },
  "seed": 13
}