{
  "agent": {
    "action_size": 4,
    "cue_exploration_bias": 0.8177777777777777,
    "cue_regularization": 0.0045555555555555575,
    "epsilon": 0.05,
    "state_size": 11,
    "target_weights": [
      [
        -0.007204455400269734,
        -0.01446149423941845,
        -0.017698195001848997,
        -0.031511217043897116,
        5.386918246607192e-06,
        -1.1011967783915788e-05,
        9.806700349123984e-07,
        3.316260425502602e-08,
        1.0832875124011642e-06,
        -2.551918338475945e-71,
        6.13770571486271e-13,
        -0.05929398289666039
      ],
      [
        0.013984805464876971,
        -0.005634370403394566,
        -0.03844925018901086,
        -0.01478512327850255,
        -0.0003906442942915312,
        0.00015172081468275408,
        -0.00013473562854770987,
        -2.5800335854652734e-05,
        -5.383883807352661e-05,
        -5.065935863897137e-06,
        -0.00010184590201377019,
        -0.037937919615987456
      ],
      [
        -0.0257855431197028,
        -0.015282049185880947,
        -0.04399986296528039,
        -0.025368159527155442,
        -1.7037441926238984e-05,
        -4.596010756018313e-08,
        1.0903700606281178e-10,
        4.4688593968132567e-13,
        5.538639725583232e-07,
        2.9005523263645544e-38,
        1.2011331307604524e-05,
        -0.03631308322651312
      ],
      [
        0.013851072026906927,
        0.014706929628098437,
        -0.022774313860461134,
        -0.03169240066976005,
        5.077621354974273e-05,
        1.5700744771773413e-05,
        -7.670244621458003e-05,
        4.904586444236567e-06,
        0.000134695571504819,
        3.241035141401722e-08,
        -0.0001363165802869599,
        -0.06600473492855441
      ]
    ],
    "weights": [
      [
        -0.006979624734434733,
        -0.014110079976711305,
        -0.017519252759663095,
        -0.03145885839858335,
        2.6951534004930363e-05,
        -3.584653289680681e-05,
        6.656395859157104e-05,
        8.27608385469135e-09,
        2.703460265794198e-07,
        -6.368586133084131e-72,
        1.5317303424360465e-13,
        -0.058890209988639475
      ],
      [
        0.015421436714597041,
        -0.0047799386714939595,
        -0.03875097463526766,
        -0.014504648206939892,
        -0.00046903664786834896,
        0.00014328667527827471,
        -0.0001892444226703306,
        -4.399472191031129e-05,
        -2.7590319159476552e-05,
        -1.2642586718968787e-06,
        -8.017344215260124e-05,
        -0.03680301281252422
      ],
      [
        -0.025372865812552,
        -0.01492391524772397,
        -0.043982646802887805,
        -0.025296399995769034,
        -3.267453303861513e-05,
        -3.1957523987375093e-06,
        2.7211355251255755e-11,
        1.1152518305991196e-13,
        1.382226994519116e-07,
        7.238639671754655e-39,
        9.989811691904215e-05,
        -0.035883189756969726
      ],
      [
        0.01883800458127663,
        0.01967206688578897,
        -0.022693974456314166,
        -0.031590265968933884,
        -0.0003851453572487489,
        3.570504414718804e-05,
        -0.00025570185829370396,
        -4.27295240994182e-06,
        0.0017441019565453237,
        8.08835108363869e-09,
        -0.00011738310100301092,
        -0.06093746297003778
      ]
    ]
  },
  "cues": [
    [
      7,
      8
    ],
    [
      7,
      7
    ],
    [
      8,
      9
    ],
    [
      3,
      2
    ],
    [
      8,
      7
    ]
  ],
  "env": {
    "delay": 5,
    "grid_size": 10,
    "max_steps": 200,
    "noise": 0.16,
    "num_cues": 5,
    "reward_sparse_prob": 0.18
  },
  "seed": 11
}