{
  "agent": {
    "action_size": 4,
    "cue_exploration_bias": 0.8177777777777777,
    "cue_regularization": 0.0045555555555555575,
    "epsilon": 0.05,
    "state_size": 11,
    "target_weights": [
      [
        -0.015149252168319615,
        -0.005854718261639041,
        -0.03269373930480657,
        -0.03306240213955837,
        -2.975357662151212e-05,
        -3.969301663712061e-06,
        1.6433558652241278e-09,
        6.491010964271567e-44,
        3.1178244476021577e-30,
        -1.4067286907121334e-83,
        1.222329628353163e-62,
        -0.05603448451234002
      ],
      [
        0.012099337881908088,
        0.00016064432547842813,
        -0.013764775881425056,
        -0.017806659584127537,
        -1.6307119321015564e-05,
        1.3040075746421751e-05,
        -2.2399393843605796e-05,
        -8.455312449995116e-16,
        -4.3084507524572767e-44,
        -2.5544137069337706e-79,
        -2.9858619958401984e-27,
        -0.04585127349676007
      ],
      [
        -0.02250301959459095,
        -0.005429285101292848,
        -0.05501569625400397,
        -0.03518674025706065,
        -8.221312045069446e-05,
        -1.1946635984165241e-05,
        2.8277966157619497e-08,
        5.711477471666699e-55,
        7.686266428462466e-59,
        -5.5166407258211375e-86,
        1.0460372550254737e-59,
        -0.026518715402896624
      ],
      [
        -0.0002341816121264186,
        0.008889137768936647,
        -0.03205029297936304,
        -0.06200858319861247,
        0.0005674258216345928,
        0.00018968767740422477,
        -2.960007444440952e-05,
        5.124327559079522e-07,
        1.716931663871331e-24,
        3.4632516895857716e-125,
        2.8934753423269787e-10,
        -0.03430045439502774
      ]
    ],
    "weights": [
      [
        -0.015109638401830952,
        -0.005686635780495239,
        -0.03251602940847361,
        -0.03301316095788055,
        3.957823798376269e-05,
        -9.274737108562455e-07,
        4.4119993399690367e-10,
        1.7426740425569418e-44,
        8.370578580120247e-31,
        -3.7767145791584095e-84,
        3.281649232306261e-63,
        -0.055817160849518405
      ],
      [
        0.011854389975786724,
        -0.00036649462064125164,
        -0.013877674753215486,
        -0.017637367415919657,
        4.924243886818541e-05,
        4.2321421308545854e-05,
        -2.1793326526072124e-05,
        -2.270039845783651e-16,
        -1.1567112320822904e-44,
        -6.85796170354289e-80,
        -8.016292413383585e-28,
        -0.046209120274671875
      ],
      [
        -0.022182864658576627,
        -0.005188891943424306,
        -0.05501206889008747,
        -0.03510335111499837,
        -9.112884311100882e-05,
        -1.269523229238802e-05,
        7.591926414919773e-09,
        1.5333888032708442e-55,
        2.063570230089971e-59,
        -1.481080011714299e-86,
        2.8083483172562784e-60,
        -0.0261949331029658
      ],
      [
        -0.0006658496470321563,
        0.0085778220088001,
        -0.031985533782845285,
        -0.062064176276863864,
        0.0004307554661086211,
        7.731115172723289e-05,
        9.15507995322775e-07,
        1.3757537418933033e-07,
        4.60953195109638e-25,
        9.297964300942893e-126,
        7.76825736330837e-11,
        -0.034667363233415724
      ]
    ]
  },
  "cues": [
    [
      5,
      7
    ],
    [
      7,
      4
    ],
    [
      6,
      3
    ],
    [
      7,
      0
    ],
    [
      6,
      4
    ]
  ],
  "env": {
    "delay": 5,
    "grid_size": 10,
    "max_steps": 200,
    "noise": 0.16,
    "num_cues": 5,
    "reward_sparse_prob": 0.18
  },
  "seed": 16
}