{
  "agent": {
    "action_size": 4,
    "cue_exploration_bias": 0.5666666666666667,
    "cue_regularization": 0.010833333333333334,
    "epsilon": 0.05,
    "state_size": 11,
    "target_weights": [
      [
        0.009719161754882017,
        0.018504872362327104,
        -0.029633179690855396,
        -0.029493019226371587,
        -9.821445464542513e-05,
        -9.088603175623059e-05,
        1.6384399016639833e-06,
        2.4069986028254376e-10,
        5.205254643345047e-151,
        -8.397374509842222e-303,
        8.309641757006326e-152,
        -0.0281055109751872
      ],
      [
        0.07578975323802012,
        0.04233254644990753,
        -0.030149027845896775,
        -0.012672398316916255,
        0.00014206035699770476,
        5.066478523536235e-05,
        -1.943673037962654e-05,
        -7.396814140143963e-21,
        -2.153960236145392e-18,
        -4.96713123920207e-156,
        -2.0926971006830993e-115,
        0.0014548898948798595
      ],
      [
        0.004875608302866057,
        0.017616315227018346,
        -0.05652047697156768,
        -0.032358493405478535,
        -3.781206232764797e-05,
        -2.6007610353438564e-06,
        3.5960650608959515e-08,
        -5.7373319747412536e-139,
        4.55381962716019e-154,
        -2.084601109926015e-153,
        -1.1637280842379113e-299,
        -0.0006448682230036234
      ],
      [
        0.04796819880686289,
        0.0540720696631871,
        -0.03010412820772804,
        -0.057042969902237804,
        0.00014182485753705284,
        6.15276282516321e-05,
        -2.069441718031982e-05,
        1.2146210821940377e-29,
        7.172178253777169e-146,
        5.279279067198764e-67,
        3.776436707465956e-07,
        0.01584809079559671
      ]
    ],
    "weights": [
      [
        0.009719161754882017,
        0.018504872362327104,
        -0.029633179690855396,
        -0.029493019226371587,
        -6.931042190890252e-05,
        -6.413871796562157e-05,
        1.1562550672066593e-06,
        1.698630708669734e-10,
        3.673373708340641e-151,
        -5.926068339996013e-303,
        5.864154906416013e-152,
        -0.0281055109751872
      ],
      [
        0.07563292078123211,
        0.04215786925079687,
        -0.03014370538935356,
        -0.012649231118050394,
        0.0001640605202274942,
        6.805390713595136e-05,
        -1.788116407091984e-05,
        -5.219967984203381e-21,
        -1.5200602933775037e-18,
        -3.505328855196384e-156,
        -1.476826598483169e-115,
        0.0013033798946350647
      ],
      [
        0.005034362393428875,
        0.017794913578901516,
        -0.05650063271024733,
        -0.032358493405478535,
        -8.557200313756905e-05,
        -4.109393345219324e-05,
        2.5377607347349002e-08,
        -4.048863288366041e-139,
        3.213652825289257e-154,
        -1.4711132181343196e-153,
        -8.212486114896493e-300,
        -0.00046626987112045345
      ],
      [
        0.04791508412761557,
        0.05403821478781261,
        -0.030015131018065966,
        -0.05697323251644856,
        0.00017329111622126287,
        6.131094695933593e-05,
        -2.114387470468042e-05,
        8.571640495306457e-30,
        5.061441338444646e-146,
        3.7256131069850406e-67,
        2.6650498895675977e-07,
        0.015883973306011455
      ]
    ]
  },
  "cues": [
    [
      5,
      7
    ],
    [
      7,
      4
    ],
    [
      6,
      3
    ],
    [
      7,
      0
    ],
    [
      6,
      4
    ]
  ],
  "env": {
    "delay": 3,
    "grid_size": 10,
    "max_steps": 200,
    "noise": 0.1,
    "num_cues": 5,
    "reward_sparse_prob": 0.3
  },
  "seed": 16
}