{
  "agent": {
    "action_size": 4,
    "cue_exploration_bias": 0.25555555555555554,
    "cue_regularization": 0.018611111111111113,
    "epsilon": 0.05,
    "state_size": 11,
    "target_weights": [
      [
        0.08303050079111862,
        0.1014626791886231,
        0.02098650236915699,
        -0.020615427777540746,
        6.213720340045025e-08,
        -4.0138462185873016e-05,
        4.1691603430387283e-10,
        2.682806830668573e-39,
        1.6017667775788808e-17,
        8.830634617595549e-224,
        5.689518964538054e-07,
        0.06021130816888657
      ],
      [
        0.19544351344069505,
        0.14362027434405628,
        -0.05719612787199806,
        -0.01049097725410976,
        -0.0001841973686188578,
        -6.747480448924773e-05,
        -9.726842488902664e-05,
        7.9042567534008e-11,
        -4.645999729436411e-06,
        -2.747169802735082e-05,
        1.3324496211950295e-05,
        0.12090506890318908
      ],
      [
        0.062380070880703825,
        0.03040148202362003,
        -0.009324364126248255,
        -0.0015068810640884525,
        -2.264311828758484e-06,
        1.3901410504584379e-05,
        1.6673332019291454e-33,
        2.5150471350162362e-117,
        0.00015065701313455215,
        3.027161956325094e-77,
        3.00114504359053e-07,
        0.04207888911647984
      ],
      [
        0.14099796032535766,
        0.192327030558027,
        -0.005840589166549322,
        -0.02951233384715674,
        4.8592668057886825e-06,
        -9.6799058513045e-05,
        -0.00010880043712548991,
        -5.2556252608143614e-05,
        -6.107830589948996e-05,
        2.295925074907547e-39,
        -6.833766943899926e-05,
        0.1296214187896418
      ]
    ],
    "weights": [
      [
        0.08498201826728968,
        0.10323439422826969,
        0.021258283875755044,
        -0.02016384383441823,
        -1.9130274811316067e-06,
        -8.306095840143502e-05,
        8.375389727428206e-12,
        5.389467163999421e-41,
        3.2177752618869e-19,
        1.7739784603480905e-225,
        4.371115910388851e-05,
        0.062434607151655684
      ],
      [
        0.19509826730143046,
        0.14305624447416312,
        -0.05622341818251172,
        -0.009299483833994806,
        -0.0001636169385737864,
        -0.00026703042813143625,
        -6.825230367537038e-06,
        1.5878792219139445e-12,
        0.00011900755534098138,
        -5.518765375322154e-07,
        2.3906096361897856e-05,
        0.12153253245341085
      ],
      [
        0.06239152027275911,
        0.03040148202362003,
        -0.009232768989805979,
        -0.0014038365355908931,
        -4.5487562170505366e-08,
        2.7926421906814373e-07,
        3.3494910779706635e-35,
        5.05245617952407e-119,
        3.0265355523660736e-06,
        6.081239162365101e-79,
        1.1233425550152358e-05,
        0.0421819336449774
      ],
      [
        0.14276491663432722,
        0.19476785767463803,
        -0.005529250966707902,
        -0.02987486645495683,
        2.2122980857900427e-05,
        -7.621444514045691e-05,
        -2.4436266823972494e-05,
        -2.2418854958717237e-05,
        -0.00010125365567985572,
        4.61226379058141e-41,
        -1.7091648417070308e-05,
        0.1316997132984528
      ]
    ]
  },
  "cues": [
    [
      8,
      6
    ],
    [
      4,
      5
    ],
    [
      4,
      2
    ],
    [
      8,
      4
    ],
    [
      1,
      0
    ]
  ],
  "env": {
    "delay": 1,
    "grid_size": 10,
    "max_steps": 200,
    "noise": 0.05,
    "num_cues": 5,
    "reward_sparse_prob": 0.65
  },
  "seed": 17
}