{
  "agent": {
    "action_size": 4,
    "cue_exploration_bias": 0.0,
    "cue_regularization": 0.025,
    "epsilon": 0.05,
    "state_size": 11,
    "target_weights": [
      [
        0.06517857528530058,
        0.10132431348370288,
        -0.01587199361891529,
        0.026826780223127417,
        -7.363160956994657e-07,
        2.0737219127171564e-07,
        5.3987856944904467e-73,
        9.4e-323,
        2.4994840965115235e-268,
        8.748010570865127e-11,
        3.8882758660016994e-262,
        0.08782333781782149
      ],
      [
        0.2492312377269863,
        0.19624995637363934,
        -0.0840208324746726,
        0.01593491492503952,
        -0.00041316775279581666,
        4.049083567323367e-05,
        2.5791858777303706e-05,
        -1.1203012843071609e-16,
        -3.123018144025405e-05,
        1.8995354935879618e-10,
        4.0957369613266e-120,
        0.23779876113558315
      ],
      [
        0.0767044328065618,
        0.09692715750155446,
        0.0011972846787283128,
        0.031417599100068236,
        -2.111118877905305e-05,
        3.2551824594351104e-06,
        5.057256543229356e-85,
        9.4e-323,
        1.9101851995811148e-49,
        2.0121201175609784e-18,
        9.19179208337916e-271,
        0.08534649842165833
      ],
      [
        0.19930011686909455,
        0.26656009914627465,
        0.011751480421959712,
        -0.03782015846002077,
        -0.0009558617015122042,
        -0.00024127126933061783,
        -4.812740420462449e-05,
        4.116854258876066e-44,
        2.4111560920072594e-32,
        -0.00011783606588687027,
        -7.277677107217548e-22,
        0.21851498934711922
      ]
    ],
    "weights": [
      [
        0.06517857528530058,
        0.10132431348370288,
        -0.015682832249311603,
        0.027015941592731105,
        1.3383408246167063e-06,
        1.6055976762748477e-09,
        4.1800579492463764e-75,
        9.4e-323,
        1.935247842362079e-270,
        6.773225165087316e-13,
        3.0105322497112528e-264,
        0.08801249918742518
      ],
      [
        0.2539536687810537,
        0.20016604620162512,
        -0.08377931339041389,
        0.016982775235379735,
        -0.00012668110619681668,
        1.6218513613949917e-05,
        1.9969576569400023e-07,
        -8.674032558466028e-19,
        -3.9409924981284636e-05,
        3.6798118847680574e-05,
        3.1711608520944143e-122,
        0.24276271127390914
      ],
      [
        0.07769979578689111,
        0.0980213959004485,
        0.0015516096370572481,
        0.031673048639832425,
        -1.913499983836585e-05,
        -3.075147122312048e-06,
        3.915625959459271e-87,
        9.4e-323,
        1.4789779183475145e-51,
        1.5579019372509376e-20,
        7.116826957061757e-273,
        0.08669618636031656
      ],
      [
        0.20069423388001956,
        0.26833050717287354,
        0.012026493749106044,
        -0.037921436148548524,
        -0.0007120890231315426,
        -0.00020100378968929304,
        -1.8775345646403744e-05,
        3.1875111079636792e-46,
        1.8668590975104525e-34,
        -1.8564752897519493e-05,
        -5.634806374166388e-24,
        0.22018411968519044
      ]
    ]
  },
  "cues": [
    [
      3,
      5
    ],
    [
      6,
      2
    ],
    [
      3,
      0
    ],
    [
      1,
      2
    ],
    [
      3,
      8
    ]
  ],
  "env": {
    "delay": 0,
    "grid_size": 10,
    "max_steps": 200,
    "noise": 0.0,
    "num_cues": 5,
    "reward_sparse_prob": 1.0
  },
  "seed": 8
}