{
  "agent": {
    "action_size": 4,
    "cue_exploration_bias": 0.5666666666666667,
    "cue_regularization": 0.010833333333333334,
    "epsilon": 0.05,
    "state_size": 11,
    "target_weights": [
      [
        0.026695488094025416,
        0.04604103210896694,
        -0.004955221778442019,
        -0.00833224503844042,
        -1.1325265876797771e-06,
        -2.641639868359951e-05,
        1.12938713377141e-60,
        3.2119376499766817e-81,
        5.0242139347802096e-288,
        4.4634533486228495e-42,
        9.799208611958535e-10,
        -0.02655309143255146
      ],
      [
        0.064209187975152,
        0.0465384372108799,
        -0.02775816143382928,
        -0.021626363857767162,
        0.0001366245166158256,
        0.00011969124477057553,
        -2.4206508106022764e-07,
        -6.55342887689577e-06,
        3.0112581262775314e-288,
        2.0261537819526654e-05,
        2.2969073356561757e-06,
        0.014007277224170977
      ],
      [
        0.025592476040025496,
        0.02716247970721103,
        -0.04009967194527724,
        -0.018937079936108926,
        -1.3207370307707178e-05,
        -4.794759822461029e-06,
        4.419724891500578e-81,
        1.4451227688997637e-24,
        -2.387639279176894e-288,
        9.024420884346874e-138,
        -6.797324430587043e-21,
        0.019008989769664624
      ],
      [
        0.021529557797143696,
        0.08839606580525226,
        -0.022479509407101108,
        -0.02861888594934087,
        5.940888840121875e-05,
        0.00012301945495261858,
        2.3864768947934074e-58,
        -6.152127722844087e-05,
        -4.014982371764711e-288,
        2.895549097159579e-34,
        4.440607887483836e-05,
        0.011511360896059739
      ]
    ],
    "weights": [
      [
        0.026695488094025416,
        0.04604103210896694,
        -0.004955221778442019,
        -0.00833224503844042,
        -4.738122000441504e-07,
        -1.1051759944251929e-05,
        4.724987548858268e-61,
        1.3437699925949954e-81,
        2.1019673037502105e-288,
        1.8673633572154122e-42,
        4.099669395520159e-10,
        -0.02655309143255146
      ],
      [
        0.06329954925177297,
        0.04564046646780478,
        -0.0276859261534007,
        -0.021565796557642496,
        0.00016140748677588034,
        0.00022017049279365866,
        -1.0127213776586553e-07,
        -2.7417409778928894e-06,
        1.2598122227182567e-288,
        8.476766828243443e-06,
        4.140703154344461e-05,
        0.01316987378122053
      ],
      [
        0.025592476040025496,
        0.02716247970721103,
        -0.04009967194527724,
        -0.018937079936108926,
        -5.525533131290977e-06,
        -2.005971184144878e-06,
        1.8490687964527476e-81,
        6.045922505617107e-25,
        -9.98910429199131e-289,
        3.7755234710178613e-138,
        -2.8437789257279157e-21,
        0.019008989769664624
      ],
      [
        0.023095311482875087,
        0.09014594627026044,
        -0.02231464830696798,
        -0.02863815162848453,
        -0.000340695366407838,
        -1.3354306446607488e-05,
        9.984241254707875e-59,
        -9.385128738671219e-05,
        -1.6797377221860064e-288,
        1.2114033374454894e-34,
        8.862289007655012e-05,
        0.013241975681924258
      ]
    ]
  },
  "cues": [
    [
      9,
      4
    ],
    [
      5,
      8
    ],
    [
      0,
      7
    ],
    [
      3,
      0
    ],
    [
      2,
      1
    ]
  ],
  "env": {
    "delay": 3,
    "grid_size": 10,
    "max_steps": 200,
    "noise": 0.1,
    "num_cues": 5,
    "reward_sparse_prob": 0.3
  },
  "seed": 5
}