{
  "agent": {
    "action_size": 4,
    "cue_exploration_bias": 0.85,
    "cue_regularization": 0.0037500000000000007,
    "epsilon": 0.05,
    "state_size": 11,
    "target_weights": [
      [
        -0.03149144884859066,
        -0.02639445543156342,
        -0.053380993820713034,
        -0.03786525206831821,
        7.747943021545977e-07,
        1.1386154310335068e-05,
        9.129892363441093e-13,
        -1.4523965753893512e-09,
        2.81813035086882e-69,
        -1.6878396774274495e-07,
        -5.197254245237958e-141,
        -0.06635562803817179
      ],
      [
        -0.009259624665095084,
        -0.025722925001954722,
        -0.06332736854221904,
        -0.03543787825115879,
        4.725646546667369e-05,
        2.3304947701652803e-05,
        8.268499542093452e-05,
        1.0325638286736368e-06,
        4.1211926794797525e-40,
        -4.505020711743665e-05,
        -7.018078187006495e-144,
        -0.08488577503556714
      ],
      [
        -0.03889492815706964,
        -0.031164375976170996,
        -0.07106046189261472,
        -0.015678814940762977,
        7.053514888005569e-06,
        -6.42297800466731e-05,
        4.2354751210618694e-07,
        4.14786077371792e-06,
        2.089030645229788e-59,
        1.2017476191590462e-07,
        1.2706248730905116e-141,
        -0.07512960541437293
      ],
      [
        -0.036745041911237106,
        -0.03919976007083189,
        -0.01956564566515572,
        -0.04202150998159158,
        5.2788416587307914e-05,
        -6.285246083562767e-05,
        3.701615159919341e-05,
        4.219517871242583e-07,
        2.756072261740392e-07,
        5.113036385092076e-06,
        -1.0896618219338654e-89,
        -0.05975725338698986
      ]
    ],
    "weights": [
      [
        -0.03150302292486173,
        -0.02640747626736837,
        -0.053382440580246916,
        -0.03786525206831821,
        2.1177786917352316e-06,
        1.3498241374337e-05,
        8.597239154451496e-13,
        -1.367661327063263e-09,
        2.6537159070850063e-69,
        -1.589368284266047e-07,
        -4.894037729482956e-141,
        -0.06636864887397673
      ],
      [
        -0.004125179841078034,
        -0.02118550311836201,
        -0.06335199526312348,
        -0.034865482031638875,
        -0.0010900090097625173,
        -0.0005264633218676569,
        7.786101432750888e-05,
        9.723223258239468e-07,
        3.880755397395306e-40,
        -4.2421902595158105e-05,
        -6.608631753418974e-144,
        -0.07977595693245453
      ],
      [
        -0.038903856821121414,
        -0.031165492059177468,
        -0.0710615779756212,
        -0.015687743604814754,
        7.745575116486479e-06,
        -6.489680351663582e-05,
        3.9883704099632933e-07,
        3.905867630358427e-06,
        1.9671530991904767e-59,
        1.1316356506648838e-07,
        1.196494490263241e-141,
        -0.07513965016143118
      ],
      [
        -0.03675243750383473,
        -0.03920106733893317,
        -0.019562116706968485,
        -0.04202406934790068,
        4.9708651966500114e-05,
        -6.338589690000926e-05,
        4.255032097861614e-05,
        3.973344132819755e-07,
        2.595278390796011e-07,
        4.81473328032542e-06,
        -1.0260891265436468e-89,
        -0.059761120021400244
      ]
    ]
  },
  "cues": [
    [
      2,
      1
    ],
    [
      7,
      5
    ],
    [
      3,
      3
    ],
    [
      7,
      7
    ],
    [
      2,
      7
    ]
  ],
  "env": {
    "delay": 6,
    "grid_size": 10,
    "max_steps": 200,
    "noise": 0.2,
    "num_cues": 5,
    "reward_sparse_prob": 0.1
  },
  "seed": 18
}