{
  "agent": {
    "action_size": 4,
    "cue_exploration_bias": 0.85,
    "cue_regularization": 0.0037500000000000007,
    "epsilon": 0.05,
    "state_size": 11,
    "target_weights": [
      [
        -0.051394974356241824,
        -0.05250721977979277,
        -0.050738636217634074,
        -0.05440087662474051,
        1.0826856582796347e-06,
        -1.6276556100720063e-05,
        -1.856428695084896e-29,
        5.715756144961619e-26,
        -1.0342498321433827e-28,
        -4.349511375909555e-11,
        -5.034252830599004e-06,
        -0.1100473122237182
      ],
      [
        -0.06444466497950525,
        -0.056447660041279796,
        -0.06215703503525434,
        -0.05561218902540233,
        -5.372712765621014e-06,
        2.324839583582792e-06,
        -2.2754081278426767e-11,
        -1.2258552340613109e-05,
        1.7099865799339636e-64,
        1.6444466612741508e-05,
        -8.887906508237248e-06,
        -0.09561324293380366
      ],
      [
        -0.052025835774164614,
        -0.07152040037487506,
        -0.04897191373048508,
        -0.07184658357870728,
        0.00010948029530643252,
        7.301755159798774e-05,
        -5.069641748848078e-07,
        -3.335578985582661e-06,
        -5.016454793429791e-32,
        -8.289124653491994e-06,
        1.433141568047849e-10,
        -0.0916164217561344
      ],
      [
        -0.07074535173323786,
        -0.07951870165955653,
        -0.048621677452649746,
        -0.06773736254609888,
        7.940347833835116e-06,
        -6.999699701583537e-06,
        3.029023841005362e-11,
        4.105561782824999e-28,
        5.061627822806894e-45,
        8.732861800519465e-09,
        3.8608960592919044e-06,
        -0.09184912780810905
      ]
    ],
    "weights": [
      [
        -0.05140725632852945,
        -0.052533309823651814,
        -0.050761085735889944,
        -0.05440951807142498,
        -6.473283509152121e-08,
        -2.963905153669029e-06,
        -4.946886920004423e-30,
        1.5230964370625872e-26,
        -2.7559997215044624e-29,
        -1.1590286764509127e-11,
        -1.3414939957360758e-06,
        -0.11008204371426174
      ],
      [
        -0.0644213424248454,
        -0.05641419298479811,
        -0.062105918223084235,
        -0.05557121671505411,
        5.043095397250245e-06,
        -1.965632535662707e-06,
        -6.063355266538763e-12,
        -5.058576669218824e-06,
        4.5566577741740625e-65,
        1.8981025543972953e-05,
        5.217497563065326e-06,
        -0.09553880356697377
      ],
      [
        -0.0520120554793304,
        -0.07155222217737796,
        -0.04903301550586111,
        -0.07186208325674603,
        -2.8407424869123014e-06,
        5.725243361131782e-05,
        -1.8926581646489439e-06,
        -3.496716799809316e-06,
        -1.3367512939287177e-32,
        2.5341144641777397e-06,
        3.8189397181055296e-11,
        -0.09166374323667617
      ],
      [
        -0.0707443502888434,
        -0.07950636551877059,
        -0.04866977105000003,
        -0.0677967908398407,
        -8.613063138555116e-06,
        -7.311744598435595e-06,
        3.6036057707899604e-06,
        1.0940226218491112e-28,
        1.3487887004153857e-45,
        1.486704918085096e-06,
        1.0288257375990593e-06,
        -0.09189621996106494
      ]
    ]
  },
  "cues": [
    [
      6,
      0
    ],
    [
      3,
      4
    ],
    [
      7,
      0
    ],
    [
      4,
      0
    ],
    [
      4,
      9
    ]
  ],
  "env": {
    "delay": 6,
    "grid_size": 10,
    "max_steps": 200,
    "noise": 0.2,
    "num_cues": 5,
    "reward_sparse_prob": 0.1
  },
  "seed": 25
}