{
  "agent": {
    "action_size": 4,
    "cue_exploration_bias": 0.25555555555555554,
    "cue_regularization": 0.018611111111111113,
    "epsilon": 0.05,
    "state_size": 11,
    "target_weights": [
      [
        0.08612242158821423,
        0.1105572868176502,
        0.015745514458089648,
        0.003572483203911883,
        -1.383511111087327e-05,
        -2.5824271910458236e-05,
        7.675316264480297e-255,
        -1.018185250337474e-152,
        2.3781869231194525e-193,
        4.073776249699496e-05,
        7.730654480265958e-06,
        0.103945628335266
      ],
      [
        0.2002489744438524,
        0.12317277690793461,
        -0.04519784982307284,
        0.002837076263593304,
        -8.339322787826791e-05,
        -1.106533766021777e-05,
        7.651169271496391e-184,
        7.116113153599799e-144,
        2.8354018360847976e-193,
        -4.151700915669893e-05,
        -4.821153354709551e-05,
        0.13546334229130705
      ],
      [
        0.08888686985192146,
        0.08441447564501053,
        -0.0062058926452638365,
        0.0221565849906633,
        -1.6765657999946296e-06,
        -1.5582641709885675e-06,
        7.630379441790696e-208,
        2.9476725338139436e-165,
        -1.3e-322,
        1.2693451284298868e-05,
        6.718791364403563e-38,
        0.09923194844028319
      ],
      [
        0.1525041696388905,
        0.1609921513676709,
        0.018816521891168954,
        -0.03392216484048383,
        -2.199955495121943e-05,
        -5.962644569608191e-05,
        -1.0109431482670578e-216,
        -1.2354102555690487e-74,
        -4.939117055886809e-192,
        2.542622942512637e-05,
        4.081427796567804e-05,
        0.137854771212043
      ]
    ],
    "weights": [
      [
        0.08662445341888919,
        0.11099372477198265,
        0.015520537880158426,
        0.003413100502323185,
        -2.700821263059058e-05,
        -3.7327988208998285e-05,
        1.3922531209327156e-257,
        -1.8469227112245777e-155,
        4.313878479766626e-196,
        7.389568718976736e-08,
        1.4022911181929691e-08,
        0.10422268358800973
      ],
      [
        0.20232755097502275,
        0.12502446578337675,
        -0.046156750323094894,
        0.002105063419299628,
        0.00033949560745115154,
        0.00018474656353938387,
        1.3878730113470564e-186,
        1.2908172648023806e-146,
        5.143236994227895e-196,
        -0.00011755750920144128,
        -5.011360478022487e-05,
        0.13658301832245534
      ],
      [
        0.08978563672684416,
        0.08530092467794725,
        -0.0059648877271526275,
        0.022409907750760495,
        -8.403175125823879e-06,
        -1.8200087511618837e-05,
        1.3841018696384958e-210,
        5.346888835945553e-168,
        -1.3e-322,
        2.30251061415632e-08,
        8.437473192430575e-05,
        0.10037172023331711
      ],
      [
        0.1525495319759773,
        0.16125745492597732,
        0.018949993385144463,
        -0.034008634567727944,
        2.529652153792015e-05,
        1.6842883908094774e-05,
        -1.833786002765658e-219,
        -2.240954932252231e-77,
        -8.959241415931456e-195,
        -6.058151267555319e-05,
        3.4405155873835587e-07,
        0.1380336050431053
      ]
    ]
  },
  "cues": [
    [
      2,
      9
    ],
    [
      1,
      4
    ],
    [
      1,
      7
    ],
    [
      7,
      7
    ],
    [
      6,
      3
    ]
  ],
  "env": {
    "delay": 1,
    "grid_size": 10,
    "max_steps": 200,
    "noise": 0.05,
    "num_cues": 5,
    "reward_sparse_prob": 0.65
  },
  "seed": 1
}