{
  "agent": {
    "action_size": 4,
    "cue_exploration_bias": 0.8177777777777777,
    "cue_regularization": 0.0045555555555555575,
    "epsilon": 0.05,
    "state_size": 11,
    "target_weights": [
      [
        -0.027431165572944467,
        -0.009804147397217277,
        -0.04537417933322688,
        -0.02470157684583947,
        -2.0103885961102452e-05,
        -4.912022768556274e-05,
        2.139968865733878e-56,
        2.8255437046524652e-05,
        -8.233092863084284e-169,
        -4.5654529773730174e-20,
        2.369172757363029e-05,
        -0.05615697486221357
      ],
      [
        -0.016719039863619667,
        -0.041818407692485376,
        -0.015271280753386941,
        -0.039333973654279285,
        5.4902141255335815e-05,
        -3.0238208489860803e-05,
        2.1926557666670137e-14,
        -6.50445008645928e-05,
        3.381391993761235e-07,
        -1.5290878922890737e-05,
        2.0587931415991412e-06,
        -0.0429373532540984
      ],
      [
        -0.030974092885135723,
        -0.028706731821419376,
        -0.04804952984938969,
        -0.035858151369534616,
        -1.358107674964216e-05,
        -2.2291390175023887e-06,
        1.0016853782164968e-12,
        1.7915496627432232e-14,
        -2.2062751453135054e-169,
        1.3387749890852887e-13,
        9.260798119735652e-05,
        -0.04239396519985979
      ],
      [
        -0.02011815968761426,
        0.012473859550022379,
        -0.03578007492230513,
        -0.11107340402954548,
        5.220823725745154e-05,
        3.6101061852308925e-05,
        0.0002229233922340092,
        5.610196179589989e-06,
        1.2103485035437794e-30,
        3.6130935304170017e-06,
        -0.0006231039088145817,
        -0.047671403086498594
      ]
    ],
    "weights": [
      [
        -0.027489841588985438,
        -0.00983628632142958,
        -0.045373053666773674,
        -0.02472698827121495,
        2.63218068085945e-07,
        -3.5251728856717525e-05,
        1.4851476316164043e-56,
        3.4412000174589566e-05,
        -5.71380199136417e-169,
        -3.1684440765339574e-20,
        1.6442161219393056e-05,
        -0.05621452521180136
      ],
      [
        -0.01680812750418727,
        -0.041782152094964976,
        -0.015173133341652703,
        -0.039361169480633056,
        6.310044235564327e-05,
        -4.79747436264725e-05,
        1.5217125683269308e-14,
        -4.514116441390054e-05,
        2.3467006420109657e-07,
        -3.212730894423316e-05,
        1.4288113286103766e-06,
        -0.04292829348293176
      ],
      [
        -0.030947201863986314,
        -0.028683202177913644,
        -0.04804616847174602,
        -0.03585142861424726,
        -9.425325897260022e-06,
        -1.547032101914276e-06,
        6.951739770161754e-13,
        1.2433432005253979e-14,
        -1.531164475905963e-169,
        9.2911562226184e-14,
        9.343762568972035e-05,
        -0.042363712801066704
      ],
      [
        -0.020694808748187066,
        0.011957260100147245,
        -0.03564964006590749,
        -0.11100301878384551,
        9.722837027824798e-05,
        5.643216026021827e-05,
        0.00013745631763950803,
        3.893500369298186e-06,
        8.399870868457968e-31,
        2.507502508765318e-06,
        -0.0006611235322672721,
        -0.04811761729067377
      ]
    ]
  },
  "cues": [
    [
      7,
      9
    ],
    [
      5,
      4
    ],
    [
      2,
      2
    ],
    [
      0,
      5
    ],
    [
      8,
      7
    ]
  ],
  "env": {
    "delay": 5,
    "grid_size": 10,
    "max_steps": 200,
    "noise": 0.16,
    "num_cues": 5,
    "reward_sparse_prob": 0.18
  },
  "seed": 9
}