{
  "agent": {
    "action_size": 4,
    "cue_exploration_bias": 0.0,
    "cue_regularization": 0.025,
    "epsilon": 0.05,
    "state_size": 11,
    "target_weights": [
      [
        0.027685796033813243,
        0.02169977576326027,
        -0.005747141878134714,
        -0.023840349807175268,
        -3.1633500456705116e-05,
        1.7631286275059215e-05,
        5.533617459137249e-47,
        1.8260556617891526e-06,
        1.2860034872744707e-241,
        3.873700034578241e-101,
        2.124885798248627e-226,
        0.020580742813347163
      ],
      [
        0.17014288007856287,
        0.16732150638831436,
        -0.06579097501527689,
        0.003141129355809907,
        -6.318827323535043e-05,
        1.2197987479453418e-05,
        -2.0770825359102233e-05,
        -0.00021231065500895087,
        -3.435350690305401e-06,
        1.194327199186541e-06,
        -4.951444809242786e-27,
        0.14322626171384373
      ],
      [
        0.01973532623559894,
        0.05137671938941582,
        0.00026636009563696665,
        -0.011652189024082642,
        1.589474334052625e-06,
        5.7633654691504396e-06,
        3.5401421743679634e-24,
        1.0278724881747213e-10,
        5.228556230000018e-06,
        1.0155522600818553e-09,
        4.4822847981765215e-250,
        0.05319717795891847
      ],
      [
        0.1378189550493103,
        0.21535574209273328,
        -0.036380125565735943,
        -0.05801563273939658,
        3.3706744473182394e-05,
        -5.740204605166733e-05,
        7.296782036740394e-06,
        8.330462469877515e-05,
        2.9489218836942263e-13,
        -1.3173064241126057e-05,
        5.961132937135249e-19,
        0.1299263378992252
      ]
    ],
    "weights": [
      [
        0.028288144216991336,
        0.0228384230753566,
        -0.005068511835204436,
        -0.023698018893163225,
        3.657747831153144e-05,
        1.2613291672626389e-05,
        3.317275652351732e-51,
        1.0946781253716455e-10,
        7.709293402873091e-246,
        5.109707353994302e-05,
        1.273819879059208e-230,
        0.021861721039455533
      ],
      [
        0.17231456259615438,
        0.16845007190086464,
        -0.0661271836750767,
        0.0038480377010512096,
        -1.854878396031505e-05,
        -3.144100293658194e-06,
        -5.424222396143612e-06,
        -0.00036804498297111476,
        -2.3958351678003544e-06,
        7.159715264127867e-11,
        -2.9682766166899673e-31,
        0.1450617355716354
      ],
      [
        0.0210564382136347,
        0.05264565277652475,
        0.0005973417194413245,
        -0.01126902880935145,
        -3.645224732889197e-09,
        1.4546232669459663e-05,
        2.1222333360798136e-28,
        6.161857779153039e-15,
        3.134398502753607e-10,
        6.088000861891072e-14,
        2.6870260435775557e-254,
        0.05484927156075859
      ],
      [
        0.14017858116150778,
        0.21865519840335618,
        -0.03549379567172867,
        -0.0580691330438148,
        3.481866809644329e-05,
        -4.502931313347645e-05,
        4.374252027672738e-10,
        0.0010031029101028783,
        4.504503223376451e-06,
        -7.649026037833223e-06,
        3.5735612912920435e-23,
        0.13317229390542998
      ]
    ]
  },
  "cues": [
    [
      1,
      2
    ],
    [
      8,
      9
    ],
    [
      2,
      3
    ],
    [
      2,
      7
    ],
    [
      6,
      3
    ]
  ],
  "env": {
    "delay": 0,
    "grid_size": 10,
    "max_steps": 200,
    "noise": 0.0,
    "num_cues": 5,
    "reward_sparse_prob": 1.0
  },
  "seed": 28
}