{
  "agent": {
    "action_size": 4,
    "cue_exploration_bias": 0.5666666666666667,
    "cue_regularization": 0.010833333333333334,
    "epsilon": 0.05,
    "state_size": 11,
    "target_weights": [
      [
        -0.0014001269268146504,
        -0.00900532563568281,
        -0.047055958013066335,
        -0.030020336296605832,
        -5.386668161596923e-06,
        9.167145367572409e-07,
        2.27e-322,
        -2.27e-322,
        4.1414117047567777e-14,
        2.27e-322,
        2.27e-322,
        -0.05819850624402327
      ],
      [
        0.03809846257451138,
        0.004276149205310793,
        -0.09226802243736824,
        -0.02427366210739117,
        -0.00012258399832220133,
        0.00011122351805985195,
        2.27e-322,
        2.27e-322,
        -6.075934658830285e-07,
        2.27e-322,
        2.27e-322,
        -0.06638428579597153
      ],
      [
        0.01900347081772401,
        -0.009457040499881485,
        -0.03273213207430075,
        -0.037806574485715436,
        -1.625095991999389e-05,
        1.0630864597250039e-10,
        6.93302e-318,
        2.27e-322,
        4.256961705646247e-22,
        2.27e-322,
        2.27e-322,
        -0.05862695598728085
      ],
      [
        -0.008345005478024931,
        -0.006090337703784726,
        -0.03795452272380109,
        -0.02817737988755286,
        1.2258665422898769e-05,
        -6.597960477792797e-06,
        -2.60360279558226e-08,
        -2.27e-322,
        -1.12996142037636e-05,
        -2.27e-322,
        -5.1406537195439626e-09,
        -0.025222987275851694
      ]
    ],
    "weights": [
      [
        -0.0013131974620027968,
        -0.008933939491873237,
        -0.0470382469603463,
        -0.02998708192288352,
        -3.144214040243029e-05,
        -2.6533667538418845e-06,
        2.27e-322,
        -2.27e-322,
        2.1401540596362357e-15,
        2.27e-322,
        2.27e-322,
        -0.05809386572649138
      ],
      [
        0.038246478137118074,
        0.004378820131011635,
        -0.09216800827253309,
        -0.024128303305650203,
        0.0004457229801397097,
        -0.0002242428692363514,
        2.27e-322,
        2.27e-322,
        -5.062228326624814e-06,
        2.27e-322,
        2.27e-322,
        -0.06613625606852971
      ],
      [
        0.019066593718038913,
        -0.00940301185050636,
        -0.032695523485313516,
        -0.03776087164578843,
        -2.760907974719146e-05,
        1.4380207872818222e-05,
        3.58277e-319,
        2.27e-322,
        2.1998667424420785e-23,
        2.27e-322,
        2.27e-322,
        -0.05852722449797872
      ],
      [
        -0.008491795873604756,
        -0.006149585290116815,
        -0.03793965946243134,
        -0.028250059435430845,
        1.0349334948490207e-05,
        -8.648491818569976e-06,
        -1.3454617627717524e-09,
        -2.27e-322,
        -2.2449561852531225e-06,
        -2.27e-322,
        -2.6565315673468506e-10,
        -0.025354914410061765
      ]
    ]
  },
  "cues": [
    [
      2,
      3
    ],
    [
      0,
      9
    ],
    [
      7,
      2
    ],
    [
      1,
      5
    ],
    [
      1,
      3
    ]
  ],
  "env": {
    "delay": 3,
    "grid_size": 10,
    "max_steps": 200,
    "noise": 0.1,
    "num_cues": 5,
    "reward_sparse_prob": 0.3
  },
  "seed": 22
}