{
  "agent": {
    "action_size": 4,
    "cue_exploration_bias": 0.25555555555555554,
    "cue_regularization": 0.018611111111111113,
    "epsilon": 0.05,
    "state_size": 11,
    "target_weights": [
      [
        0.02841959537691348,
        0.06438192590202538,
        -0.036908551722405564,
        -0.01628203290461377,
        -3.211794127599463e-06,
        4.069643114573547e-06,
        1.5924381113288304e-10,
        1.1337999480073024e-118,
        2.653946317580736e-06,
        4.134008905145244e-224,
        1.1157611037801866e-178,
        0.013771518103122745
      ],
      [
        0.15520785243853275,
        0.0938082355723487,
        -0.056039646467913345,
        -0.021515262516000257,
        6.987262837430936e-05,
        -2.025947337109498e-06,
        -7.358350416994352e-05,
        3.1897079946707763e-15,
        2.9114559163383116e-05,
        7.062810824940367e-07,
        3.6717981736227744e-96,
        0.08904436055027688
      ],
      [
        0.07817484884148329,
        0.058222037161821116,
        -0.007986180904090544,
        -0.030457368451669603,
        -9.581555074405743e-05,
        3.0481274099480907e-05,
        1.9460758809744214e-13,
        -1.3e-322,
        2.1346034694230794e-12,
        6.695394958079779e-77,
        1.6232915558583556e-250,
        0.03579544635389758
      ],
      [
        0.11700980663294984,
        0.15097725586188476,
        -0.0028305437267576172,
        -0.018391890954785543,
        0.00015073975628687036,
        -1.1586502737612046e-05,
        -5.7804061971499944e-05,
        -4.077853877142477e-08,
        -7.044681109155142e-06,
        -3.495274385848198e-07,
        -4.56939223511093e-133,
        0.06370844427338795
      ]
    ],
    "weights": [
      [
        0.028820426007734108,
        0.0648328603616986,
        -0.036858447893552984,
        -0.01628203290461377,
        -1.3777379329838116e-07,
        4.046640458478631e-09,
        1.583437246831361e-13,
        1.127391422849148e-121,
        2.638945539203126e-09,
        4.110642437260662e-227,
        1.1094545387493535e-181,
        0.014222452562795956
      ],
      [
        0.15549566030033846,
        0.09356337771752724,
        -0.056480083737642454,
        -0.02142303406910226,
        2.6134732016890564e-06,
        9.400082663288296e-06,
        -7.137846978507425e-05,
        6.018948858812094e-06,
        1.151064406244097e-05,
        7.022890025033415e-10,
        3.6510442381399955e-99,
        0.08889173114235341
      ],
      [
        0.07926393675703441,
        0.059374305937572695,
        -0.007799150269263326,
        -0.030333518677042846,
        -1.4713239470404425e-05,
        5.387480689651819e-07,
        3.904545950882705e-05,
        -1.3e-322,
        2.1225381486753415e-15,
        6.657550885932807e-80,
        1.6141162998592526e-253,
        0.03707156490427592
      ],
      [
        0.12257211309349704,
        0.1577245009573563,
        -0.0017684611577922591,
        -0.018514747020744706,
        -0.00034902778931347056,
        -5.238716997462711e-05,
        -1.4651299812746658e-05,
        -3.770270189114736e-06,
        -3.816770661633867e-05,
        -3.475518207630224e-10,
        -4.543564870109148e-136,
        0.07033283330290035
      ]
    ]
  },
  "cues": [
    [
      6,
      9
    ],
    [
      2,
      3
    ],
    [
      2,
      1
    ],
    [
      2,
      4
    ],
    [
      0,
      7
    ]
  ],
  "env": {
    "delay": 1,
    "grid_size": 10,
    "max_steps": 200,
    "noise": 0.05,
    "num_cues": 5,
    "reward_sparse_prob": 0.65
  },
  "seed": 24
}