{
  "agent": {
    "action_size": 4,
    "cue_exploration_bias": 0.5666666666666667,
    "cue_regularization": 0.010833333333333334,
    "epsilon": 0.05,
    "state_size": 11,
    "target_weights": [
      [
        0.018915715545415688,
        0.028811119115517668,
        -0.014215487452732824,
        -0.047280642772028425,
        1.2251738856818418e-06,
        -2.2279698978696796e-05,
        9.73647749827285e-10,
        2.763177103471725e-98,
        4.415081204999028e-43,
        1.249845776375e-312,
        2.0641604198508337e-13,
        -0.03910546689870635
      ],
      [
        0.0553686468821588,
        0.03012929847243727,
        -0.05457121428739694,
        -0.03444995435642405,
        -5.299799115748529e-05,
        0.00023097632451695547,
        -0.00013462370043589448,
        5.405507696699101e-09,
        4.736710212077733e-05,
        -4.741879472816829e-05,
        1.196103802024993e-09,
        -0.01654488407074478
      ],
      [
        0.0031925798483114745,
        -0.021548874818385372,
        -0.031023174959383393,
        -0.030442826087610893,
        -1.716368697611365e-06,
        -1.1102960761456339e-07,
        3.0697049565236084e-07,
        7.87675280599917e-111,
        3.8771374229121196e-17,
        2.645297083564916e-07,
        1.725337075068187e-17,
        -0.03880741274904755
      ],
      [
        0.018073536820920985,
        0.05318892983291797,
        -0.022383336376988635,
        -0.02984140383692442,
        1.1320388153706859e-05,
        1.984526899082616e-05,
        1.886121752135273e-06,
        -3.25148926300003e-09,
        -5.5764272079187595e-06,
        7.0031487856303706e-06,
        0.00013508699863882598,
        -0.009845751925233686
      ]
    ],
    "weights": [
      [
        0.019149677441602824,
        0.029002759598740994,
        -0.014132805185292526,
        -0.04715563909162431,
        2.827084261410535e-06,
        -3.7879292013537207e-06,
        4.226784067389448e-11,
        1.1995460327825343e-99,
        1.9166680040939742e-44,
        6.979182695616767e-05,
        8.960900260601542e-15,
        -0.038788822735078915
      ],
      [
        0.05360493859185085,
        0.028181883171028342,
        -0.054412841834694685,
        -0.03410787489262086,
        -7.34570221841182e-07,
        0.0002214987428235734,
        -1.1731346570314742e-05,
        2.3466303714676863e-10,
        3.316298679912185e-05,
        -1.88245674620036e-05,
        9.656836793295196e-06,
        -0.018150219908350494
      ],
      [
        0.0033434764921690327,
        -0.021501828816806255,
        -0.03086854652457378,
        -0.030184347010522847,
        -1.4751931302220608e-05,
        -4.8199996000297555e-09,
        1.3326154149816555e-08,
        3.419443353006088e-112,
        1.2463395590793307e-05,
        1.1483721467345218e-08,
        8.178024982198163e-06,
        -0.03850188767038038
      ],
      [
        0.019206702453273557,
        0.05442952716797579,
        -0.021984731715771335,
        -0.029550230878412402,
        6.91039268182315e-06,
        -0.0006414764061182974,
        1.0667989547580939e-05,
        -1.411531327892897e-10,
        -3.114311984543113e-06,
        3.811175025164555e-05,
        0.00013284004605294193,
        -0.008313981631663822
      ]
    ]
  },
  "cues": [
    [
      8,
      6
    ],
    [
      4,
      5
    ],
    [
      4,
      2
    ],
    [
      8,
      4
    ],
    [
      1,
      0
    ]
  ],
  "env": {
    "delay": 3,
    "grid_size": 10,
    "max_steps": 200,
    "noise": 0.1,
    "num_cues": 5,
    "reward_sparse_prob": 0.3
  },
  "seed": 17
}