{
  "agent": {
    "action_size": 4,
    "cue_exploration_bias": 0.8177777777777777,
    "cue_regularization": 0.0045555555555555575,
    "epsilon": 0.05,
    "state_size": 11,
    "target_weights": [
      [
        -0.048586679525304106,
        -0.05533829060071756,
        -0.04558914609527308,
        -0.05372487176721826,
        8.240949607194792e-06,
        -3.725341243841949e-05,
        -1.604539211234287e-283,
        -1.0894994872900836e-05,
        6.8107389335040605e-254,
        -9.042378582335426e-64,
        -1.026755555062444e-273,
        -0.10979422021288718
      ],
      [
        -0.06213874874553799,
        -0.05877668056408672,
        -0.05508019370386106,
        -0.05207603961863356,
        3.274539384009743e-06,
        -1.015958914789022e-05,
        5.4e-322,
        3.88235743939455e-06,
        5.4e-322,
        4.554254720341106e-211,
        3.977515714671211e-260,
        -0.10019231699897456
      ],
      [
        -0.04626002289750586,
        -0.051904196851212926,
        -0.04395751206839237,
        -0.049996920278345305,
        -8.456693905335209e-05,
        6.426233105442961e-05,
        -4.161618933875337e-71,
        -3.7245045645365085e-05,
        -2.7714671723592382e-241,
        -5.729774243936869e-62,
        -1.4326697203716503e-242,
        -0.11375390601044873
      ],
      [
        -0.04504389972985634,
        -0.05817420174036166,
        -0.03988268602214537,
        -0.05540675921740475,
        3.1416520220084197e-06,
        -4.9826786619600425e-06,
        -3.516203369385319e-241,
        -8.586362624817786e-06,
        -1.0251974755737726e-241,
        -4.197280591944687e-66,
        -1.2440868961988233e-239,
        -0.11354892112789325
      ]
    ],
    "weights": [
      [
        -0.048586507047253986,
        -0.055340550177011665,
        -0.04559892511695372,
        -0.053732218734554686,
        2.274485264689387e-06,
        -1.0084229692694803e-05,
        -4.004299830675302e-284,
        -4.433250726327889e-06,
        1.6996930063943366e-254,
        -2.2566226348743782e-64,
        -2.5623786981925847e-274,
        -0.10980382675651769
      ],
      [
        -0.06214255703645012,
        -0.05878619313974372,
        -0.055202529742779026,
        -0.05219267137280662,
        2.674619210451795e-06,
        -2.8427785142179045e-05,
        5.4e-322,
        9.688839716936424e-07,
        5.4e-322,
        1.136563150207195e-211,
        9.926317407048199e-261,
        -0.10031846132880463
      ],
      [
        -0.046158504046266396,
        -0.05178293604581551,
        -0.043663912080244074,
        -0.04972306224435499,
        -9.140773527000162e-05,
        5.921205838207021e-05,
        -1.0385766751959359e-71,
        -6.80963768212616e-05,
        -6.916493814110851e-242,
        -1.4299266651859964e-62,
        -3.575381067991972e-243,
        -0.11335878717106106
      ],
      [
        -0.045043229014492564,
        -0.05817702235329369,
        -0.03989603566318613,
        -0.055416617530149696,
        6.946469822193515e-07,
        -2.726291049904211e-06,
        -8.775062932752282e-242,
        -5.285466939757137e-06,
        -2.558490343586491e-242,
        -1.047476424754492e-66,
        -3.104752388046757e-240,
        -0.11356160005357027
      ]
    ]
  },
  "cues": [
    [
      6,
      6
    ],
    [
      0,
      4
    ],
    [
      8,
      7
    ],
    [
      6,
      4
    ],
    [
      7,
      5
    ]
  ],
  "env": {
    "delay": 5,
    "grid_size": 10,
    "max_steps": 200,
    "noise": 0.16,
    "num_cues": 5,
    "reward_sparse_prob": 0.18
  },
  "seed": 0
}