{
  "agent": {
    "action_size": 4,
    "cue_exploration_bias": 0.5666666666666667,
    "cue_regularization": 0.010833333333333334,
    "epsilon": 0.05,
    "state_size": 11,
    "target_weights": [
      [
        0.00734338173508489,
        0.03375492338496964,
        -0.04957335616548553,
        -0.02294085648314754,
        -6.807788004152861e-06,
        -4.7509304476689746e-05,
        1.424505770646091e-99,
        4.212581766368499e-15,
        9.431239236721929e-190,
        3.1649664273808455e-12,
        1.1175326496619801e-187,
        -0.011111212637949253
      ],
      [
        0.06419816258613698,
        0.017758514273850078,
        -0.06581956175503015,
        -0.04569374505543933,
        -0.0002430189159629799,
        -0.0005260261073886222,
        2.695633064606367e-94,
        -0.000102329916729443,
        7.42657930965607e-25,
        1.3495002555918147e-20,
        9.382062127523052e-07,
        0.006288738972065744
      ],
      [
        -0.008633790117548723,
        0.008426346004768605,
        -0.03688323279419271,
        -0.033828154473458195,
        -7.09764733985414e-08,
        -1.4373402463412213e-07,
        2.868211401858321e-119,
        1.881004479285869e-07,
        2.1866375747256487e-23,
        5.24237597211032e-07,
        7.043219211348402e-70,
        -0.021199196561752714
      ],
      [
        0.03348699218247226,
        0.03780851628153038,
        -0.022201046471972793,
        -0.029035390661833135,
        9.367724036179881e-05,
        0.0001642418956808354,
        -9.820953333389447e-104,
        1.128197620543943e-05,
        -1.5791314349009805e-40,
        -3.0594579904206664e-05,
        -2.552700519411095e-19,
        0.0012146950418478616
      ]
    ],
    "weights": [
      [
        0.00734338173508489,
        0.03375492338496964,
        -0.04957335616548553,
        -0.02294085648314754,
        -2.3926293306550217e-06,
        -1.669737002688772e-05,
        5.006492984881491e-100,
        1.480531809428755e-15,
        3.314653689045555e-190,
        1.112342437818339e-12,
        3.927621415230305e-188,
        -0.011111212637949253
      ],
      [
        0.06323020174591887,
        0.016703005313438057,
        -0.06591418291223183,
        -0.045700818092447054,
        -9.261376063804932e-05,
        0.00022288309402604907,
        9.473930050592475e-95,
        -5.958835880565522e-05,
        2.610106465107228e-25,
        4.742882550522679e-21,
        3.2973701611515796e-07,
        0.005226156974645987
      ],
      [
        -0.008633790117548723,
        0.008426346004768605,
        -0.03688323279419271,
        -0.033828154473458195,
        -2.4945017667443955e-08,
        -5.05160035745687e-08,
        1.0080464788884571e-119,
        6.610879312762734e-08,
        7.685041299184776e-24,
        1.8424578593723548e-07,
        2.475372743250117e-70,
        -0.021199196561752714
      ],
      [
        0.03730673531382416,
        0.04216882296415337,
        -0.02173211253276243,
        -0.029107020273893867,
        4.974784297460613e-05,
        -0.0014491477327653525,
        -3.4516205537140243e-104,
        5.120231179611692e-06,
        -5.54993220382101e-41,
        -9.826095799469342e-05,
        -8.971586852286702e-20,
        0.005503372112410109
      ]
    ]
  },
  "cues": [
    [
      1,
      9
    ],
    [
      8,
      3
    ],
    [
      4,
      4
    ],
    [
      4,
      1
    ],
    [
      7,
      4
    ]
  ],
  "env": {
    "delay": 3,
    "grid_size": 10,
    "max_steps": 200,
    "noise": 0.1,
    "num_cues": 5,
    "reward_sparse_prob": 0.3
  },
  "seed": 14
}