{
  "agent": {
    "action_size": 4,
    "cue_exploration_bias": 0.0,
    "cue_regularization": 0.025,
    "epsilon": 0.05,
    "state_size": 11,
    "target_weights": [
      [
        0.08555985815006545,
        0.08369101634158421,
        0.020132981419841232,
        0.017125110966491254,
        1.1620270518123195e-06,
        -0.00032348055975269267,
        1.2595424082649208e-22,
        -9.4e-323,
        9.4e-323,
        1.46187736025988e-303,
        9.4e-323,
        0.09499418438431657
      ],
      [
        0.27269619077262225,
        0.189061197886665,
        -0.050539281825583565,
        0.016010890870589364,
        -2.1884103301717538e-05,
        -0.0002000141292277171,
        5.347635185546627e-06,
        4.2907972214793597e-190,
        -9.4e-323,
        7.968006657952391e-188,
        -9.4e-323,
        0.21848650962357097
      ],
      [
        0.058547268250402296,
        0.0790141307951133,
        -0.0018930841785490214,
        0.010710360018142007,
        2.724948084960527e-06,
        -0.0001348978880498578,
        1.194987607835224e-09,
        1.5389716220330218e-261,
        9.4e-323,
        7.011689867465237e-220,
        9.4e-323,
        0.1220074185532773
      ],
      [
        0.20929198850508945,
        0.24470994386628617,
        0.016173538608800737,
        -0.07108659539105322,
        0.00012471492415485887,
        -0.0004606813667768359,
        -2.936568520294307e-05,
        -3.6951410448415856e-20,
        3.0851560740395114e-286,
        -3.592174904508486e-211,
        9.4e-323,
        0.2279848461907071
      ]
    ],
    "weights": [
      [
        0.0865286247470001,
        0.08484059107210738,
        0.020791488025203437,
        0.01760280943826492,
        -3.768123789798967e-05,
        -8.924425776142263e-05,
        0.000339540448445026,
        -9.4e-323,
        9.4e-323,
        5.721392597703756e-305,
        9.4e-323,
        0.09662145758661342
      ],
      [
        0.27466788276471504,
        0.19078323208326112,
        -0.0503243409963522,
        0.016475489495317387,
        -2.0176545140891685e-05,
        -0.0006461263522547006,
        2.3864235904903594e-05,
        1.6793019803559765e-191,
        -9.4e-323,
        3.1184622972175126e-189,
        -9.4e-323,
        0.22067314244489505
      ],
      [
        0.058608793778921246,
        0.07910641908789172,
        -0.0016777448287327037,
        0.01089493660369885,
        1.0664709794567595e-07,
        1.986345385804563e-06,
        6.539300159043898e-05,
        6.023118686789545e-263,
        9.4e-323,
        2.744185770684512e-221,
        9.4e-323,
        0.12228428343161257
      ],
      [
        0.209908762009297,
        0.24550807825436716,
        0.01642780283234593,
        -0.07101369205138137,
        0.00011375081059279623,
        -0.0005121338337682115,
        1.2063538601506596e-05,
        -1.4461782633852152e-21,
        1.2074466439258967e-287,
        -1.4058801009585664e-212,
        9.4e-323,
        0.22885588391845985
      ]
    ]
  },
  "cues": [
    [
      2,
      4
    ],
    [
      1,
      5
    ],
    [
      9,
      2
    ],
    [
      0,
      6
    ],
    [
      6,
      1
    ]
  ],
  "env": {
    "delay": 0,
    "grid_size": 10,
    "max_steps": 200,
    "noise": 0.0,
    "num_cues": 5,
    "reward_sparse_prob": 1.0
  },
  "seed": 20
}