{
  "agent": {
    "action_size": 4,
    "cue_exploration_bias": 0.8177777777777777,
    "cue_regularization": 0.0045555555555555575,
    "epsilon": 0.05,
    "state_size": 11,
    "target_weights": [
      [
        -0.023573675439889183,
        -0.00313091177922039,
        -0.02822502102640464,
        -0.0474609541309408,
        -1.5741891957844848e-05,
        1.2606203271304983e-05,
        3.264657082935482e-07,
        8.947962663917971e-13,
        1.3724626507351281e-157,
        1.7181614272112648e-05,
        1.261037072383507e-05,
        -0.07305086262796882
      ],
      [
        -0.01908551780841798,
        -0.02050590226995239,
        -0.02701491461271444,
        -0.011514350453596653,
        -2.8998499971500808e-05,
        1.939981296859245e-05,
        0.00011150254203593338,
        -0.00013259589037035058,
        -2.647532776633412e-07,
        6.928887003597075e-05,
        6.5413721695332275e-06,
        -0.06621342804163485
      ],
      [
        -0.0011885732247983202,
        0.014579023428514078,
        -0.05496279262583272,
        -0.037938461610663166,
        7.343056835371704e-05,
        -9.453693291677103e-05,
        3.994219487927965e-24,
        2.1676896389655777e-06,
        2.6322646262271176e-143,
        -1.0115451873428125e-06,
        -5.930517529425887e-07,
        -0.06958681750404787
      ],
      [
        0.004436678039409615,
        0.028385782398322797,
        -0.0505339955741965,
        -0.06996027936257616,
        0.0002802550456128341,
        -0.0002300315636980835,
        2.742517008885165e-06,
        7.13841372966787e-09,
        5.484692889893588e-147,
        -0.00010294299020479478,
        -4.2144324801782185e-05,
        -0.0708666573491579
      ]
    ],
    "weights": [
      [
        -0.023495620243537938,
        -0.003064025289863648,
        -0.028095079001718367,
        -0.04731984339926003,
        -4.44932516824875e-05,
        2.9444817379607315e-05,
        8.979625798563057e-05,
        2.9909605143436915e-13,
        4.587615918775888e-158,
        5.743154256532326e-06,
        4.215162973166838e-06,
        -0.0728428654069313
      ],
      [
        -0.019031502158382074,
        -0.02053149026009229,
        -0.026994777100379043,
        -0.01141460930108545,
        -3.98212238021988e-05,
        7.656641407003244e-06,
        9.178171754761064e-05,
        -7.642310948868511e-05,
        -8.849686004248428e-08,
        2.316061009024564e-05,
        2.186529672010704e-06,
        -0.06613927487926358
      ],
      [
        -0.001248530104803271,
        0.014687216155282855,
        -0.05477163194953354,
        -0.03791545054113772,
        4.6694300166435914e-05,
        -6.0096942904761074e-05,
        1.3351142849744127e-24,
        7.245754548845094e-07,
        8.798650437038885e-144,
        1.891764083879629e-05,
        -4.7371499038708757e-07,
        -0.06945561370775366
      ],
      [
        0.0032737963569897718,
        0.027308032620107545,
        -0.05060494902292539,
        -0.07011636471550962,
        0.00043986188709604327,
        -0.00017240243148762205,
        9.167181839692442e-07,
        2.3860977523498956e-09,
        1.8333223419810739e-147,
        -7.271451205255046e-05,
        -5.2784047211459034e-05,
        -0.0721004924803066
      ]
    ]
  },
  "cues": [
    [
      0,
      1
    ],
    [
      1,
      5
    ],
    [
      2,
      4
    ],
    [
      4,
      9
    ],
    [
      3,
      9
    ]
  ],
  "env": {
    "delay": 5,
    "grid_size": 10,
    "max_steps": 200,
    "noise": 0.16,
    "num_cues": 5,
    "reward_sparse_prob": 0.18
  },
  "seed": 2
}