{
  "agent": {
    "action_size": 4,
    "cue_exploration_bias": 0.25555555555555554,
    "cue_regularization": 0.018611111111111113,
    "epsilon": 0.05,
    "state_size": 11,
    "target_weights": [
      [
        0.06842360907697091,
        0.07817050962905875,
        0.0018485876858653134,
        0.0080702078887203,
        1.7931789964223398e-05,
        -5.371673469744724e-05,
        1.1196349608973568e-53,
        3.4232201183151474e-55,
        3.5857580039207547e-273,
        6.63524436257215e-110,
        4.087865640151879e-14,
        0.021978839014700866
      ],
      [
        0.16977607339904113,
        0.12149490702354314,
        -0.04157993524277256,
        -0.004837722055483143,
        0.00015521546217017862,
        -0.0003426016861042615,
        -2.811490765925614e-29,
        1.33306077128152e-09,
        1.983745679105581e-152,
        -3.708980730255717e-34,
        -2.6114530570765444e-05,
        0.10575238883911804
      ],
      [
        0.04298825563766315,
        0.0417304895448256,
        -0.03027542167663394,
        -0.006285059907442277,
        -3.266559106432647e-08,
        -7.141504752199782e-08,
        3.822475898659502e-142,
        1.485768294168387e-56,
        2.971115225268795e-276,
        3.9942763901875115e-115,
        1.6499450445356763e-16,
        0.04622901963594569
      ],
      [
        0.11064641505890284,
        0.17576224606172602,
        -0.02194330132691182,
        -0.02633200086386337,
        -0.00013422640566873055,
        -3.0083355776755756e-05,
        9.48711567381486e-16,
        -5.831447389355358e-06,
        -1.5307818502296992e-277,
        3.418840834364984e-114,
        -7.33170045025641e-07,
        0.10116442623800824
      ]
    ],
    "weights": [
      [
        0.07031929812383404,
        0.0800052057147253,
        0.0021873030092264593,
        0.008469916173278054,
        5.9209634951733326e-06,
        -8.6862171504151e-05,
        1.2329607490600962e-55,
        0.00014656163415989042,
        3.948696699251853e-275,
        7.306842091566068e-112,
        4.501626027914602e-16,
        0.02421324338492514
      ],
      [
        0.1674389550566839,
        0.11898969938485647,
        -0.041429212660178086,
        -0.004518910176559353,
        0.0001547773067289894,
        4.435011921413968e-05,
        -3.0960606642301675e-31,
        1.9016413735177193e-05,
        2.1845339274636814e-154,
        -4.084391626857012e-36,
        2.12433053650734e-05,
        0.10356599307935514
      ],
      [
        0.04361358989975514,
        0.04260184853149795,
        -0.029549660082970355,
        -0.005805323038359052,
        -8.687776904090114e-06,
        -1.4651326770132646e-05,
        4.2093744049382547e-144,
        1.6361529006198445e-58,
        3.271841789180343e-278,
        4.3985639802204496e-117,
        5.564028842297724e-05,
        0.04758011549170126
      ],
      [
        0.11179260450754956,
        0.17705594378022016,
        -0.021419048632821954,
        -0.025955256439621016,
        -0.0006169173530256127,
        -0.00017980412037505973,
        1.0447370487816427e-17,
        -5.3598270682344675e-06,
        -1.685722581576155e-279,
        3.764884719817479e-116,
        -8.073791186180292e-09,
        0.10283486838074483
      ]
    ]
  },
  "cues": [
    [
      9,
      4
    ],
    [
      5,
      8
    ],
    [
      0,
      7
    ],
    [
      3,
      0
    ],
    [
      2,
      1
    ]
  ],
  "env": {
    "delay": 1,
    "grid_size": 10,
    "max_steps": 200,
    "noise": 0.05,
    "num_cues": 5,
    "reward_sparse_prob": 0.65
  },
  "seed": 5
}