{
  "agent": {
    "action_size": 4,
    "cue_exploration_bias": 0.8177777777777777,
    "cue_regularization": 0.0045555555555555575,
    "epsilon": 0.05,
    "state_size": 11,
    "target_weights": [
      [
        -0.0509480297207025,
        -0.015206950762302798,
        -0.05969253333691573,
        -0.0165891002548705,
        4.682515266650278e-06,
        1.619466110454661e-06,
        3.0750476336038e-100,
        2.2103305536043486e-103,
        6.477635517483504e-09,
        -3.321141895348567e-194,
        -1.0457417069882948e-12,
        -0.07212380690618232
      ],
      [
        -0.011399681180225326,
        -0.031551670046218755,
        -0.12102465816460917,
        -0.05389820325224992,
        0.0002428060283878728,
        5.040709717108203e-05,
        -3.010723054485283e-128,
        -1.6588686755933655e-15,
        3.201343049353861e-81,
        2.637939547850963e-35,
        3.6129895348426206e-11,
        -0.059835983461565635
      ],
      [
        -0.033963951522271205,
        -0.019097372037389343,
        -0.05532840577284816,
        -0.01975194614139765,
        -3.2160154452023877e-06,
        -2.6837893958097616e-06,
        3.182079708208866e-115,
        -2.1425836944213787e-100,
        3.64411527127228e-05,
        -1.1310376038289872e-201,
        8.330666310754907e-08,
        -0.08184757635875164
      ],
      [
        -0.045437311870316674,
        -0.037366936874545904,
        -0.03225173232024425,
        -0.022633763920814814,
        4.0538698789507916e-06,
        -3.8481015761463416e-07,
        -1.88694696550553e-89,
        -3.2552132662303895e-05,
        5.393307538492322e-05,
        3.9375704148554514e-06,
        -2.2251865097158593e-05,
        -0.07022565213449472
      ]
    ],
    "weights": [
      [
        -0.050983516352063475,
        -0.015263398975206587,
        -0.05972259642226268,
        -0.01659820175867463,
        8.8734671744414e-06,
        2.80377254803105e-06,
        5.729514716839744e-101,
        4.118349679388525e-104,
        1.2069311584695735e-09,
        -6.1880444251239805e-195,
        -6.141501532714249e-06,
        -0.07218935662289024
      ],
      [
        -0.011875681899334673,
        -0.03201052744020497,
        -0.12106694565830528,
        -0.053957634071069224,
        6.698239970899757e-05,
        4.0740962576867856e-05,
        -5.609663362770745e-129,
        -3.0908504916321674e-16,
        5.964831866174865e-82,
        4.915082711688833e-36,
        6.731823105910275e-12,
        -0.06035427167437114
      ],
      [
        -0.034124334906889583,
        -0.01929789469266093,
        -0.0554076791972841,
        -0.019791080295180383,
        3.201672904255565e-05,
        1.0586593379525711e-05,
        5.928939870428321e-116,
        -3.9921218374303185e-101,
        6.789817448175863e-06,
        -2.1073808826963656e-202,
        1.5521930361974043e-08,
        -0.08208723316780597
      ],
      [
        -0.04550200645687092,
        -0.037368296611797115,
        -0.032226829953090994,
        -0.022672196402964556,
        2.3565503499665337e-05,
        -1.1778781822035468e-05,
        -3.5158123375441068e-90,
        -6.065204360252852e-06,
        3.107940322263654e-05,
        -1.1217406197863166e-05,
        -4.101052037161134e-05,
        -0.07026544435389566
      ]
    ]
  },
  "cues": [
    [
      3,
      5
    ],
    [
      6,
      2
    ],
    [
      3,
      0
    ],
    [
      1,
      2
    ],
    [
      3,
      8
    ]
  ],
  "env": {
    "delay": 5,
    "grid_size": 10,
    "max_steps": 200,
    "noise": 0.16,
    "num_cues": 5,
    "reward_sparse_prob": 0.18
  },
  "seed": 8
}