{
  "agent": {
    "action_size": 4,
    "cue_exploration_bias": 0.85,
    "cue_regularization": 0.0037500000000000007,
    "epsilon": 0.05,
    "state_size": 11,
    "target_weights": [
      [
        -0.011207910297882723,
        -0.059832284573761836,
        -0.02661771135804055,
        -0.06988731764968753,
        2.8754845128544827e-05,
        -5.6412491100509585e-05,
        2.0760323138999974e-06,
        2.9818191881310264e-05,
        5.4833374452835565e-151,
        2.0483191749756802e-107,
        6.947900584074135e-82,
        -0.08961498190146083
      ],
      [
        -0.0008112240074941643,
        -0.04546580705436217,
        -0.08438083961042649,
        -0.06746528729998864,
        0.00032609048405260916,
        -2.5835670562142823e-05,
        3.09011244957511e-32,
        -1.2218674427791548e-05,
        1.0649829616385835e-40,
        -4.9105767212839045e-115,
        1.3191475152067544e-166,
        -0.08615037034446493
      ],
      [
        -0.04112892651083805,
        -0.060679064544557126,
        -0.05098406425856593,
        -0.06417251678789922,
        -7.1776793925040165e-06,
        -2.180325468952722e-05,
        3.409037367729572e-05,
        -3.7519149139344725e-09,
        3.4551289841823226e-130,
        4.403621425721661e-08,
        2.681575274909478e-07,
        -0.06448551704991667
      ],
      [
        -0.07160073176376111,
        -0.04087227051400173,
        -0.03971936404164809,
        -0.017201524098250563,
        3.9293760087843704e-05,
        2.364091151284938e-06,
        2.619933434962836e-05,
        2.4130273411253257e-05,
        3.6596243956183323e-07,
        -3.154136906689691e-05,
        3.756431688486756e-05,
        -0.08993179935153175
      ]
    ],
    "weights": [
      [
        -0.011259913945854131,
        -0.05990444425697248,
        -0.026665411834458096,
        -0.06991486209086586,
        4.3674742796110016e-05,
        -2.3592403003457215e-05,
        1.362973971891791e-06,
        1.957648691255328e-05,
        3.599966227395208e-151,
        1.3447795118246907e-107,
        4.5614933794527513e-82,
        -0.0897146860258498
      ],
      [
        -0.0007904427618017353,
        -0.04545117983124515,
        -0.0844225402178601,
        -0.06750083388484687,
        0.0002964792512276493,
        -0.00010440255793934445,
        2.028746282410968e-32,
        -1.0397327566149905e-05,
        6.991914564637859e-41,
        -3.223932601277462e-115,
        8.660576794852068e-167,
        -0.0861712897062061
      ],
      [
        -0.04111904001964755,
        -0.0606780915605299,
        -0.05096489165008713,
        -0.06414443067225714,
        -4.3043744368270945e-06,
        -1.9270812463069563e-05,
        7.39061014401628e-05,
        -2.463238331217828e-09,
        2.2683899684214045e-130,
        2.8911021014159205e-08,
        1.7605300644401463e-07,
        -0.06445645795024742
      ],
      [
        -0.07157816321379837,
        -0.04089728319058929,
        -0.03967329728497177,
        -0.01710787611502393,
        4.351208970557715e-05,
        3.425742402907711e-06,
        5.9321282794955764e-05,
        3.4612700123082576e-05,
        -2.6589859269738295e-05,
        -2.0707801505870097e-05,
        2.645309339837455e-05,
        -0.08986316404489268
      ]
    ]
  },
  "cues": [
    [
      3,
      0
    ],
    [
      8,
      0
    ],
    [
      2,
      3
    ],
    [
      2,
      5
    ],
    [
      3,
      1
    ]
  ],
  "env": {
    "delay": 6,
    "grid_size": 10,
    "max_steps": 200,
    "noise": 0.2,
    "num_cues": 5,
    "reward_sparse_prob": 0.1
  },
  "seed": 15
}