{
  "agent": {
    "action_size": 4,
    "cue_exploration_bias": 0.8177777777777777,
    "cue_regularization": 0.0045555555555555575,
    "epsilon": 0.05,
    "state_size": 11,
    "target_weights": [
      [
        -0.04222799372158538,
        -0.06333798649452411,
        -0.03775595614215453,
        -0.06215841638731194,
        -1.415883488987099e-05,
        -2.6940534538227425e-05,
        -1.1967065373582085e-153,
        -1.3678119889128454e-288,
        5.4e-322,
        -1.1635101438012233e-89,
        -8.943171618992463e-183,
        -0.11258816453037682
      ],
      [
        -0.0351468297591934,
        -0.061298474677034094,
        -0.03207703269914356,
        -0.0573815114999038,
        -3.489049915058947e-05,
        6.296942035308337e-05,
        -7.237748802038826e-192,
        1.940780489490768e-252,
        -1.8902970783991527e-282,
        2.46239858254226e-100,
        -2.657999781940344e-17,
        -0.1218308594549753
      ],
      [
        -0.04479478935019902,
        -0.06562922850269443,
        -0.04367055296103839,
        -0.06288637471411708,
        -3.747855316339833e-05,
        -2.2484554875515347e-05,
        -1.0345782659841791e-143,
        -3.299491657115135e-255,
        -9.930910959418752e-239,
        -1.8977112744473526e-60,
        -1.160164861934739e-117,
        -0.10577229881937729
      ],
      [
        -0.0758213318366149,
        -0.04203558378074007,
        -0.06226715911458617,
        -0.03618895050800578,
        2.352801190258224e-05,
        -4.535785655234425e-05,
        1.1168678982644884e-194,
        6.81253720104747e-255,
        -5.4e-322,
        1.5324955910566664e-08,
        1.494313641859536e-141,
        -0.11179584210834424
      ]
    ],
    "weights": [
      [
        -0.04223013622888833,
        -0.06334347604479172,
        -0.037763526608814824,
        -0.06216263981100758,
        -1.132560083586111e-05,
        -2.692947152526387e-05,
        -1.0340285555994282e-153,
        -1.181874261629252e-288,
        5.4e-322,
        -1.0053448158443034e-89,
        -7.727454094199987e-183,
        -0.11259787750434007
      ],
      [
        -0.03515040947956166,
        -0.061305211763077266,
        -0.03209009439874254,
        -0.057391415833827876,
        -3.333472344183376e-05,
        5.089382768797217e-05,
        -6.253863170234789e-192,
        1.6769545278108485e-252,
        -1.6333337343889022e-282,
        2.1276648619611455e-100,
        -2.2966764110528804e-17,
        -0.12184750087494255
      ],
      [
        -0.04479773311966925,
        -0.06563166659140317,
        -0.04367698028017751,
        -0.06289330771401769,
        -3.399260337323657e-05,
        -2.1980675646684572e-05,
        -8.939396891670573e-144,
        -2.850965116268841e-255,
        -8.580922051134873e-239,
        -1.6397400589065032e-60,
        -1.0024542851515325e-117,
        -0.10578166990798663
      ],
      [
        -0.07582201674142564,
        -0.042038789508660135,
        -0.06229799798021007,
        -0.03621726855052035,
        -1.0258274974003716e-06,
        -4.362127995487733e-05,
        9.650430273300258e-195,
        5.886454015298747e-255,
        -5.4e-322,
        1.3241710920882917e-08,
        1.291179523524259e-141,
        -0.11182736587877887
      ]
    ]
  },
  "cues": [
    [
      8,
      1
    ],
    [
      5,
      9
    ],
    [
      9,
      4
    ],
    [
      1,
      8
    ],
    [
      5,
      6
    ]
  ],
  "env": {
    "delay": 5,
    "grid_size": 10,
    "max_steps": 200,
    "noise": 0.16,
    "num_cues": 5,
    "reward_sparse_prob": 0.18
  },
  "seed": 29
}