{
  "agent": {
    "action_size": 4,
    "cue_exploration_bias": 0.25555555555555554,
    "cue_regularization": 0.018611111111111113,
    "epsilon": 0.05,
    "state_size": 11,
    "target_weights": [
      [
        0.04037960728204504,
        0.0737514179830955,
        -0.03364062592696129,
        0.011832075412433305,
        -7.57229490589765e-05,
        9.650536617811136e-06,
        8.549838892330898e-222,
        1.770002612334722e-35,
        3.231990938133993e-11,
        -1.3e-322,
        9.499465196499359e-183,
        0.045255737506520094
      ],
      [
        0.1493552484852742,
        0.12194524200941086,
        -0.09997566970941431,
        -0.02559119718718808,
        1.3007727393085097e-05,
        2.934696499133024e-05,
        2.3942781313765416e-123,
        2.9009875122040507e-05,
        3.6733673343581745e-15,
        2.3950431615251798e-226,
        1.6524997737430774e-98,
        0.12196793465912645
      ],
      [
        0.07234031438174691,
        0.09358541254962804,
        -0.02014752156980998,
        0.009050419378641783,
        -6.392933341960817e-05,
        -9.964824724281504e-06,
        -4.842404850599127e-268,
        3.3372704728451566e-08,
        4.3371724020253956e-32,
        2.0843859126334386e-17,
        4.942090210044696e-179,
        0.05963757374830548
      ],
      [
        0.12050905564659511,
        0.15774558837462804,
        -0.01389505116668483,
        -0.033443240499516705,
        0.00029813437920479807,
        1.6465262585948194e-06,
        -3.951356867526165e-173,
        5.518635411462994e-06,
        1.8819104594879996e-05,
        -1.7095056656904583e-07,
        -3.2477768379272857e-168,
        0.11407739653597644
      ]
    ],
    "weights": [
      [
        0.04138513411555527,
        0.07426066814839978,
        -0.03346027365936899,
        0.012508704348231555,
        -0.00010292198167582793,
        -1.0829464253711038e-05,
        7.720108866965253e-223,
        4.126039806541283e-05,
        2.9183382533465785e-12,
        -1.3e-322,
        8.577577474670892e-184,
        0.046441616607622624
      ],
      [
        0.14981699563562834,
        0.12249404640829861,
        -0.09987258870522175,
        -0.025575173431529048,
        -0.0004662397332749283,
        -0.00010344272002370567,
        2.161922354888003e-124,
        8.578949967345842e-06,
        3.316880713978899e-16,
        2.162613141709649e-227,
        1.4921308245206025e-99,
        0.12253276281367324
      ],
      [
        0.07234031438174691,
        0.09358541254962804,
        -0.02014752156980998,
        0.009050419378641783,
        -5.772522968059625e-06,
        -8.997775593255345e-07,
        -4.3724674927008026e-269,
        3.0134008012692878e-09,
        3.91626597180299e-33,
        1.882104021952148e-18,
        4.462478759235041e-180,
        0.05963757374830548
      ],
      [
        0.11923201802054495,
        0.1563340955823511,
        -0.01387447246553358,
        -0.03328820663213861,
        0.0002327308057318025,
        1.2454817513353397e-05,
        -3.5678923981708384e-174,
        8.634803664755224e-06,
        9.029109414692377e-06,
        9.346282263490551e-08,
        -2.9325921903507643e-169,
        0.11282093761107756
      ]
    ]
  },
  "cues": [
    [
      3,
      5
    ],
    [
      6,
      2
    ],
    [
      3,
      0
    ],
    [
      1,
      2
    ],
    [
      3,
      8
    ]
  ],
  "env": {
    "delay": 1,
    "grid_size": 10,
    "max_steps": 200,
    "noise": 0.05,
    "num_cues": 5,
    "reward_sparse_prob": 0.65
  },
  "seed": 8
}