{
  "agent": {
    "action_size": 4,
    "cue_exploration_bias": 0.25555555555555554,
    "cue_regularization": 0.018611111111111113,
    "epsilon": 0.05,
    "state_size": 11,
    "target_weights": [
      [
        0.04475102738258855,
        0.03940030195007853,
        -0.019579767939043886,
        -0.061337570957573355,
        -1.9247527956385957e-05,
        -2.0023496948358764e-05,
        1.3e-322,
        9.706115191004113e-06,
        5.850690752054726e-177,
        3.0035139614244654e-08,
        1.3e-322,
        -0.026564678766063696
      ],
      [
        0.08692697794333709,
        0.07162058355682561,
        -0.03935849822151039,
        -0.03771726702564076,
        -0.00031115645044510747,
        2.1693598064496524e-05,
        -1.3e-322,
        1.1786308665433772e-05,
        1.2607668942338279e-16,
        2.8092818173381755e-07,
        -1.3e-322,
        0.0707414569660417
      ],
      [
        0.044347107478448354,
        0.032040330153486535,
        -0.004863358109100353,
        -0.05249931117870767,
        -3.785504411377066e-05,
        1.5600339867454614e-05,
        1.3e-322,
        2.306985686949317e-05,
        5.147749213160702e-28,
        9.249445189006886e-10,
        1.3e-322,
        -0.007500467463599583
      ],
      [
        0.07259422955014684,
        0.10983924180470234,
        -0.04169975361497864,
        -0.09787337695053758,
        6.737941060670376e-05,
        -0.00011267882003921677,
        -1.3e-322,
        -6.202341590589374e-05,
        2.2962965443620288e-06,
        -2.343650964773207e-05,
        -1.3e-322,
        0.06087916181487288
      ]
    ],
    "weights": [
      [
        0.04756025351479646,
        0.04291527113873049,
        -0.01870089606251198,
        -0.061164442137485495,
        -7.017310243572805e-05,
        -3.7595634600361364e-05,
        1.3e-322,
        3.3208716641875674e-06,
        4.307285149188669e-180,
        2.211190375577623e-11,
        1.3e-322,
        -0.02287658075732387
      ],
      [
        0.08548644175559596,
        0.07082195063104907,
        -0.03842060594683233,
        -0.03742127801292734,
        1.1591686947099439e-05,
        2.352595219361463e-06,
        -1.3e-322,
        4.4278490212809685e-06,
        1.1899440454582806e-05,
        4.209227913182077e-05,
        -1.3e-322,
        0.07023881305297852
      ],
      [
        0.04696312203159631,
        0.034646016945182205,
        -0.0043855850724024556,
        -0.05201121038055746,
        -5.546143428378182e-05,
        -2.846038093430148e-05,
        1.3e-322,
        1.698405472088546e-08,
        3.789778793180579e-31,
        6.809452009893423e-13,
        1.3e-322,
        -0.004406679873753718
      ],
      [
        0.0726841329161957,
        0.11081617065091774,
        -0.0418296836169373,
        -0.09889033243266275,
        0.00016733088543099235,
        -4.358735026991607e-05,
        -1.3e-322,
        -2.0980924346327317e-05,
        -4.40365537410245e-08,
        -3.6352585909563576e-05,
        -1.3e-322,
        0.06083913517896302
      ]
    ]
  },
  "cues": [
    [
      4,
      1
    ],
    [
      0,
      9
    ],
    [
      4,
      6
    ],
    [
      6,
      8
    ],
    [
      5,
      2
    ]
  ],
  "env": {
    "delay": 1,
    "grid_size": 10,
    "max_steps": 200,
    "noise": 0.05,
    "num_cues": 5,
    "reward_sparse_prob": 0.65
  },
  "seed": 23
}