{
  "agent": {
    "action_size": 4,
    "cue_exploration_bias": 0.5666666666666667,
    "cue_regularization": 0.010833333333333334,
    "epsilon": 0.05,
    "state_size": 11,
    "target_weights": [
      [
        -0.031146369563610842,
        -0.047860953003082275,
        -0.04373060607362873,
        -0.07412455108519725,
        3.7219854625166127e-06,
        -4.002443732438057e-06,
        2.27e-322,
        1.2622720768086537e-62,
        7.58497914230731e-12,
        -8.691018548032787e-07,
        2.27e-322,
        -0.12661291384684864
      ],
      [
        -0.05562468960573746,
        -0.07654783963315406,
        -0.0571062134252768,
        -0.04984822658850254,
        8.403809561285409e-06,
        -4.0100246338760485e-06,
        -2.27e-322,
        7.829711195419593e-38,
        -1.6138505606262664e-06,
        7.712206756782271e-29,
        -2.27e-322,
        -0.0895579257867978
      ],
      [
        -0.03208292461686608,
        -0.059951630771660706,
        -0.03826616284792133,
        -0.07034018708769672,
        5.414845261083814e-06,
        -8.123633112638882e-07,
        2.27e-322,
        3.60374219133489e-28,
        -2.965296108028077e-35,
        -5.007983438354868e-06,
        2.27e-322,
        -0.11733330429773736
      ],
      [
        -0.05608845426032751,
        -0.06438097361540185,
        -0.06159177271794399,
        -0.07222786444387477,
        5.741679282601894e-05,
        3.8683927021336006e-05,
        -2.27e-322,
        -2.2813355107855218e-06,
        -1.9848811402506066e-06,
        -5.769820389593412e-06,
        2.27e-322,
        -0.0876955410985693
      ]
    ],
    "weights": [
      [
        -0.031147620939980428,
        -0.04785815664115583,
        -0.04372461903506499,
        -0.07412261178492953,
        -4.405012994255207e-07,
        -1.2720776352890379e-06,
        2.27e-322,
        5.280934825488751e-63,
        3.173307976873551e-12,
        -3.6360388035607613e-07,
        2.27e-322,
        -0.12660817818465447
      ],
      [
        -0.05561923011906775,
        -0.07653671318382413,
        -0.05709711098667843,
        -0.0498447911125644,
        4.6318555211533144e-07,
        -1.1946448248634814e-06,
        -2.27e-322,
        3.2756958887935824e-38,
        -6.751824575168609e-07,
        3.226535862714402e-29,
        -2.27e-322,
        -0.08954336386152975
      ],
      [
        -0.032085184293680645,
        -0.05995395074520813,
        -0.03826689169110787,
        -0.07034085563415042,
        2.39864924394702e-06,
        -5.008859995440825e-07,
        2.27e-322,
        1.5076882385308796e-28,
        -1.240583212801713e-35,
        -2.4705861219819175e-06,
        2.27e-322,
        -0.11733629281773847
      ],
      [
        -0.05624215854586288,
        -0.06449441784954943,
        -0.06160116384121476,
        -0.07227751561853334,
        7.503013472879057e-05,
        1.5093845093907969e-05,
        -2.27e-322,
        -2.251106139075174e-06,
        -4.330127597888643e-06,
        -2.41390473512295e-06,
        2.27e-322,
        -0.08785863650737537
      ]
    ]
  },
  "cues": [
    [
      4,
      1
    ],
    [
      0,
      9
    ],
    [
      4,
      6
    ],
    [
      6,
      8
    ],
    [
      5,
      2
    ]
  ],
  "env": {
    "delay": 3,
    "grid_size": 10,
    "max_steps": 200,
    "noise": 0.1,
    "num_cues": 5,
    "reward_sparse_prob": 0.3
  },
  "seed": 23
}