{
  "agent": {
    "action_size": 4,
    "cue_exploration_bias": 0.25555555555555554,
    "cue_regularization": 0.018611111111111113,
    "epsilon": 0.05,
    "state_size": 11,
    "target_weights": [
      [
        0.09506301936260195,
        0.05934433226333715,
        0.012788440120577407,
        0.0029946742017464426,
        -9.267235556839657e-06,
        -6.437831658398392e-05,
        6.2748384205596e-125,
        3.723511127963136e-90,
        6.097066456394924e-61,
        1.6193837545937533e-170,
        1.6831481711779842e-05,
        0.07524724481654392
      ],
      [
        0.21856310261112236,
        0.1455396688863782,
        -0.03701666735473244,
        -0.015449357348589772,
        5.765986522723377e-05,
        -0.00041585155822600856,
        -1.363120729893189e-56,
        -5.278748269354642e-06,
        -1.9813179758228287e-07,
        3.130329189069827e-199,
        -7.987869230925259e-07,
        0.12693943825974907
      ],
      [
        0.08843289844523476,
        0.06477844655595338,
        0.013540386081027827,
        -0.0028554229352662475,
        -7.499868428151184e-06,
        -6.351770346865117e-08,
        1.198498420908638e-93,
        1.1363184571407653e-63,
        2.806362390786331e-123,
        1.1536121844472225e-198,
        8.855039175604134e-07,
        0.08466632801812236
      ],
      [
        0.12980096545790823,
        0.2081092894634112,
        -0.00600869760795975,
        -0.02445306495100859,
        -0.00037185525690242,
        0.00040583675293751363,
        1.830249638972994e-85,
        -1.380855925053261e-20,
        3.814919141484184e-06,
        -1.9767485338813244e-198,
        -4.993726566500175e-10,
        0.15008491669280322
      ]
    ],
    "weights": [
      [
        0.09579131370505299,
        0.06001622791334638,
        0.012898793175814773,
        0.0031614259494256213,
        -9.223441393370154e-07,
        -8.839623328208087e-05,
        2.0763860095437847e-127,
        1.2321347410558106e-92,
        2.0175600773777538e-63,
        5.358649174301907e-173,
        8.080800631386786e-06,
        0.07608589221423233
      ],
      [
        0.21840954612178579,
        0.14494007705577627,
        -0.0365031023171078,
        -0.014489756969699744,
        0.0001368522999664131,
        -0.00015953945675006482,
        -4.510657682587653e-59,
        2.189644377218065e-05,
        -6.556313724312985e-10,
        1.0358468693240823e-201,
        9.67194013086241e-06,
        0.12729944680803704
      ],
      [
        0.0906238340042046,
        0.0667130252408258,
        0.013640915897218563,
        -0.0024985362449780747,
        -2.171613696247709e-05,
        -0.00011755859966664601,
        3.9659114495781445e-96,
        3.760153789877264e-66,
        9.28644088562669e-126,
        3.81737989041611e-201,
        2.9301916999078367e-09,
        0.08695779339328293
      ],
      [
        0.1303924586200749,
        0.20912332908865197,
        -0.005845595044424582,
        -0.02471250885054765,
        -4.947362385058813e-05,
        8.054673108584548e-05,
        6.056418491804245e-88,
        -4.569344629786558e-23,
        1.262382264213285e-08,
        -6.541193135251008e-201,
        -9.762838390253117e-06,
        0.15083951241850524
      ]
    ]
  },
  "cues": [
    [
      8,
      1
    ],
    [
      5,
      9
    ],
    [
      9,
      4
    ],
    [
      1,
      8
    ],
    [
      5,
      6
    ]
  ],
  "env": {
    "delay": 1,
    "grid_size": 10,
    "max_steps": 200,
    "noise": 0.05,
    "num_cues": 5,
    "reward_sparse_prob": 0.65
  },
  "seed": 29
}