{
  "agent": {
    "action_size": 4,
    "cue_exploration_bias": 0.5666666666666667,
    "cue_regularization": 0.010833333333333334,
    "epsilon": 0.05,
    "state_size": 11,
    "target_weights": [
      [
        0.02114454259361461,
        -0.004781506499934107,
        -0.011717119054365005,
        -0.0308799765976746,
        -1.5653584286883366e-05,
        -0.00011349604163579457,
        1.64335388567348e-94,
        8.685496736415302e-14,
        -6.880651798828998e-188,
        -2.27e-322,
        1.4279356267593376e-77,
        -0.013615829932499462
      ],
      [
        0.05245045802357919,
        0.04495279695312756,
        -0.06773560085575252,
        -0.030131743446087503,
        0.0001731052191677563,
        0.00016605572242954107,
        -6.774506980685991e-07,
        -9.315992052858563e-06,
        3.5420394727139655e-136,
        3.621286489118906e-169,
        -5.6024717152941484e-06,
        -0.0008078546698027535
      ],
      [
        0.010780388226650405,
        0.027387117883817615,
        -0.03297930581502331,
        -0.020715134087849096,
        -7.343147479986935e-05,
        -1.1004455675341178e-05,
        8.938606675238441e-90,
        -8.459934004277294e-09,
        2.9098547792517576e-185,
        -2.27e-322,
        -9.94083669584277e-210,
        -0.007005609266775769
      ],
      [
        0.022387872979792854,
        0.04191832469647967,
        -0.02451511746118861,
        -0.0429291476407677,
        0.00016826638171810968,
        -6.028962641678082e-06,
        -8.481900738951187e-06,
        -1.8219545642893823e-05,
        -3.052834587454099e-149,
        -3.2144513220737026e-222,
        7.608953619587824e-206,
        0.020708176639495396
      ]
    ],
    "weights": [
      [
        0.021714079583302202,
        -0.004280361501148682,
        -0.011643322810871702,
        -0.030737788363279128,
        -6.377330295279195e-05,
        -6.936174426402525e-05,
        4.229353565026442e-96,
        2.121468501466831e-06,
        -1.770812085502629e-189,
        -2.27e-322,
        3.674950773726908e-79,
        -0.012972496699318563
      ],
      [
        0.05145914029010239,
        0.0437061421751731,
        -0.06799766992063953,
        -0.030138475466496933,
        0.00020242601524951,
        9.911382976393375e-05,
        2.5971174516229677e-06,
        -1.3386400877631566e-06,
        9.115831594147398e-138,
        9.319782583810597e-171,
        -3.630191912475184e-05,
        -0.0020612414681666124
      ],
      [
        0.011323291342490736,
        0.02797880735724013,
        -0.03288024285915029,
        -0.020664857489558257,
        -6.7100107923835e-05,
        -3.625697137058603e-05,
        2.3004496072247908e-91,
        -2.1772578841845263e-10,
        7.48883414073293e-187,
        -2.27e-322,
        -2.5583846233873187e-211,
        -0.006363643195062415
      ],
      [
        0.02236169429472419,
        0.04190186948928119,
        -0.024473061571451588,
        -0.04289681522890086,
        2.5324690181263405e-05,
        -1.4852702520394374e-05,
        -1.1190417776151769e-05,
        -2.7104985174193618e-05,
        -7.856808541632916e-151,
        -8.272747140549623e-224,
        1.9582486400326523e-207,
        0.020724053844163766
      ]
    ]
  },
  "cues": [
    [
      5,
      2
    ],
    [
      6,
      0
    ],
    [
      1,
      8
    ],
    [
      1,
      5
    ],
    [
      9,
      0
    ]
  ],
  "env": {
    "delay": 3,
    "grid_size": 10,
    "max_steps": 200,
    "noise": 0.1,
    "num_cues": 5,
    "reward_sparse_prob": 0.3
  },
  "seed": 7
}