{
  "agent": {
    "action_size": 4,
    "cue_exploration_bias": 0.5666666666666667,
    "cue_regularization": 0.010833333333333334,
    "epsilon": 0.05,
    "state_size": 11,
    "target_weights": [
      [
        -0.043883054272950923,
        -0.006077143574767837,
        -0.05975349107077326,
        -0.018714889728511527,
        -2.388337613386988e-06,
        -6.531070159757251e-07,
        2.520353122015709e-227,
        1.6511665828628763e-09,
        4.524307525495369e-05,
        -2.27e-322,
        6.004766935011622e-200,
        -0.06511978919228828
      ],
      [
        -0.004089761948953912,
        -0.022396397645270214,
        -0.11463709219657985,
        -0.0493559904539,
        0.00015182881650287671,
        1.1008531018524693e-05,
        -3.4e-322,
        1.232676165058185e-09,
        1.765891847136693e-26,
        2.27e-322,
        6.191450767466172e-130,
        -0.04613849826226663
      ],
      [
        -0.023085762948637022,
        -0.0038094864106255587,
        -0.05296925110283258,
        -0.021802488524511596,
        -7.494314832021834e-06,
        -2.731729129497044e-06,
        1.1670238592320727e-227,
        6.324612375119974e-36,
        9.49168940719824e-06,
        -2.27e-322,
        7.4804331478403e-179,
        -0.06861023311510152
      ],
      [
        -0.02605667009428527,
        -0.012470757497021652,
        -0.03494317429331916,
        -0.030840743495382173,
        3.1415924193114534e-06,
        -3.7467987312963904e-06,
        -9.589597238953984e-228,
        -2.843810492051425e-07,
        -8.44510966199145e-06,
        1.4974446638328155e-07,
        -4.803443609443559e-41,
        -0.053536452331538045
      ]
    ],
    "weights": [
      [
        -0.04382707032341567,
        -0.006029435768679137,
        -0.05973749565662033,
        -0.018690618170912044,
        -1.7756841785790078e-05,
        -3.965937062045179e-06,
        1.302440894635844e-228,
        1.7142149906491123e-05,
        2.338022830864705e-06,
        -2.27e-322,
        3.103078672032024e-201,
        -0.0650478098286001
      ],
      [
        -0.0033919273610269387,
        -0.021363401760904094,
        -0.11449844964352271,
        -0.04955250919728202,
        0.0001266916152962244,
        6.343083935508047e-06,
        -2.27e-322,
        5.259663736181859e-06,
        9.125585367876559e-28,
        2.27e-322,
        3.199551128860493e-131,
        -0.045302021121282544
      ],
      [
        -0.02307096912938506,
        -0.003801923887378036,
        -0.05295551821638585,
        -0.02178152434206041,
        -3.795394291000493e-06,
        -7.750381844108951e-07,
        6.030819991065212e-229,
        3.2683649478006947e-37,
        9.072228568179434e-06,
        -2.27e-322,
        3.865657536728306e-180,
        -0.0685817064094028
      ],
      [
        -0.026200126294717102,
        -0.012591352494977828,
        -0.03488298304998701,
        -0.0308034134545257,
        2.9856670478556952e-05,
        2.942514727210884e-07,
        -4.955608600239151e-229,
        -1.4695937045837373e-08,
        -1.261907827808251e-05,
        7.738332976413482e-09,
        -2.4822717647648362e-42,
        -0.05361971728863774
      ]
    ]
  },
  "cues": [
    [
      3,
      5
    ],
    [
      6,
      2
    ],
    [
      3,
      0
    ],
    [
      1,
      2
    ],
    [
      3,
      8
    ]
  ],
  "env": {
    "delay": 3,
    "grid_size": 10,
    "max_steps": 200,
    "noise": 0.1,
    "num_cues": 5,
    "reward_sparse_prob": 0.3
  },
  "seed": 8
}