{
  "agent": {
    "action_size": 4,
    "cue_exploration_bias": 0.0,
    "cue_regularization": 0.025,
    "epsilon": 0.05,
    "state_size": 11,
    "target_weights": [
      [
        0.05018505819639378,
        0.06069911541025782,
        -0.016406040544174823,
        -0.04737459541188558,
        -5.966870863061557e-08,
        2.7685990514851637e-08,
        1.2084025756407357e-58,
        2.0396876491216345e-109,
        9.4e-323,
        1.9739642597353624e-76,
        3.5352032171072255e-24,
        0.034999413815735264
      ],
      [
        0.203819040762577,
        0.20137674966362387,
        -0.05712941775294622,
        0.007620332727313346,
        3.45638454436468e-05,
        2.6086195344099736e-05,
        -1.0231787407397655e-06,
        -8.252776530277769e-08,
        1.7415791916475725e-17,
        2.170086026014059e-49,
        -0.0004262878987905529,
        0.1593516740024106
      ],
      [
        0.039084150002132015,
        0.08428053249681956,
        -0.01038481626297851,
        -0.029403137566554573,
        -0.00012515916046631985,
        3.0625930658409473e-06,
        1.8140816992089216e-21,
        1.1827413691328171e-64,
        9.4e-323,
        9.4e-323,
        1.565682734698294e-05,
        0.0343281446812911
      ],
      [
        0.16099217210415895,
        0.2215637519427642,
        -0.011357411401319574,
        -0.07198884820043164,
        -8.00815892213876e-05,
        -3.4176909457971075e-06,
        7.558376268203971e-13,
        2.1770064812959778e-05,
        -7.005127669494375e-10,
        -4.138287154024901e-283,
        0.001530925149777996,
        0.1855993787892274
      ]
    ],
    "weights": [
      [
        0.05018505819639378,
        0.06069911541025782,
        -0.016406040544174823,
        -0.04737459541188558,
        -1.0386880869152605e-09,
        4.819462190852612e-10,
        2.1035369933776966e-60,
        3.55060350859311e-111,
        9.4e-323,
        3.436194963219982e-78,
        6.153934869221747e-26,
        0.034999413815735264
      ],
      [
        0.20667546520439842,
        0.20390276244502634,
        -0.05652733749882739,
        0.008552824641851203,
        -0.0004696979559484162,
        0.00030696671184638646,
        -7.876901064953106e-07,
        -1.4366090473047573e-09,
        3.0316686925174743e-19,
        3.7775955849085544e-51,
        -0.00016187262929121337,
        0.1628101786983509
      ],
      [
        0.03934957035976218,
        0.08467866303326481,
        -0.010053040815940809,
        -0.029204072298331954,
        -2.2051122846989535e-05,
        5.331234755307051e-08,
        3.157878045130839e-23,
        2.0588670313367028e-66,
        9.4e-323,
        9.4e-323,
        2.72547544892836e-07,
        0.03492534048595896
      ],
      [
        0.16283336173642154,
        0.2240641502278536,
        -0.010758032372825469,
        -0.07204867782476446,
        4.88639927878017e-05,
        1.582065347480922e-05,
        2.3630286750137757e-05,
        7.152961334397029e-06,
        -1.2194235177214708e-11,
        -7.203758327886207e-285,
        0.0006139755411532833,
        0.18803994744998415
      ]
    ]
  },
  "cues": [
    [
      7,
      4
    ],
    [
      8,
      5
    ],
    [
      2,
      6
    ],
    [
      0,
      5
    ],
    [
      7,
      9
    ]
  ],
  "env": {
    "delay": 0,
    "grid_size": 10,
    "max_steps": 200,
    "noise": 0.0,
    "num_cues": 5,
    "reward_sparse_prob": 1.0
  },
  "seed": 12
}