{
  "agent": {
    "action_size": 4,
    "cue_exploration_bias": 0.85,
    "cue_regularization": 0.0037500000000000007,
    "epsilon": 0.05,
    "state_size": 11,
    "target_weights": [
      [
        -0.04548394502309144,
        -0.017270790322786275,
        -0.04944595930461042,
        -0.024615072672693267,
        4.142809098963978e-06,
        5.306884048393678e-06,
        7.71864412864908e-09,
        -8.43030003735508e-08,
        1.9208081504308957e-48,
        8.16307954797628e-91,
        -2.6428450506298045e-10,
        -0.0638111425352509
      ],
      [
        -0.034138793457288465,
        -0.05372661869544037,
        -0.0273038738314581,
        -0.03402988020600152,
        3.0502073356507555e-05,
        -2.2114029350791273e-05,
        2.717339839636095e-10,
        -3.816609182953982e-05,
        -8.962756857737272e-06,
        -2.9521151797098033e-85,
        -2.790632316262305e-05,
        -0.05353252914778683
      ],
      [
        -0.03950584227060935,
        -0.027550337184789848,
        -0.04302558181415426,
        -0.03486587245692147,
        -9.28514745044605e-06,
        2.2192139097200684e-06,
        4.8196457504864685e-06,
        -7.392543574483852e-06,
        -2.1181101408634714e-97,
        9.252789592132237e-87,
        -1.458161126508578e-05,
        -0.05821359773477447
      ],
      [
        -0.026008343627770086,
        -0.0037538396456287012,
        -0.04025409503732227,
        -0.06502141911026524,
        9.287744030986032e-05,
        0.0001563370725985101,
        -5.141048048984612e-05,
        8.637346091182083e-10,
        3.3779996682430635e-48,
        -2.623441272678651e-121,
        -2.3086664266314534e-09,
        -0.07633368933374413
      ]
    ],
    "weights": [
      [
        -0.04562201199256791,
        -0.017347040099141137,
        -0.049450570476717755,
        -0.02468150103792219,
        8.523105214795482e-06,
        1.8295389166065313e-05,
        3.1328620726696185e-09,
        -3.4217107056699425e-08,
        7.796222889748438e-49,
        3.313250602799319e-91,
        -1.0726843840784565e-10,
        -0.06395382067683468
      ],
      [
        -0.03422090074595589,
        -0.05374119898916678,
        -0.027252216860806283,
        -0.03404575023029077,
        3.356322252524265e-05,
        -3.746217224655906e-05,
        1.102920510423899e-10,
        -5.42432378344849e-05,
        -3.6378255763786654e-06,
        -1.1982116970955354e-85,
        -2.0859985279291143e-05,
        -0.05356297946580248
      ],
      [
        -0.03949574022349073,
        -0.027594737034715176,
        -0.04307659739792647,
        -0.034862386143649775,
        -3.038583479060339e-06,
        -4.471474578406687e-06,
        1.9562095523174535e-06,
        -8.224912990339097e-06,
        -8.597037012521865e-98,
        3.7555447688008276e-87,
        9.270205781266323e-05,
        -0.05825451127142809
      ],
      [
        -0.02652335005308743,
        -0.004261108608589233,
        -0.04009515684143373,
        -0.06487021837673347,
        0.00016949665821844366,
        0.0001740069366460169,
        -4.431673958318684e-05,
        3.505747062123142e-10,
        1.37107073026587e-48,
        -1.0648087314383712e-121,
        -9.370471504954912e-10,
        -0.07668975756317287
      ]
    ]
  },
  "cues": [
    [
      1,
      9
    ],
    [
      8,
      3
    ],
    [
      4,
      4
    ],
    [
      4,
      1
    ],
    [
      7,
      4
    ]
  ],
  "env": {
    "delay": 6,
    "grid_size": 10,
    "max_steps": 200,
    "noise": 0.2,
    "num_cues": 5,
    "reward_sparse_prob": 0.1
  },
  "seed": 14
}