{
  "agent": {
    "action_size": 4,
    "cue_exploration_bias": 0.8177777777777777,
    "cue_regularization": 0.0045555555555555575,
    "epsilon": 0.05,
    "state_size": 11,
    "target_weights": [
      [
        -0.04337104693332656,
        -0.015926236092358353,
        -0.05594051516603595,
        -0.026796476664100944,
        -2.817706545639262e-06,
        2.2967850265224354e-06,
        1.9008715857074673e-24,
        -9.982261893794333e-276,
        7.548847018130066e-273,
        3.143070784473811e-252,
        1.2732685127038595e-06,
        -0.0770510876507495
      ],
      [
        -0.01534749173671762,
        -0.04689754329032522,
        -0.03266402001576815,
        -0.027989201376431953,
        1.8401257659577846e-05,
        -2.597880355877685e-06,
        1.364830189292314e-07,
        -1.281189346898664e-05,
        1.0945714275892894e-05,
        -6.329079308388315e-05,
        4.887685291177789e-06,
        -0.05813535717282946
      ],
      [
        -0.0010256765748019056,
        -0.027177079323328687,
        -0.0332403290903458,
        -0.04951292556905988,
        -0.00030662049131413663,
        7.137119935059005e-05,
        9.811436203843888e-08,
        4.906358016939558e-244,
        6.872933577142417e-268,
        2.512595907602668e-15,
        -7.964691433849058e-09,
        -0.06865922724864267
      ],
      [
        -0.012541000617481481,
        0.019684670041234406,
        -0.037099671347877505,
        -0.05091924000568567,
        -2.384127657545942e-06,
        -3.438539475994453e-05,
        -2.7744056021578012e-05,
        1.0298979714445683e-44,
        2.9071306305553073e-36,
        2.2704840811551128e-123,
        -8.354628099632014e-06,
        -0.10011149059816217
      ]
    ],
    "weights": [
      [
        -0.043309171035924354,
        -0.015864360194956153,
        -0.05593278067886068,
        -0.02678874217692567,
        -1.3227081385497654e-05,
        7.041205911692921e-06,
        9.155395777841257e-25,
        -4.807876506909653e-276,
        3.6358417179262057e-273,
        1.5138348748012778e-252,
        6.132595832836608e-07,
        -0.07698147726617202
      ],
      [
        -0.015291209197262887,
        -0.0468875067982157,
        -0.032678613892612396,
        -0.027957549205931003,
        1.2143334570835851e-05,
        2.2153260802548023e-06,
        6.573595316206763e-08,
        -1.9126049661139045e-06,
        5.271915631779484e-06,
        -5.337872264874105e-05,
        -2.3165968595649852e-05,
        -0.058093668510218965
      ],
      [
        -0.0010945873598797453,
        -0.027249686591681695,
        -0.03326138568162637,
        -0.04953028567706528,
        -0.0001321237916277126,
        2.526454391548255e-05,
        4.7255996812535355e-08,
        2.3631080505708053e-244,
        3.310293421537667e-268,
        1.2101716989643524e-15,
        -3.836129850830009e-09,
        -0.06874919462500108
      ],
      [
        -0.012359157885592902,
        0.019720881090334104,
        -0.03716790581055249,
        -0.05084184278557178,
        -5.1644145138232727e-05,
        4.54285779166992e-05,
        -3.969215802687842e-05,
        4.960421109067994e-45,
        1.4001961889873322e-36,
        1.0935604764972436e-123,
        -2.3822751188538053e-05,
        -0.09999788232894855
      ]
    ]
  },
  "cues": [
    [
      6,
      9
    ],
    [
      2,
      3
    ],
    [
      2,
      1
    ],
    [
      2,
      4
    ],
    [
      0,
      7
    ]
  ],
  "env": {
    "delay": 5,
    "grid_size": 10,
    "max_steps": 200,
    "noise": 0.16,
    "num_cues": 5,
    "reward_sparse_prob": 0.18
  },
  "seed": 24
}