{
  "agent": {
    "action_size": 4,
    "cue_exploration_bias": 0.85,
    "cue_regularization": 0.0037500000000000007,
    "epsilon": 0.05,
    "state_size": 11,
    "target_weights": [
      [
        -0.014051295393103248,
        0.0045520513178557145,
        -0.01710603239224424,
        -0.019740858348260733,
        -6.787219856742642e-06,
        2.0293337298397865e-05,
        -5.139100050298074e-21,
        -2.4580668594779016e-05,
        -7.709153823593274e-05,
        7.786944904096225e-23,
        2.313419628542069e-21,
        -0.07945068553348293
      ],
      [
        -0.014331596412617876,
        -0.019246084849559537,
        -0.019084857838227727,
        -0.025709322589495785,
        4.379363589318365e-05,
        -9.410586699009528e-06,
        -9.082240364576377e-19,
        -6.7737947823168845e-06,
        -0.00019255643303538,
        8.982220436442027e-06,
        1.4564884936512804e-05,
        -0.05586020356799661
      ],
      [
        -0.02860733046428642,
        -0.017987920157463196,
        -0.04069366795580022,
        -0.028580482586269218,
        2.422522852920017e-05,
        2.7239898045791798e-05,
        4.376499157426438e-44,
        -8.651521963097692e-05,
        -2.748495279338431e-07,
        6.261779136297708e-52,
        4.626926656574266e-22,
        -0.03578481274517004
      ],
      [
        -0.03271006478105276,
        0.014595025544687555,
        -0.041072040778524825,
        -0.02764999963839616,
        -0.0003404560495025547,
        1.65880590570979e-05,
        2.3056997506054964e-17,
        -0.00012287135727978555,
        -7.168937235330776e-05,
        3.2482455457278844e-44,
        1.3668533864780015e-16,
        -0.06132079305356019
      ]
    ],
    "weights": [
      [
        -0.014085361139371626,
        0.004310240460830952,
        -0.017374943559781926,
        -0.019802024405042036,
        -1.031289246465738e-05,
        -2.498810017816461e-06,
        -1.3694329810093251e-21,
        -2.1780447139435166e-05,
        -0.00010693930061263705,
        2.0750129533581207e-23,
        6.164645769167498e-22,
        -0.07975366244728897
      ],
      [
        -0.01427692869376532,
        -0.019324265800119537,
        -0.01909355040282602,
        -0.025585166484681555,
        4.149503980083282e-05,
        -4.170242872070092e-06,
        -2.4201746171459846e-19,
        1.1397284453789416e-05,
        -0.00015212056535280136,
        2.393521976215709e-06,
        1.1393234422226618e-05,
        -0.05581422841374245
      ],
      [
        -0.028833049143785826,
        -0.018301307952093296,
        -0.040835526762050184,
        -0.028634672277388497,
        -3.644276329605956e-06,
        1.6371501437912422e-05,
        1.1662201998172158e-44,
        -0.00011867910897829409,
        -7.324006240073449e-08,
        1.668596988794719e-52,
        1.2329524434645903e-22,
        -0.036152390230919415
      ],
      [
        -0.03324310261395211,
        0.01363054249941101,
        -0.041572630416949745,
        -0.027719144064443858,
        -0.0001064463940471117,
        7.076092003434482e-05,
        6.144074355199615e-18,
        -0.00014197027612236529,
        -3.1390072073914487e-05,
        8.655707297386422e-45,
        3.642299409093409e-17,
        -0.062354420524884456
      ]
    ]
  },
  "cues": [
    [
      9,
      4
    ],
    [
      5,
      8
    ],
    [
      0,
      7
    ],
    [
      3,
      0
    ],
    [
      2,
      1
    ]
  ],
  "env": {
    "delay": 6,
    "grid_size": 10,
    "max_steps": 200,
    "noise": 0.2,
    "num_cues": 5,
    "reward_sparse_prob": 0.1
  },
  "seed": 5
}