{
  "agent": {
    "action_size": 4,
    "cue_exploration_bias": 0.0,
    "cue_regularization": 0.025,
    "epsilon": 0.05,
    "state_size": 11,
    "target_weights": [
      [
        0.11098920687640447,
        0.11295365548140053,
        0.027067456582062985,
        0.0019332562278733699,
        3.4955798733257363e-07,
        -1.4780159893942727e-08,
        7.00213770657239e-30,
        3.3001243837898882e-31,
        3.3382868338606025e-12,
        9.4e-323,
        3.0604111673943255e-06,
        0.0942509684670785
      ],
      [
        0.2737104581873929,
        0.1974644849742409,
        -0.06104160576630426,
        0.010086278968098756,
        -0.0001227321913430658,
        -0.00015945939275657914,
        -6.178235352334587e-06,
        1.0867297537520697e-05,
        2.5240494764699515e-06,
        -8.273523789789876e-10,
        7.316749709375323e-05,
        0.19532653575558276
      ],
      [
        0.09666544543031219,
        0.06097940365969375,
        -0.0002532735581499755,
        0.011271662417544374,
        2.700251710901182e-05,
        -1.2426961181689661e-05,
        0.00024398795635505605,
        1.7722899837575856e-29,
        8.145507912350573e-10,
        1.6313575787735342e-251,
        5.032991303321087e-13,
        0.08543535423418624
      ],
      [
        0.18864913822336812,
        0.2651496731197818,
        0.012325192257287601,
        -0.036518017087066174,
        1.162330161576329e-05,
        6.619102202573175e-05,
        3.698538257798699e-06,
        -1.8136797663258745e-06,
        1.9381358460293755e-06,
        4.416326273656908e-115,
        7.641535839266286e-05,
        0.19543837811148923
      ]
    ],
    "weights": [
      [
        0.11466637720793091,
        0.1164825710808248,
        0.02798013009171682,
        0.002994184469629402,
        -8.971325017460168e-06,
        -0.00012169944746369881,
        9.437465421237884e-34,
        4.447900207470603e-35,
        3.2093026124493524e-08,
        9.4e-323,
        1.1897266678775497e-07,
        0.0988408123082588
      ],
      [
        0.27402328239698903,
        0.19703977931886832,
        -0.06181844918840009,
        0.010046965410971876,
        -2.5669247646973496e-05,
        0.00014244448668476804,
        -0.00011038952876295243,
        2.8183295049846064e-06,
        -2.172137019234516e-05,
        -1.1151036719063951e-13,
        7.4640396843099145e-06,
        0.19486251654308326
      ],
      [
        0.09899147998741561,
        0.06311449513571908,
        0.0007545100683427202,
        0.01247038912511516,
        1.5878661859744704e-05,
        -2.3119940091006238e-05,
        0.0001646676816814343,
        2.3886884461611045e-33,
        1.3462985856791654e-06,
        2.198740068322078e-255,
        6.783454336509306e-17,
        0.08876917241778237
      ],
      [
        0.1918909510429547,
        0.26872155840021056,
        0.013513935687472244,
        -0.03565934611772372,
        6.558672939494965e-06,
        2.7672899588604467e-05,
        3.0742890223109935e-05,
        -1.1425289035923816e-05,
        3.60885960173781e-05,
        5.952314599214534e-119,
        -7.579600741293765e-06,
        0.19986893436126055
      ]
    ]
  },
  "cues": [
    [
      8,
      6
    ],
    [
      4,
      5
    ],
    [
      4,
      2
    ],
    [
      8,
      4
    ],
    [
      1,
      0
    ]
  ],
  "env": {
    "delay": 0,
    "grid_size": 10,
    "max_steps": 200,
    "noise": 0.0,
    "num_cues": 5,
    "reward_sparse_prob": 1.0
  },
  "seed": 17
}