{
  "agent": {
    "action_size": 4,
    "cue_exploration_bias": 0.25555555555555554,
    "cue_regularization": 0.018611111111111113,
    "epsilon": 0.05,
    "state_size": 11,
    "target_weights": [
      [
        0.07359363527185057,
        0.07220574329706604,
        0.011602364894778248,
        -0.0018970798777948937,
        -2.1193123027825586e-07,
        -4.396927634655793e-07,
        2.5049557847694007e-08,
        2.2692957428729208e-27,
        9.439452284080773e-07,
        5.699927500044808e-107,
        6.383314211771951e-144,
        0.06957760557431872
      ],
      [
        0.1443353617564229,
        0.11932155804899557,
        -0.03497234982389163,
        -0.0035923238497860732,
        0.00014302536423224784,
        7.442376449671734e-05,
        -6.556321786115283e-05,
        3.3062977904075026e-07,
        -4.830897994490806e-05,
        -1.0929638927618106e-08,
        -1.4971577620774265e-39,
        0.12638963738295522
      ],
      [
        0.05691042427300537,
        0.046167103074122154,
        0.008169920224281285,
        0.007229659259504749,
        1.0847108967543953e-05,
        -2.4388052260111797e-05,
        0.00021714281516250727,
        4.580853166000494e-08,
        0.00010948974730101886,
        1.7884337235897818e-170,
        6.435021991475169e-111,
        0.041543973452737915
      ],
      [
        0.1253879302893389,
        0.170880567888801,
        0.009341063056759573,
        -0.06480594974846621,
        -1.290001241690586e-06,
        4.37276541095564e-06,
        -0.00011133343030807605,
        -3.0054520615335985e-05,
        -3.578957987567288e-05,
        1.0780749298171787e-06,
        -2.689370864079141e-41,
        0.10610665797020719
      ]
    ],
    "weights": [
      [
        0.07453178074929778,
        0.07310702749772194,
        0.011638035129267976,
        -0.0018245483665138506,
        -5.264538694041982e-07,
        -1.2287352371763125e-06,
        4.5438290605472603e-11,
        4.116356865912254e-30,
        1.7122560751308368e-09,
        1.0339302743461503e-109,
        1.157892238833421e-146,
        0.07055142128625566
      ],
      [
        0.1548648403688053,
        0.12808282906537158,
        -0.03675022816907965,
        -0.003601994598967634,
        -7.256028537578085e-05,
        -0.00010346435948963019,
        -9.925397851399094e-05,
        -1.5052557161574476e-06,
        -0.0001864464090090033,
        -1.9825663703350148e-11,
        -2.7157481137646332e-42,
        0.1351412376501496
      ],
      [
        0.05718799259339256,
        0.04653718009661897,
        0.008431123748711883,
        0.007398354081825724,
        -6.011043132540946e-06,
        -1.0607802942354205e-06,
        9.542760524392997e-06,
        5.427655492346811e-05,
        1.9860737608354393e-07,
        3.24410401793103e-173,
        1.1672716982833782e-113,
        0.04208274529755571
      ],
      [
        0.13162599232248456,
        0.17850668128069855,
        0.009604293196883107,
        -0.06593077096709446,
        3.295581395750646e-06,
        -0.0004534991752288455,
        -0.0001672387033051593,
        -7.441517753530586e-05,
        -6.980885480879657e-05,
        1.955558746918836e-09,
        8.581076072387818e-07,
        0.11260795014347642
      ]
    ]
  },
  "cues": [
    [
      6,
      6
    ],
    [
      0,
      4
    ],
    [
      8,
      7
    ],
    [
      6,
      4
    ],
    [
      7,
      5
    ]
  ],
  "env": {
    "delay": 1,
    "grid_size": 10,
    "max_steps": 200,
    "noise": 0.05,
    "num_cues": 5,
    "reward_sparse_prob": 0.65
  },
  "seed": 0
}