{
  "agent": {
    "action_size": 4,
    "cue_exploration_bias": 0.5666666666666667,
    "cue_regularization": 0.010833333333333334,
    "epsilon": 0.05,
    "state_size": 11,
    "target_weights": [
      [
        0.015011202775318503,
        -0.013037854430739033,
        -0.015134066004534218,
        -0.03259746181657223,
        -2.541062232554217e-06,
        -1.2740960343729559e-05,
        1.4698741181277036e-07,
        2.2258619773001995e-08,
        2.195377198117428e-13,
        -1.867301079665309e-280,
        1.171429666271463e-186,
        -0.032727077895851414
      ],
      [
        0.0711845760715488,
        0.025303573163766448,
        -0.041440392361841036,
        -0.04701551317265777,
        0.00021845002231682102,
        4.678566042562606e-05,
        -4.131944311700587e-05,
        -1.5094032244092938e-05,
        -7.575512583006193e-05,
        2.655058713227111e-278,
        1.3651774011246953e-07,
        -0.02486281328693061
      ],
      [
        0.019821592075657694,
        0.0017313559673326504,
        -0.016401653122070165,
        -0.03836167791932049,
        -2.1081635239822475e-05,
        -6.538238975671608e-06,
        6.824964604863957e-10,
        7.811120398564353e-07,
        7.077722419942827e-09,
        -6.02314e-318,
        -5.793242137842366e-252,
        -0.013887017554552432
      ],
      [
        0.009744215702592679,
        0.05353480647505053,
        -0.03826603279827188,
        -0.022192666908275125,
        0.0001550859858456585,
        1.9612238327731883e-05,
        1.3452035863302881e-05,
        -2.7182969467035206e-07,
        9.190526275151244e-06,
        -4.432281415e-314,
        -1.5945669627759173e-16,
        -0.002229168252824237
      ]
    ],
    "weights": [
      [
        0.01525106513152727,
        -0.012892479888814066,
        -0.015126179502063226,
        -0.03249508749981744,
        -6.53970560199995e-08,
        -1.6100178290479346e-05,
        2.1421292617066652e-05,
        5.728502771692043e-10,
        5.650046809990968e-15,
        -4.8057065170863424e-282,
        3.014804223493557e-188,
        -0.032479329037171656
      ],
      [
        0.06996750067378016,
        0.024123787812859124,
        -0.041551313177997644,
        -0.047163724035675765,
        0.00011341158536344336,
        0.00011314930805370223,
        -7.123341139967937e-06,
        4.9521864371639676e-05,
        -3.254391792419181e-06,
        6.833088193624019e-280,
        3.513435516644085e-09,
        -0.026190809500855915
      ],
      [
        0.020442409291850386,
        0.002514527788842284,
        -0.01622058604430839,
        -0.038342965446875654,
        -1.919658705036913e-05,
        -2.6566786458841866e-06,
        1.756480368251974e-11,
        5.278019885283779e-05,
        1.8215303964663212e-10,
        -1.55013e-319,
        -1.4909551437670867e-253,
        -0.013085133260597962
      ],
      [
        0.00961148841640137,
        0.05341262773870426,
        -0.03812146636186712,
        -0.022058649021715417,
        3.71882118554545e-05,
        -2.2926468163456566e-06,
        1.4926853468299488e-06,
        -3.346963450789889e-05,
        -9.777944984150412e-06,
        -1.1406968e-315,
        -4.1037950057396786e-18,
        -0.002217329102610791
      ]
    ]
  },
  "cues": [
    [
      8,
      1
    ],
    [
      5,
      9
    ],
    [
      9,
      4
    ],
    [
      1,
      8
    ],
    [
      5,
      6
    ]
  ],
  "env": {
    "delay": 3,
    "grid_size": 10,
    "max_steps": 200,
    "noise": 0.1,
    "num_cues": 5,
    "reward_sparse_prob": 0.3
  },
  "seed": 29
}