{
  "agent": {
    "action_size": 4,
    "cue_exploration_bias": 0.25555555555555554,
    "cue_regularization": 0.018611111111111113,
    "epsilon": 0.05,
    "state_size": 11,
    "target_weights": [
      [
        0.07733167470613946,
        0.07957853693194922,
        -0.004905784199942252,
        0.001773224646176532,
        -0.0002007075186941993,
        -5.8133688593404e-05,
        1.2990664947085433e-180,
        9.58469093768485e-136,
        1.550717800279079e-168,
        -1.3e-322,
        2.144881738711256e-180,
        0.06423439746698263
      ],
      [
        0.16662612244297081,
        0.12191951226513087,
        -0.024413736052475616,
        0.004312296866233566,
        0.0001835323830921935,
        6.810281877164068e-05,
        -6.28793963020644e-05,
        -4.8277809842470344e-11,
        -1.485286962165008e-08,
        -4.03806336536043e-133,
        -7.6135738414297715e-06,
        0.09802655089325256
      ],
      [
        0.06375154937462725,
        0.07481634267205128,
        -0.033468211587071264,
        -0.00763031439425356,
        -9.588909842442534e-06,
        -3.070773894759575e-06,
        1.3e-322,
        2.572283605699984e-136,
        -1.8854e-320,
        -1.3e-322,
        5.089527895268065e-11,
        0.08128333823325407
      ],
      [
        0.11314607522206008,
        0.14892725255390207,
        -0.0013527128151533555,
        -0.05796886098518187,
        0.00015347042917679797,
        5.729926472289487e-05,
        -4.973808968775158e-06,
        1.7627141477258382e-16,
        6.164876808650596e-102,
        6.15835341766934e-124,
        3.019835386885112e-05,
        0.10977738260336764
      ]
    ],
    "weights": [
      [
        0.0778961374092899,
        0.08014118378281343,
        -0.004873541845084939,
        0.0018072828533200807,
        -9.2616782623799e-05,
        -2.8886342986512463e-05,
        8.684704815565742e-182,
        6.407694439143899e-137,
        1.0367080055196698e-169,
        -1.3e-322,
        1.4339269653154997e-181,
        0.06483110252499039
      ],
      [
        0.16422106689669455,
        0.11952340637530125,
        -0.024438455042683712,
        0.0042786282195787576,
        0.0003712591559879744,
        0.00012662609942081912,
        -9.731133771502946e-06,
        -3.227537076290601e-12,
        -9.929652473798517e-10,
        -2.6995837778553013e-134,
        -2.094265053786501e-06,
        0.09559677635676816
      ],
      [
        0.06375154937462725,
        0.07481634267205128,
        -0.033468211587071264,
        -0.00763031439425356,
        -6.410514921591469e-07,
        -2.0529176096805904e-07,
        1.3e-322,
        1.7196597640242816e-137,
        -1.26e-321,
        -1.3e-322,
        3.4025238585579562e-12,
        0.08128333823325407
      ],
      [
        0.11369743914958459,
        0.14959252291020225,
        -0.0008183920017740779,
        -0.0575484466005782,
        2.993518780557725e-05,
        -5.470404631160197e-06,
        3.21912376592214e-05,
        1.1784348306708551e-17,
        4.121431468330619e-103,
        4.117070357848627e-125,
        2.018863471078982e-06,
        0.11086306734427144
      ]
    ]
  },
  "cues": [
    [
      5,
      7
    ],
    [
      7,
      4
    ],
    [
      6,
      3
    ],
    [
      7,
      0
    ],
    [
      6,
      4
    ]
  ],
  "env": {
    "delay": 1,
    "grid_size": 10,
    "max_steps": 200,
    "noise": 0.05,
    "num_cues": 5,
    "reward_sparse_prob": 0.65
  },
  "seed": 16
}