{
  "agent": {
    "action_size": 4,
    "cue_exploration_bias": 0.8177777777777777,
    "cue_regularization": 0.0045555555555555575,
    "epsilon": 0.05,
    "state_size": 11,
    "target_weights": [
      [
        -0.05145165374631859,
        -0.06113526882196094,
        -0.048934486444087245,
        -0.06333009956803776,
        3.411404922071608e-06,
        -1.8645052518411053e-05,
        5.4e-322,
        -5.4e-322,
        3.501022191832686e-07,
        -4.726388521861167e-06,
        -9.912961329170547e-06,
        -0.10174405153273634
      ],
      [
        -0.0764156993144683,
        -0.038968876185913666,
        -0.06681942077729197,
        -0.03815551322500864,
        1.2921291972943495e-06,
        -7.5581788406902076e-06,
        5.4e-322,
        5.4e-322,
        -2.906081412997869e-06,
        -1.4392222252008906e-05,
        -2.178386599379871e-06,
        -0.10436076344120122
      ],
      [
        -0.06558863767582082,
        -0.05331929524091196,
        -0.06283141740867507,
        -0.055377915809487276,
        1.571860289738925e-05,
        -1.533751862813955e-05,
        5.4e-322,
        -3.374680956771336e-293,
        3.0933706177793726e-07,
        -8.74165036521481e-06,
        -1.0122887777268163e-05,
        -0.09522456345681264
      ],
      [
        -0.08934128567642906,
        -0.05624158150373878,
        -0.0509405226407824,
        -0.02813894694370942,
        1.4598156955010346e-05,
        -9.926935911962882e-06,
        -3.6103791000633655e-07,
        -5.4e-322,
        -2.5377247258548547e-05,
        5.267914544268892e-06,
        7.172613235453432e-06,
        -0.11179429990156074
      ]
    ],
    "weights": [
      [
        -0.051559462594897194,
        -0.06113975871283903,
        -0.04896111722718521,
        -0.06346004930883622,
        7.634201900190067e-06,
        -2.4945696101428492e-05,
        5.4e-322,
        -5.4e-322,
        4.360466088268336e-06,
        -3.065614369610148e-06,
        -9.405721146859687e-06,
        -0.10187849116441292
      ],
      [
        -0.07645075797784844,
        -0.038267155458229805,
        -0.06611818227170864,
        -0.03819105411048935,
        0.00014377313841924938,
        -0.000139399589942547,
        5.4e-322,
        5.4e-322,
        1.42599547420356e-06,
        -1.1363036170728831e-05,
        -2.7730597080792426e-06,
        -0.10369458359899807
      ],
      [
        -0.06559424052244268,
        -0.05337425637644118,
        -0.06287853560171011,
        -0.05537567571361494,
        2.6505466540768436e-06,
        5.317824626346685e-06,
        5.4e-322,
        -6.764353230531246e-294,
        6.200482889981286e-08,
        -2.826187767893198e-06,
        -7.952430523757526e-06,
        -0.09527728449646956
      ],
      [
        -0.08940028428719457,
        -0.056267033548746126,
        -0.05093194473254027,
        -0.028163915601225456,
        1.0684988286464599e-05,
        -4.159512213325786e-06,
        1.4365794098754444e-05,
        -5.4e-322,
        -2.9338415320832995e-05,
        1.0559230701257185e-06,
        1.437708931069128e-06,
        -0.1118447206040841
      ]
    ]
  },
  "cues": [
    [
      1,
      2
    ],
    [
      8,
      9
    ],
    [
      2,
      3
    ],
    [
      2,
      7
    ],
    [
      6,
      3
    ]
  ],
  "env": {
    "delay": 5,
    "grid_size": 10,
    "max_steps": 200,
    "noise": 0.16,
    "num_cues": 5,
    "reward_sparse_prob": 0.18
  },
  "seed": 28
}