{
  "agent": {
    "action_size": 4,
    "cue_exploration_bias": 0.8177777777777777,
    "cue_regularization": 0.0045555555555555575,
    "epsilon": 0.05,
    "state_size": 11,
    "target_weights": [
      [
        -0.05338006590696243,
        -0.025195988804570035,
        -0.05836116330478105,
        -0.033501199074951984,
        1.9117163044430902e-05,
        -5.90410258838743e-05,
        1.2800346020343217e-06,
        8.488596457713175e-06,
        2.239885908435225e-06,
        1.333577878921564e-64,
        -4.167079504779156e-136,
        -0.08062246741929335
      ],
      [
        -0.01741541401475705,
        -0.04566864637933576,
        -0.06728940108766622,
        -0.06535000033578371,
        9.458432837314117e-05,
        7.5869922675746335e-06,
        1.3343206483811079e-06,
        -2.2877224736022823e-05,
        9.906867329230018e-11,
        2.0446051088922016e-06,
        -1.3966302956988693e-06,
        -0.07679467696146358
      ],
      [
        -0.053550725164667516,
        -0.03855691051981176,
        -0.05205036856245721,
        -0.046928968764261336,
        -4.182752207257492e-05,
        2.8355578532760946e-07,
        1.1613680188483181e-11,
        1.3153497788846732e-27,
        1.1471035385826584e-26,
        7.594626729026383e-08,
        2.879154721978883e-41,
        -0.08128326737713538
      ],
      [
        -0.04712635875384915,
        -0.04152662721987033,
        -0.02807559324913671,
        -0.03618814487391647,
        7.262916843704834e-05,
        1.634740070057889e-06,
        -1.5494340995770976e-44,
        3.652477239193685e-07,
        -3.0175137217719465e-06,
        -3.7830423531722946e-05,
        -4.721286929344098e-08,
        -0.08527320267163536
      ]
    ],
    "weights": [
      [
        -0.053383082681084694,
        -0.025201324690498815,
        -0.05836493427243387,
        -0.03350265093079828,
        1.6518412720991616e-05,
        -4.896774848200206e-05,
        1.1060291636583997e-06,
        7.334673004805551e-06,
        1.935400132199255e-06,
        1.1522938706132033e-64,
        -3.6006147429484646e-136,
        -0.08062925516106843
      ],
      [
        -0.017345141110537164,
        -0.045569280783356335,
        -0.06729352458267464,
        -0.06538321652255168,
        0.00011434539930712498,
        -0.00010163722495809972,
        1.152935669423036e-06,
        -2.458476684709249e-05,
        8.560146865724495e-11,
        1.766665428423394e-06,
        -5.026877722561722e-06,
        -0.07672852755225208
      ],
      [
        -0.05354270002366764,
        -0.03853283509681214,
        -0.052034318280457466,
        -0.046928968764261336,
        -4.139483684737634e-05,
        2.4500975801589115e-07,
        1.003493887231633e-11,
        1.1365436633868963e-27,
        9.911684929390289e-27,
        6.562227799196283e-08,
        2.487767974500467e-41,
        -0.08125919195413576
      ],
      [
        -0.047121979532218514,
        -0.04152429976264167,
        -0.028034813722334125,
        -0.03614531358271191,
        7.3374295728643e-05,
        1.7222483188784987e-06,
        -1.3388070123850552e-44,
        3.1559665181913673e-07,
        -2.6073187183495234e-06,
        -1.3953539729128446e-05,
        -4.07948427765531e-08,
        -0.08522804392320216
      ]
    ]
  },
  "cues": [
    [
      1,
      9
    ],
    [
      8,
      3
    ],
    [
      4,
      4
    ],
    [
      4,
      1
    ],
    [
      7,
      4
    ]
  ],
  "env": {
    "delay": 5,
    "grid_size": 10,
    "max_steps": 200,
    "noise": 0.16,
    "num_cues": 5,
    "reward_sparse_prob": 0.18
  },
  "seed": 14
}