{
  "agent": {
    "action_size": 4,
    "cue_exploration_bias": 0.0,
    "cue_regularization": 0.025,
    "epsilon": 0.05,
    "state_size": 11,
    "target_weights": [
      [
        0.07354928261663014,
        0.0968520797492111,
        0.004508152124679613,
        -0.03048259619359489,
        -8.8482216215107e-06,
        1.2870728393493269e-05,
        2.4639355818607875e-186,
        -9.4e-323,
        2.164360690270868e-51,
        -9.4e-323,
        9.4e-323,
        0.07946988102950953
      ],
      [
        0.22701200365454316,
        0.18626086271207784,
        -0.026685613904687242,
        0.003741214854380372,
        -0.0003306659940313646,
        -0.0004121370574636579,
        -6.997562563228674e-140,
        9.4e-323,
        7.444744772172811e-52,
        -9.907600954467062e-40,
        -9.4e-323,
        0.1743735076887682
      ],
      [
        0.06676555069453725,
        0.09744778099648839,
        -0.0029434415368956935,
        -0.012770930132771169,
        0.00011639160377351747,
        -0.00011517368271505619,
        1.3915240962327242e-226,
        -9.4e-323,
        6.5267718851535806e-105,
        2.4258727174419933e-131,
        9.4e-323,
        0.0792713824310124
      ],
      [
        0.18532688639050968,
        0.25544829233875604,
        -0.005815308756761573,
        -0.06528685819953467,
        3.87220075673435e-05,
        -0.00018191880294587156,
        6.187049945220079e-147,
        7.11313370122831e-167,
        -1.6994307786384758e-36,
        7.426361292639786e-18,
        9.4e-323,
        0.15157759592171408
      ]
    ],
    "weights": [
      [
        0.07560216427189202,
        0.09948725349117915,
        0.0060795264866530885,
        -0.02949351391832761,
        -0.0001502976210999059,
        -1.151444959589088e-05,
        1.119521714374623e-189,
        -9.4e-323,
        9.834059008422528e-55,
        -9.4e-323,
        9.4e-323,
        0.08309413704674488
      ],
      [
        0.23072288807825272,
        0.18927071801842088,
        -0.026691946425280434,
        0.004435911451153662,
        -0.00025451158907177976,
        -0.00028747703856109286,
        -3.1794350854388858e-143,
        9.4e-323,
        3.382618235550666e-55,
        -4.501649510458402e-43,
        -9.4e-323,
        0.17807805959188447
      ],
      [
        0.06736289652828621,
        0.09850226036604884,
        -0.0018143119392464218,
        -0.012098934070933385,
        6.177600128125052e-05,
        -1.6645850812496604e-05,
        6.322573744527699e-230,
        -9.4e-323,
        2.9655251151822022e-108,
        1.1022273485876927e-134,
        9.4e-323,
        0.08099785786241061
      ],
      [
        0.18735050444487183,
        0.25815660740572566,
        -0.00533471615316025,
        -0.06549096260854044,
        7.831828020648079e-05,
        -0.00015125129041022753,
        2.811167959335701e-150,
        3.2319463602863646e-170,
        -7.721588473208098e-40,
        3.374265458524149e-21,
        9.4e-323,
        0.15408180657967752
      ]
    ]
  },
  "cues": [
    [
      9,
      1
    ],
    [
      7,
      4
    ],
    [
      2,
      9
    ],
    [
      7,
      5
    ],
    [
      5,
      0
    ]
  ],
  "env": {
    "delay": 0,
    "grid_size": 10,
    "max_steps": 200,
    "noise": 0.0,
    "num_cues": 5,
    "reward_sparse_prob": 1.0
  },
  "seed": 6
}