{
  "agent": {
    "action_size": 4,
    "cue_exploration_bias": 0.0,
    "cue_regularization": 0.025,
    "epsilon": 0.05,
    "state_size": 11,
    "target_weights": [
      [
        0.09149275281527924,
        0.0876340845718554,
        -0.005192866248867194,
        -0.04844272645648394,
        -2.7608914715247337e-05,
        -1.2456121258242522e-05,
        9.4e-323,
        1.9601105541828243e-75,
        1.0502064908532417e-14,
        4.5788754760347365e-08,
        9.4e-323,
        0.03456394835680304
      ],
      [
        0.21243585078892988,
        0.16293443188146153,
        -0.051555251141363764,
        -0.01571899542453821,
        -0.00011290276465982359,
        3.893718532709839e-05,
        -1.6094700168822963e-128,
        5.408165710963064e-37,
        8.251796115574447e-06,
        -5.11152696462001e-05,
        -3.322512754326424e-140,
        0.18405357689178156
      ],
      [
        0.07836341868742827,
        0.06366116928757616,
        0.0038607655881163876,
        -0.04137971540660194,
        -2.0721388639775252e-05,
        3.54980639298373e-06,
        -9.4e-323,
        4.948287753672519e-308,
        2.1900125883064516e-06,
        4.6086935454304416e-07,
        9.4e-323,
        0.03523996744259527
      ],
      [
        0.16521394902949146,
        0.21841110664792926,
        -0.019599881869365926,
        -0.09172565056880672,
        -9.580812896215022e-05,
        -9.675911914280071e-05,
        1.037601118970895e-127,
        -3.945882381831489e-52,
        -2.493628887141306e-05,
        -2.169899034284402e-05,
        1.9457469925915063e-186,
        0.17559875303982778
      ]
    ],
    "weights": [
      [
        0.09200244903864575,
        0.08828940828761234,
        -0.005047238756476764,
        -0.04844272645648394,
        -9.762164680656021e-06,
        -9.169125328134479e-06,
        9.4e-323,
        7.671342562818661e-77,
        4.110224158447876e-16,
        1.7920480176076608e-09,
        9.4e-323,
        0.03521927207255998
      ],
      [
        0.21272494065133696,
        0.1630664470960344,
        -0.05138924523516808,
        -0.015395914870508294,
        2.5809417747385258e-06,
        5.3917350536008056e-05,
        -6.2990303367031484e-130,
        2.1166097859507631e-38,
        4.594497922997729e-06,
        3.0866330440965256e-06,
        -1.3003416288627777e-141,
        0.18450867266038434
      ],
      [
        0.08009776650236737,
        0.06577661582809377,
        0.00467082068372545,
        -0.04095075903657139,
        -2.1462432274937476e-05,
        -3.7957800173692094e-06,
        -9.4e-323,
        1.936625991672594e-309,
        0.0002611124227995141,
        3.5430425726688336e-05,
        9.4e-323,
        0.03778437035314342
      ],
      [
        0.1654737802184184,
        0.2189033349956766,
        -0.019356135514540834,
        -0.09171430137280204,
        -0.00016161577059626555,
        -0.00010438280009382258,
        4.0608901422441184e-129,
        -1.544311640944146e-53,
        3.4088753690967584e-05,
        -1.529160341486131e-05,
        7.61512746762722e-188,
        0.17610233058357966
      ]
    ]
  },
  "cues": [
    [
      4,
      1
    ],
    [
      0,
      9
    ],
    [
      4,
      6
    ],
    [
      6,
      8
    ],
    [
      5,
      2
    ]
  ],
  "env": {
    "delay": 0,
    "grid_size": 10,
    "max_steps": 200,
    "noise": 0.0,
    "num_cues": 5,
    "reward_sparse_prob": 1.0
  },
  "seed": 23
}