{
  "agent": {
    "action_size": 4,
    "cue_exploration_bias": 0.5666666666666667,
    "cue_regularization": 0.010833333333333334,
    "epsilon": 0.05,
    "state_size": 11,
    "target_weights": [
      [
        -0.009615240214111734,
        -0.0009758450716724763,
        -0.041010978177781425,
        -0.027515294757994503,
        -2.1023374904181925e-07,
        -4.3934925456723003e-07,
        6.11663776998105e-208,
        1.0224584650407523e-132,
        1.0347423723799772e-19,
        2.3458645114852935e-06,
        -6.546105374674488e-165,
        -0.04636038210824168
      ],
      [
        0.04938630427073575,
        -0.026222146512275942,
        -0.06305373955491993,
        -0.052101051137261385,
        -0.0007062050469313298,
        -5.471646883185886e-05,
        2.654315527489656e-177,
        2.8795166023055388e-06,
        -7.45900139099677e-05,
        -0.00013986604361850374,
        7.095303496236524e-139,
        -0.04667848564529422
      ],
      [
        0.007936217192911299,
        -0.03144722383946881,
        -0.02708102026626291,
        -0.04561317826404317,
        -7.21102614227122e-07,
        2.7824575431222415e-06,
        1.7916770381839847e-245,
        1.1830978681678502e-33,
        9.931707575893934e-14,
        7.280901474739494e-07,
        1.4658945298835602e-175,
        -0.04703357085851169
      ],
      [
        -0.0035220750124594757,
        -0.026599641699886756,
        -0.024612904491441916,
        -0.04838265827453614,
        5.9697739392096225e-06,
        1.6905025636752915e-05,
        -3.7986762416007496e-204,
        -1.2884660313760092e-05,
        -3.662945174581581e-08,
        -4.607643429154226e-06,
        -7.43346167824924e-164,
        -0.01751719781160161
      ]
    ],
    "weights": [
      [
        -0.009594888417907293,
        -0.0009494062628646458,
        -0.040998936478208146,
        -0.027509340071024607,
        3.38302836808589e-06,
        1.7398996355656417e-06,
        3.626164164508041e-208,
        6.061503697055059e-133,
        6.134327143969377e-20,
        1.3907133536804945e-06,
        -3.8807680983226904e-165,
        -0.046327988612463955
      ],
      [
        0.04890686180318445,
        -0.02670008700822924,
        -0.06312119379940276,
        -0.05217000735334219,
        -0.00037578682335041885,
        -5.782269222660196e-06,
        1.573574275448727e-177,
        1.707081620172293e-06,
        -4.421965884556854e-05,
        -0.00016781195328376838,
        4.206352614279658e-139,
        -0.04722538235732833
      ],
      [
        0.007936217192911299,
        -0.03144722383946881,
        -0.02708102026626291,
        -0.04561317826404317,
        -4.2749571855904684e-07,
        1.6495414983788086e-06,
        1.0621709695022204e-245,
        7.013832196686391e-34,
        5.887875571253777e-14,
        4.316381810704458e-07,
        8.69035312063051e-176,
        -0.04703357085851169
      ],
      [
        -0.003533214526345878,
        -0.02660181075552445,
        -0.024628475948500737,
        -0.04840720018984367,
        4.1902591388740085e-06,
        -7.042445765099021e-07,
        -2.251992708717064e-204,
        -7.638492789439861e-06,
        -2.171526421559949e-08,
        -2.7315777252053553e-06,
        -4.406825018836238e-164,
        -0.017543908782546833
      ]
    ]
  },
  "cues": [
    [
      2,
      6
    ],
    [
      6,
      4
    ],
    [
      7,
      3
    ],
    [
      7,
      8
    ],
    [
      2,
      8
    ]
  ],
  "env": {
    "delay": 3,
    "grid_size": 10,
    "max_steps": 200,
    "noise": 0.1,
    "num_cues": 5,
    "reward_sparse_prob": 0.3
  },
  "seed": 21
}