{
  "agent": {
    "action_size": 4,
    "cue_exploration_bias": 0.25555555555555554,
    "cue_regularization": 0.018611111111111113,
    "epsilon": 0.05,
    "state_size": 11,
    "target_weights": [
      [
        0.030450033822977132,
        0.007164287129421272,
        -0.03488838656503023,
        -0.01637712570213005,
        -3.5540177082283983e-06,
        8.333727908662376e-09,
        4.194597673174959e-09,
        1.3e-322,
        4.624105734275203e-05,
        6.7827803598421035e-136,
        6.532272535698202e-55,
        -0.012352054391894329
      ],
      [
        0.13679465218243236,
        0.07948857075346928,
        -0.1073644707533997,
        -0.03551653837635672,
        -0.00023999436411314246,
        7.09775947645489e-05,
        3.7484500701273034e-18,
        1.346321384928421e-197,
        1.9282029087619563e-05,
        8.819447253173066e-14,
        1.1360612177570615e-09,
        0.06041863850999091
      ],
      [
        0.06452061099931532,
        0.034122019022547405,
        -0.033497126078096046,
        -0.04546776855026159,
        -0.00018420914631951278,
        7.226877873933906e-08,
        3.0709976171064743e-22,
        1.3e-322,
        1.0189446387022183e-30,
        1.3281011241223843e-07,
        2.1600503535364803e-78,
        0.04040481266973359
      ],
      [
        0.09851364613936461,
        0.0829651546912938,
        -0.031379739831967,
        -0.04372028340366496,
        3.918998917359201e-05,
        -9.341141771211917e-07,
        -1.744486381905219e-05,
        1.3e-322,
        -9.347457935929857e-07,
        -1.3770818265673737e-05,
        -4.302171090654735e-17,
        0.09465180768517442
      ]
    ],
    "weights": [
      [
        0.03131360160703126,
        0.007821055252343345,
        -0.034830137271098016,
        -0.016112076747065777,
        -2.4351280952028546e-05,
        -1.2660038779557349e-05,
        4.619161128175653e-11,
        1.3e-322,
        5.092142590202416e-07,
        7.469311199856059e-138,
        7.19344779322009e-57,
        -0.011430237313907982
      ],
      [
        0.13743471029980897,
        0.07994847972229407,
        -0.10744015738812553,
        -0.03541207586253087,
        -0.0004693141152076911,
        0.00012709525913574428,
        4.127855924197273e-20,
        1.482591631389e-199,
        -7.300197560063269e-06,
        9.71212285373173e-16,
        1.2510496179051366e-11,
        0.06098300999264157
      ],
      [
        0.06531926486419369,
        0.03460732155478836,
        -0.03330116660460776,
        -0.04495845774413587,
        -0.000135944801410611,
        4.1557892002254546e-05,
        3.381833949981927e-24,
        1.3e-322,
        1.1786486365441052e-05,
        1.4625271753867717e-09,
        2.3786835843079948e-80,
        0.04139942600810026
      ],
      [
        0.09952354195553256,
        0.08431871216727116,
        -0.031083817123700105,
        -0.04376802235520749,
        1.4969072397498161e-05,
        -1.7055326341981357e-05,
        -2.165591652896756e-05,
        1.3e-322,
        -6.533048071715709e-06,
        -9.01068997431175e-06,
        -4.737622775075745e-19,
        0.09595762620960921
      ]
    ]
  },
  "cues": [
    [
      6,
      0
    ],
    [
      3,
      4
    ],
    [
      7,
      0
    ],
    [
      4,
      0
    ],
    [
      4,
      9
    ]
  ],
  "env": {
    "delay": 1,
    "grid_size": 10,
    "max_steps": 200,
    "noise": 0.05,
    "num_cues": 5,
    "reward_sparse_prob": 0.65
  },
  "seed": 25
}