{
  "agent": {
    "action_size": 4,
    "cue_exploration_bias": 0.8177777777777777,
    "cue_regularization": 0.0045555555555555575,
    "epsilon": 0.05,
    "state_size": 11,
    "target_weights": [
      [
        -0.02220480457841725,
        -0.026820711042378504,
        -0.03726710441194136,
        -0.026722533473359338,
        -3.759803711132237e-09,
        1.2840991921385745e-05,
        1.23953408041914e-11,
        2.809427704739078e-51,
        2.9244713506392254e-07,
        8.506955742235035e-18,
        -2.0039340110229703e-222,
        -0.08525277736987694
      ],
      [
        -0.03852150375124657,
        -0.037551669264390616,
        -0.04683636173044753,
        -0.019244351219310132,
        9.186306166037257e-06,
        4.5051793100818566e-05,
        1.6323052383816858e-05,
        -3.0092392223396146e-06,
        -6.949504262188747e-07,
        4.440636721311473e-06,
        2.1493299033326787e-155,
        -0.055614150454431695
      ],
      [
        -0.02509026183131413,
        -0.022841413567218537,
        -0.05161968151764864,
        -0.03772633010231512,
        2.1833811226149836e-05,
        -5.952182716517921e-06,
        3.750525185837715e-10,
        6.508378905734932e-11,
        -2.529707171930948e-06,
        5.436526799846767e-10,
        1.2297089271820757e-205,
        -0.06529612066316726
      ],
      [
        -0.017878265478221182,
        0.012915400263149558,
        -0.05121453071116631,
        -0.09290657268965344,
        0.00010467311250187394,
        -2.998786242471169e-05,
        -1.34295483517927e-07,
        7.4729454204464694e-06,
        1.4828196702765332e-05,
        -3.9194698506513336e-05,
        -1.3394934175582671e-06,
        -0.0775806316300137
      ]
    ],
    "weights": [
      [
        -0.02220480457841725,
        -0.026820711042378504,
        -0.03726710441194136,
        -0.026722533473359338,
        -1.0859168134029118e-09,
        3.708770483660319e-06,
        3.580056306470623e-12,
        8.11426610273063e-52,
        8.446538314144882e-08,
        2.457002274883537e-18,
        -5.787817138103897e-223,
        -0.08525277736987694
      ],
      [
        -0.03583394736127361,
        -0.03533713751279355,
        -0.04722853378435292,
        -0.01916349863483962,
        -0.0004995324762766525,
        -7.15848666477042e-05,
        5.846430801348937e-06,
        -8.691367204661923e-07,
        -2.514961255116919e-05,
        1.5260858303926707e-05,
        6.2077535395478e-156,
        -0.053318766118364114
      ],
      [
        -0.025126119820168786,
        -0.022833269109609155,
        -0.051605210090123796,
        -0.03775586112125432,
        3.78025914607286e-05,
        -5.662745698539357e-06,
        1.083236964295077e-10,
        5.786114559195411e-06,
        1.2848666026987869e-06,
        1.5701925717529823e-10,
        3.5516790295856686e-206,
        -0.06531750722449708
      ],
      [
        -0.015923941793638728,
        0.015180267972197485,
        -0.05111511826932489,
        -0.09311770427227743,
        -0.00031345453218182596,
        -0.0002787827228137305,
        5.516075438795667e-06,
        -6.026922642118934e-06,
        -6.450254402393199e-06,
        -9.956063835245704e-05,
        -2.014207404001373e-06,
        -0.07552689550358986
      ]
    ]
  },
  "cues": [
    [
      0,
      8
    ],
    [
      1,
      8
    ],
    [
      3,
      6
    ],
    [
      5,
      8
    ],
    [
      4,
      9
    ]
  ],
  "env": {
    "delay": 5,
    "grid_size": 10,
    "max_steps": 200,
    "noise": 0.16,
    "num_cues": 5,
    "reward_sparse_prob": 0.18
  },
  "seed": 19
}