{
  "agent": {
    "action_size": 4,
    "cue_exploration_bias": 0.85,
    "cue_regularization": 0.0037500000000000007,
    "epsilon": 0.05,
    "state_size": 11,
    "target_weights": [
      [
        -0.03463195205279129,
        -0.04703197063716861,
        -0.03619830258833962,
        -0.04486834488515844,
        -1.1588596284152773e-06,
        -1.5084056474032783e-05,
        2.6999624359404496e-05,
        2.9635772140704884e-148,
        3.8326921601491305e-173,
        3.457458106821966e-08,
        4.1883669699261384e-05,
        -0.10522158713567223
      ],
      [
        -0.02624130812161532,
        -0.027601860453516786,
        -0.03870960093948905,
        -0.0333040975653512,
        -9.949320563043689e-05,
        7.08449163194961e-06,
        -7.600615315219172e-06,
        -4.361654985042448e-06,
        -6.9107359267652314e-06,
        -1.2193598890198977e-05,
        -8.272154719945756e-05,
        -0.07842438395295682
      ],
      [
        -0.04417044983553833,
        -0.03537161218680702,
        -0.06100837064167655,
        -0.04067201091846047,
        -3.482530896306063e-05,
        2.7600761327753854e-05,
        4.471110736690165e-05,
        2.302404198371244e-23,
        -4.143750851336732e-157,
        2.428833157719285e-31,
        0.00010663138279002917,
        -0.07170649761874451
      ],
      [
        -0.020269716240970046,
        -0.012161837668285025,
        -0.02252809591904107,
        -0.03869820369983452,
        -0.00010781844531441892,
        0.0001856243920386152,
        -5.46631568016269e-05,
        -2.046543626345613e-06,
        3.5719454287831834e-05,
        1.4109635578443521e-05,
        3.825231416511474e-05,
        -0.09987930525501154
      ]
    ],
    "weights": [
      [
        -0.03458613685728459,
        -0.0469861554416619,
        -0.036141033593956234,
        -0.04481107589077505,
        -8.549473842445045e-06,
        -2.197827462893175e-05,
        1.0319325925241147e-05,
        1.1326868392507533e-148,
        1.4648648086809066e-173,
        1.3214493876740002e-08,
        1.6008046364588675e-05,
        -0.10511850294578214
      ],
      [
        -0.026431130923315924,
        -0.027723630755132515,
        -0.03841895445175739,
        -0.03308150357770439,
        3.157740414465541e-05,
        1.681073939161028e-05,
        -6.95363128544121e-06,
        -9.123440439568735e-06,
        -1.9313795363573606e-05,
        1.659673716114896e-06,
        -7.449506872828136e-05,
        -0.07832356026692576
      ],
      [
        -0.0437302055519497,
        -0.035072955369390445,
        -0.06096381082804776,
        -0.04048586363865962,
        -4.8105624470340145e-05,
        5.7979988261796896e-05,
        7.721387241011945e-05,
        8.79984810839068e-24,
        1.575428535637256e-05,
        9.283062845208693e-32,
        4.075478896380209e-05,
        -0.07122169352152713
      ],
      [
        -0.019094352245573643,
        -0.010702970896533694,
        -0.02240292769389821,
        -0.038856538251046485,
        1.957898313577814e-05,
        0.00011802776300603163,
        -0.00019936285484549427,
        -4.127265637148901e-05,
        0.0010877463996847754,
        7.722572011404158e-06,
        -0.00024183436757994734,
        -0.09857877303447221
      ]
    ]
  },
  "cues": [
    [
      7,
      8
    ],
    [
      7,
      7
    ],
    [
      8,
      9
    ],
    [
      3,
      2
    ],
    [
      8,
      7
    ]
  ],
  "env": {
    "delay": 6,
    "grid_size": 10,
    "max_steps": 200,
    "noise": 0.2,
    "num_cues": 5,
    "reward_sparse_prob": 0.1
  },
  "seed": 11
}