{
  "agent": {
    "action_size": 4,
    "cue_exploration_bias": 0.85,
    "cue_regularization": 0.0037500000000000007,
    "epsilon": 0.05,
    "state_size": 11,
    "target_weights": [
      [
        -0.027752915750671278,
        -0.018647847996835623,
        -0.028870940310920492,
        -0.03676917750862346,
        -4.1819829705139235e-06,
        1.1282338229096354e-06,
        1.6074997984002876e-06,
        7.77550677798366e-06,
        2.149143146502502e-127,
        1.2689957103165934e-05,
        1.467692235711159e-45,
        -0.07787602222326699
      ],
      [
        -0.029212346699495836,
        -0.03118955681473043,
        -0.025531833625687738,
        -0.009474443812871046,
        -7.394035814523886e-06,
        -1.694736362729492e-05,
        6.935681032106032e-05,
        -4.270835471951475e-05,
        -6.638326103248056e-07,
        2.345490736912491e-09,
        2.667421682952684e-17,
        -0.0748571759456871
      ],
      [
        -0.013245907815044079,
        0.0016527298603179284,
        -0.047923471855763095,
        -0.030030181862642582,
        6.0055068533829904e-05,
        1.8949555518324847e-05,
        6.432211619610768e-07,
        1.5242868605515128e-24,
        4.2208232104270955e-119,
        -1.8738622705345899e-07,
        3.2655684947131654e-07,
        -0.07460483132422357
      ],
      [
        -0.007189494904625871,
        0.01555255361639796,
        -0.04758037222591516,
        -0.0657996001764045,
        0.00010273234339117577,
        -0.00027016590340232387,
        2.3859019585787617e-09,
        1.7430387104562588e-05,
        5.441843665148671e-120,
        -0.00010515074822421418,
        -7.924022667975702e-05,
        -0.07953920694491258
      ]
    ],
    "weights": [
      [
        -0.027753046862169166,
        -0.018667671378911045,
        -0.028893258004692578,
        -0.03677180293181802,
        -6.2316010454094685e-06,
        8.200559717146556e-06,
        1.5137155683148713e-06,
        7.321870692042735e-06,
        2.0237585364772533e-127,
        1.1949603755736758e-05,
        1.3820646129484731e-45,
        -0.07789847102853696
      ],
      [
        -0.029210746879411276,
        -0.031175489197414523,
        -0.025503405931695713,
        -0.009458483916110365,
        -6.962655383385292e-06,
        -2.015895120883787e-05,
        8.051186621680961e-05,
        -4.021667778769148e-05,
        -6.251035042142734e-07,
        2.208650879667894e-09,
        2.5117998352250432e-17,
        -0.07482714843161052
      ],
      [
        -0.013237867154253848,
        0.001647424432013424,
        -0.04793833378151626,
        -0.030031697699301012,
        5.197443635683608e-05,
        2.444538519832336e-05,
        6.056945622630872e-07,
        1.4353574126048311e-24,
        3.9745733163303824e-119,
        -1.7645380077862626e-07,
        3.075049760357714e-07,
        -0.0746116525891865
      ],
      [
        -0.007195058750586653,
        0.015520325459465219,
        -0.04760372609765847,
        -0.06579628973717586,
        8.737602155775512e-05,
        -0.00025718492422017986,
        2.246704442991343e-09,
        1.641346913274142e-05,
        5.1243573930576546e-120,
        -0.00011487806821341356,
        -9.805598738749189e-05,
        -0.07956812466261669
      ]
    ]
  },
  "cues": [
    [
      0,
      1
    ],
    [
      1,
      5
    ],
    [
      2,
      4
    ],
    [
      4,
      9
    ],
    [
      3,
      9
    ]
  ],
  "env": {
    "delay": 6,
    "grid_size": 10,
    "max_steps": 200,
    "noise": 0.2,
    "num_cues": 5,
    "reward_sparse_prob": 0.1
  },
  "seed": 2
}