{
  "agent": {
    "action_size": 4,
    "cue_exploration_bias": 0.25555555555555554,
    "cue_regularization": 0.018611111111111113,
    "epsilon": 0.05,
    "state_size": 11,
    "target_weights": [
      [
        0.039285174436040696,
        0.022666455322252012,
        -0.027877586604078568,
        -0.04212926403087618,
        -8.003314330561392e-06,
        1.076801998377771e-06,
        7.7789976363511e-81,
        4.36128956390926e-10,
        6.964095454191023e-119,
        9.223588973826799e-13,
        1.609577370770643e-48,
        0.029606968631253682
      ],
      [
        0.15242504048235103,
        0.07569178916979692,
        -0.048216577779824264,
        -0.044021588651699105,
        0.00012417627362302076,
        -1.218798278693792e-06,
        -2.860896924676835e-37,
        3.796457316458083e-05,
        1.9457856330373304e-05,
        -1.3716317756791161e-05,
        3.1915473544120643e-10,
        0.0688756497496194
      ],
      [
        0.0654230938213615,
        0.04137139262277115,
        -0.023626865205722596,
        -0.034500640584434306,
        -1.3258313852033653e-06,
        -1.0169754836972746e-06,
        2.3912636963050996e-50,
        6.629710704282303e-18,
        3.63980602119046e-245,
        6.4715934650737685e-28,
        2.286048704170918e-08,
        0.008990755482909906
      ],
      [
        0.10068942524974245,
        0.11945291157680672,
        -0.02059534744372,
        -0.04604974034302187,
        0.00029223083810083427,
        0.00017076346196293594,
        3.653367259164591e-49,
        -1.754239988844731e-05,
        -8.655324678946144e-23,
        -7.869929798470988e-06,
        1.9911486423332372e-05,
        0.08086847094562459
      ]
    ],
    "weights": [
      [
        0.039566712991209424,
        0.02274608955150096,
        -0.02760789618946449,
        -0.04165766929034232,
        -1.3432231969292275e-05,
        8.745483211636084e-07,
        1.5627160275082295e-82,
        8.7613564378486e-12,
        1.3990110412819665e-120,
        1.8529187170840223e-14,
        0.0001144446574545947,
        0.0301581976010365
      ],
      [
        0.15510476091844988,
        0.07807365858270252,
        -0.048235451822832294,
        -0.043742611671513845,
        -3.454990110028773e-05,
        4.853286789814028e-06,
        -5.747230795327255e-39,
        1.3025807394245094e-05,
        3.9088717299944947e-07,
        -5.260372768386232e-05,
        6.411471549990996e-12,
        0.07153649614271028
      ],
      [
        0.0662319341523909,
        0.04185789022125913,
        -0.02343373886625923,
        -0.0339851715124295,
        -1.8525003185205138e-05,
        -1.1412316771819779e-05,
        4.803788712767109e-52,
        1.331836781503968e-19,
        7.311974462822126e-247,
        0.00010137397115052589,
        4.592423235839987e-10,
        0.009992722153402696
      ],
      [
        0.10330247932352062,
        0.12242661011722698,
        -0.019847180516115594,
        -0.045662217882059646,
        -0.000602713209175052,
        -0.0006642181854121049,
        7.33921751510947e-51,
        -5.782623132538007e-06,
        -1.7387606001923432e-24,
        7.971721618315457e-06,
        -1.4043689326181882e-06,
        0.08422969194700712
      ]
    ]
  },
  "cues": [
    [
      9,
      0
    ],
    [
      6,
      7
    ],
    [
      3,
      7
    ],
    [
      7,
      4
    ],
    [
      2,
      0
    ]
  ],
  "env": {
    "delay": 1,
    "grid_size": 10,
    "max_steps": 200,
    "noise": 0.05,
    "num_cues": 5,
    "reward_sparse_prob": 0.65
  },
  "seed": 10
}