{
  "agent": {
    "action_size": 4,
    "cue_exploration_bias": 0.85,
    "cue_regularization": 0.0037500000000000007,
    "epsilon": 0.05,
    "state_size": 11,
    "target_weights": [
      [
        -0.027245615956942266,
        -0.030952472253544142,
        -0.04689514990359208,
        -0.030926459631731344,
        -1.4598196994252596e-05,
        -5.577261365860049e-06,
        -2.730157172373445e-08,
        -6.1769253815389075e-86,
        4.4563059581920935e-49,
        -3.882143226123343e-05,
        7.861644180405415e-28,
        -0.07206307357157203
      ],
      [
        -0.0014081848201311926,
        -0.04298693659749087,
        -0.05553371858795696,
        -0.04299623825984697,
        6.10986266869757e-05,
        0.00011526098169606379,
        1.2852312721295849e-45,
        7.640950535702646e-74,
        1.0235131823806613e-128,
        -0.00030853656339618944,
        -3.810592814702364e-06,
        -0.07652968573755982
      ],
      [
        -0.038214528359087355,
        -0.038553302297900216,
        -0.04774189539665146,
        -0.023513038028822136,
        -1.6915334781899858e-05,
        7.16901575606511e-06,
        8.714498449075484e-42,
        -1.038184428207065e-79,
        -6.574479009648376e-46,
        4.581223332217802e-06,
        5.007267815071359e-26,
        -0.06940545252211285
      ],
      [
        -0.025408297285684257,
        -0.060043719573196416,
        -0.013761665970458088,
        -0.023376948685818064,
        -9.977512040426794e-06,
        3.488158944641617e-05,
        1.4670903242094127e-43,
        -1.1295285783681328e-42,
        -2.5627166269264603e-43,
        0.00013042496260704068,
        -1.0991699881001415e-05,
        -0.07263588357415904
      ]
    ],
    "weights": [
      [
        -0.027348916408746017,
        -0.03107479521582506,
        -0.04693643130184615,
        -0.030948718519508235,
        -1.0908757924779396e-05,
        3.79147909680953e-06,
        -1.5893802199178606e-08,
        -3.5959406002958254e-86,
        2.594269888753421e-49,
        -9.230888827354872e-05,
        4.576711510534078e-28,
        -0.07220765542162981
      ],
      [
        -0.002079479128549618,
        -0.04358980423741826,
        -0.0556304203856322,
        -0.043161366726013235,
        9.996355858353634e-05,
        0.00010853694176984662,
        7.482064339053432e-46,
        4.448233151448535e-74,
        5.95845405298332e-129,
        -0.00030761790967971523,
        -2.2183634360449268e-06,
        -0.07729768184365347
      ],
      [
        -0.03820802765570525,
        -0.03855185769714864,
        -0.04774189539665146,
        -0.023507981926191614,
        -1.1172000000900241e-05,
        4.6150325844453355e-06,
        5.0732066276698835e-42,
        -6.043863743509552e-80,
        -3.827379243926903e-46,
        2.6669914175392328e-06,
        2.915016212853091e-26,
        -0.06939895181873075
      ],
      [
        -0.025473780460498033,
        -0.0600389964878571,
        -0.013769251403510646,
        -0.023454740379023693,
        6.143949266813724e-07,
        1.3541177609381295e-05,
        8.540769614755244e-44,
        -6.575630144873894e-43,
        -1.4919035274993282e-43,
        7.592781025531447e-05,
        -1.2636318295245711e-05,
        -0.07270895218202533
      ]
    ]
  },
  "cues": [
    [
      2,
      9
    ],
    [
      1,
      4
    ],
    [
      1,
      7
    ],
    [
      7,
      7
    ],
    [
      6,
      3
    ]
  ],
  "env": {
    "delay": 6,
    "grid_size": 10,
    "max_steps": 200,
    "noise": 0.2,
    "num_cues": 5,
    "reward_sparse_prob": 0.1
  },
  "seed": 1
}