{
  "agent": {
    "action_size": 4,
    "cue_exploration_bias": 0.25555555555555554,
    "cue_regularization": 0.018611111111111113,
    "epsilon": 0.05,
    "state_size": 11,
    "target_weights": [
      [
        0.07959922745138741,
        0.04779021081132548,
        -0.015749907294099506,
        0.007122699633071738,
        -1.6291365908375828e-05,
        -7.557089189163922e-07,
        9.402622799017368e-11,
        0.00013004477390730427,
        2.937036559022017e-190,
        7.446049203613049e-156,
        1.3e-322,
        0.09392628386654972
      ],
      [
        0.17856931025576264,
        0.10855159819265388,
        -0.0312957748108364,
        0.0005945844155619216,
        0.00013565726147926792,
        -9.76148923316412e-05,
        1.121162014206168e-06,
        -2.1273609056722297e-05,
        -6.192066600192655e-190,
        9.48303983040915e-197,
        1.3e-322,
        0.12481990522358954
      ],
      [
        0.0637129416825305,
        0.08867124412687886,
        -0.03127762342560683,
        0.02783164248307374,
        -3.561426963387988e-05,
        -5.408349943133812e-06,
        3.017033402005392e-07,
        0.00016889310612309982,
        9.349131076811954e-198,
        1.3e-322,
        1.3e-322,
        0.08768789146922995
      ],
      [
        0.15147266674017648,
        0.15883695556539698,
        0.024350034891020222,
        -0.04747209911734303,
        0.0002266056709205407,
        -8.517466437650475e-05,
        -5.1911391976729e-05,
        -4.099757805507926e-05,
        1.375364479681033e-205,
        -8.148514498879288e-112,
        -1.3e-322,
        0.10840722776771154
      ]
    ],
    "weights": [
      [
        0.08044555068705826,
        0.04856372963693605,
        -0.01578824574290099,
        0.007157165594330537,
        -4.177213291615837e-05,
        -2.4323040056254267e-06,
        2.0070049181040957e-07,
        9.573910963997053e-08,
        2.1622496367385152e-193,
        5.481789845683957e-159,
        1.3e-322,
        0.09473426865341905
      ],
      [
        0.1867320697693333,
        0.11530782979970752,
        -0.03266891113149485,
        0.0006279760014202899,
        0.00021310854529766018,
        -9.944521556091383e-05,
        -6.504111917706598e-05,
        -9.976086215975504e-05,
        -4.558606434706929e-193,
        6.981424649105067e-200,
        1.3e-322,
        0.13160952841650156
      ],
      [
        0.0645084282559476,
        0.08970311245970677,
        -0.031015795838204997,
        0.027857088311064808,
        8.99622076253051e-06,
        8.300750886492172e-06,
        1.8060283921753007e-06,
        2.215050080552522e-06,
        6.882840873246991e-201,
        1.3e-322,
        1.3e-322,
        0.08874520563004892
      ],
      [
        0.15356536991675554,
        0.161742216928344,
        0.02454920839517455,
        -0.04808548379955683,
        -0.00026131217108595143,
        -5.80751620865032e-05,
        -4.581363938063601e-05,
        -4.4010883693064325e-06,
        1.0125448855711967e-208,
        -5.998945590594596e-115,
        -1.3e-322,
        0.11069910444844482
      ]
    ]
  },
  "cues": [
    [
      3,
      3
    ],
    [
      6,
      9
    ],
    [
      8,
      0
    ],
    [
      2,
      7
    ],
    [
      0,
      9
    ]
  ],
  "env": {
    "delay": 1,
    "grid_size": 10,
    "max_steps": 200,
    "noise": 0.05,
    "num_cues": 5,
    "reward_sparse_prob": 0.65
  },
  "seed": 26
}