{
  "agent": {
    "action_size": 4,
    "cue_exploration_bias": 0.85,
    "cue_regularization": 0.0037500000000000007,
    "epsilon": 0.05,
    "state_size": 11,
    "target_weights": [
      [
        -0.049929385307964765,
        -0.05652530405704544,
        -0.0436346582999585,
        -0.05192607629823606,
        -3.691080323611685e-05,
        5.3124598704254604e-05,
        -5.403715022079345e-172,
        -2.7918007650970846e-06,
        -1.09886427e-315,
        -1.737200090308672e-54,
        -3.882009900502082e-126,
        -0.1091824382002338
      ],
      [
        -0.06347183084013891,
        -0.06181671235102086,
        -0.05390690847811747,
        -0.049195804700558565,
        1.2073816683962857e-06,
        5.840357842464131e-07,
        2.269976313804638e-251,
        -6.020874745049616e-09,
        -2.2866368143201567e-307,
        1.1615000971835261e-104,
        -2.60847e-319,
        -0.10035211386783345
      ],
      [
        -0.047901689213735915,
        -0.054263336057236614,
        -0.042273692546282375,
        -0.04759562786644171,
        1.1480659024433844e-05,
        -8.212073510309744e-06,
        -9.674806201868032e-235,
        -1.526163023670991e-05,
        -2.2650908852343265e-252,
        -4.4952301108141336e-60,
        -2.825774650239675e-159,
        -0.11371175280456705
      ],
      [
        -0.05622300501598718,
        -0.06492911328732505,
        -0.03217652499049449,
        -0.05212479192492024,
        -5.677002251765704e-05,
        2.7679108655754946e-05,
        8.91339801499079e-247,
        -1.2736826473309432e-05,
        -2.65758094e-316,
        3.3234923968304325e-124,
        -6.57e-322,
        -0.11702186538237316
      ]
    ],
    "weights": [
      [
        -0.049941298003410364,
        -0.05653647137518536,
        -0.04367506457526089,
        -0.05196722795084413,
        -8.810462314227288e-06,
        1.3244028465603305e-05,
        -2.0653137902096472e-172,
        -5.438222329313069e-06,
        -4.19988753e-316,
        -6.639623459431315e-55,
        -1.4837141759840958e-126,
        -0.10923475717098179
      ],
      [
        -0.06347810685112033,
        -0.06181907447107653,
        -0.05394145674000593,
        -0.04923426685337278,
        4.085912218997969e-06,
        -8.97862673105647e-06,
        8.675907898906871e-252,
        -2.3011938248532974e-09,
        -8.739584760706382e-308,
        4.439283267606336e-105,
        -9.9693e-320,
        -0.10039293814070334
      ],
      [
        -0.04795035542505288,
        -0.05430499324050904,
        -0.042426640364308106,
        -0.04775558471251202,
        2.922219885276457e-05,
        -3.200430506931115e-05,
        -3.6977358326041086e-235,
        -1.1618981334951064e-05,
        -8.657235665163731e-253,
        -1.7180885187497523e-60,
        -1.080018344660804e-159,
        -0.11391336683390973
      ],
      [
        -0.056218180212596953,
        -0.064952094582522,
        -0.03223143850806321,
        -0.05215189934390174,
        -2.156013887474137e-05,
        5.155047332104828e-06,
        3.4067236637701215e-247,
        -2.745624648111697e-05,
        -1.0157343e-316,
        1.2702473484972073e-124,
        -6.57e-322,
        -0.11707195409655165
      ]
    ]
  },
  "cues": [
    [
      6,
      6
    ],
    [
      0,
      4
    ],
    [
      8,
      7
    ],
    [
      6,
      4
    ],
    [
      7,
      5
    ]
  ],
  "env": {
    "delay": 6,
    "grid_size": 10,
    "max_steps": 200,
    "noise": 0.2,
    "num_cues": 5,
    "reward_sparse_prob": 0.1
  },
  "seed": 0
}