{
  "agent": {
    "action_size": 4,
    "cue_exploration_bias": 0.5666666666666667,
    "cue_regularization": 0.010833333333333334,
    "epsilon": 0.05,
    "state_size": 11,
    "target_weights": [
      [
        -0.05096104582945766,
        -0.058019975869415735,
        -0.04690186610153549,
        -0.06392216426117069,
        5.165046823365991e-06,
        -5.7385997413328876e-06,
        -8.047449898591676e-15,
        -2.27e-322,
        -4.298881512016453e-08,
        -7.22042387878118e-10,
        -8.971055364611415e-274,
        -0.09922082327332477
      ],
      [
        -0.07409737264142705,
        -0.034109163177970796,
        -0.0668990385065466,
        -0.0407765172891641,
        -1.1120651556314397e-05,
        1.2736956150506958e-05,
        -7.314745809573597e-07,
        1.492762961658824e-226,
        -9.77732616856061e-07,
        -1.1189470642068172e-12,
        -4.982621581998534e-85,
        -0.10212205449741751
      ],
      [
        -0.06496754401027276,
        -0.04890560557906207,
        -0.0610884983597402,
        -0.05742759275685188,
        -1.9830998540679706e-05,
        1.3689032327869601e-05,
        4.7386189103710043e-07,
        -6.336541179966325e-227,
        -1.9537626442334874e-06,
        -4.791429056246935e-06,
        -1.8531321436254786e-19,
        -0.09286055074232885
      ],
      [
        -0.07755482458284489,
        -0.03957702907552432,
        -0.05803354854246918,
        -0.04011006418002688,
        -8.862535281688982e-07,
        2.269251912454183e-06,
        2.1146723025480444e-07,
        4.2860325227442215e-223,
        -4.732389622971477e-07,
        2.2054322005950452e-26,
        2.27e-322,
        -0.10710086470966347
      ]
    ],
    "weights": [
      [
        -0.05080137433794897,
        -0.058034267207398994,
        -0.04684791892781567,
        -0.06369425425795892,
        1.53908059374531e-05,
        -7.82358014728743e-06,
        -1.7398537550520532e-16,
        -2.27e-322,
        -9.294155584012506e-10,
        -1.5610512344740904e-11,
        -1.9395366929380366e-275,
        -0.09900720460809626
      ],
      [
        -0.07410263689934807,
        -0.034286038199981925,
        -0.06706844646554262,
        -0.04077431448406988,
        -6.150015801399319e-06,
        6.708171529122851e-06,
        -2.520844971865943e-07,
        3.2273444096859136e-228,
        -3.7270027453044754e-07,
        7.747055989932973e-07,
        -1.0772397441033649e-86,
        -0.10229672671433455
      ],
      [
        -0.06489316091501279,
        -0.04824455414450514,
        -0.06039623271515928,
        -0.05732199545156797,
        6.895425672602895e-06,
        -1.6784124115700326e-05,
        1.0340777562518512e-06,
        -1.3699563346067823e-228,
        -1.568402170004598e-06,
        -1.4894250868390848e-05,
        -4.006460381019198e-21,
        -0.09209390200248815
      ],
      [
        -0.077576485405918,
        -0.03962327578557081,
        -0.05813298187980256,
        -0.04018491163038688,
        2.2132081464889328e-06,
        4.120998975722775e-06,
        -1.901844633766076e-05,
        9.266376147649905e-225,
        -3.213035891855618e-06,
        4.768130953371333e-28,
        2.27e-322,
        -0.10722195887006998
      ]
    ]
  },
  "cues": [
    [
      1,
      2
    ],
    [
      8,
      9
    ],
    [
      2,
      3
    ],
    [
      2,
      7
    ],
    [
      6,
      3
    ]
  ],
  "env": {
    "delay": 3,
    "grid_size": 10,
    "max_steps": 200,
    "noise": 0.1,
    "num_cues": 5,
    "reward_sparse_prob": 0.3
  },
  "seed": 28
}