{
  "agent": {
    "action_size": 4,
    "cue_exploration_bias": 0.85,
    "cue_regularization": 0.0037500000000000007,
    "epsilon": 0.05,
    "state_size": 11,
    "target_weights": [
      [
        -0.05124394327327971,
        -0.044202672876393796,
        -0.055233136950423305,
        -0.05284398433971632,
        5.115291737786686e-06,
        5.426977534031483e-06,
        3.06431081185718e-291,
        7.965795582360375e-06,
        -2.3699964949674355e-07,
        6.863338060832999e-305,
        2.19896328027e-312,
        -0.1162195015278452
      ],
      [
        -0.058358075914181094,
        -0.03870052376509851,
        -0.051783368645585165,
        -0.03726887383389104,
        1.566739767789523e-05,
        3.9087286312197565e-06,
        3.384188263077213e-39,
        0.00010366426238447893,
        -1.2622041764764392e-05,
        2.0165079079417387e-304,
        2.7849039879184e-310,
        -0.12235617049287947
      ],
      [
        -0.03762004376467701,
        -0.0513703105570823,
        -0.03960765059147111,
        -0.059392337528086044,
        -5.97615162431124e-08,
        2.3212431982450535e-06,
        6.707484691581914e-57,
        0.0001629070053913343,
        -4.077590374570961e-06,
        4.301560474743842e-06,
        1.28674542034e-313,
        -0.12212598908685303
      ],
      [
        -0.0772560427657926,
        -0.06900750713522774,
        -0.04457407889949496,
        -0.04079080391957001,
        -2.5243419997932782e-06,
        3.5677840341116667e-06,
        1.2294952696340983e-14,
        -3.74587262369532e-05,
        -1.416887424089112e-05,
        -1.081913066350874e-07,
        2.9425181412869807e-08,
        -0.10075358073931381
      ]
    ],
    "weights": [
      [
        -0.0512705180856973,
        -0.044213886905001,
        -0.055236554678471356,
        -0.05286276285157476,
        3.99269054686454e-06,
        4.719088040916756e-06,
        1.171187479605809e-291,
        3.044547574958774e-06,
        8.936341744238364e-08,
        2.6231854725852357e-305,
        8.4044942569e-313,
        -0.11624949406831084
      ],
      [
        -0.058373303854594646,
        -0.038509107787783305,
        -0.051623434443916,
        -0.0373155835499507,
        -1.2983396787150073e-05,
        -7.807095792441643e-07,
        1.2934454648034884e-39,
        0.00019636731401653874,
        -3.114882985543296e-05,
        7.707145127605744e-305,
        1.06439747232354e-310,
        -0.12221146423162393
      ],
      [
        -0.03762201494041758,
        -0.051260007250257325,
        -0.03950703922139101,
        -0.05940400064057149,
        1.287255357725553e-06,
        1.5357084882772388e-06,
        2.56361791370219e-57,
        0.00018688000346518663,
        -2.031616883828896e-06,
        1.6440674853520745e-06,
        4.917974115e-314,
        -0.12202734889251343
      ],
      [
        -0.07729525733442989,
        -0.06902155655508078,
        -0.04456501923672683,
        -0.040806909405586164,
        -2.7913854907757096e-06,
        2.1575590089765285e-06,
        4.6991625668588876e-15,
        -1.5246963928648858e-05,
        -5.415380204524227e-06,
        -4.13509958725143e-08,
        1.1246380074283692e-08,
        -0.10078373564518299
      ]
    ]
  },
  "cues": [
    [
      2,
      3
    ],
    [
      0,
      9
    ],
    [
      7,
      2
    ],
    [
      1,
      5
    ],
    [
      1,
      3
    ]
  ],
  "env": {
    "delay": 6,
    "grid_size": 10,
    "max_steps": 200,
    "noise": 0.2,
    "num_cues": 5,
    "reward_sparse_prob": 0.1
  },
  "seed": 22
}