{
  "agent": {
    "action_size": 4,
    "cue_exploration_bias": 0.8177777777777777,
    "cue_regularization": 0.0045555555555555575,
    "epsilon": 0.05,
    "state_size": 11,
    "target_weights": [
      [
        -0.053042190295471435,
        -0.05697960532895736,
        -0.05155368352625474,
        -0.0680707661466153,
        -2.6277043347295187e-06,
        1.46201488002466e-06,
        -8.584250529591682e-06,
        -5.4e-322,
        4.717706423921083e-06,
        5.4e-322,
        5.4e-322,
        -0.10337547765820783
      ],
      [
        -0.07340271984430441,
        -0.035446870486975486,
        -0.05646175531370198,
        -0.03211014528972469,
        -1.6998471021441415e-06,
        -8.18609695025213e-05,
        1.1240266264014357e-08,
        5.4e-322,
        -8.431000348641042e-06,
        -3.167509638839644e-297,
        5.4e-322,
        -0.11720242416522482
      ],
      [
        -0.057214672525052614,
        -0.03643279084324435,
        -0.06162976622892495,
        -0.05623358671962245,
        2.882856361621415e-06,
        -6.308130576073924e-06,
        8.89880239630769e-06,
        -8.529781251764039e-89,
        1.1931455855386933e-05,
        1.17896031294444e-292,
        5.4e-322,
        -0.11321562781183961
      ],
      [
        -0.08551296945814708,
        -0.07909416161100412,
        -0.0438760648037992,
        -0.050354729611449385,
        -1.0170390616646302e-05,
        -1.562560876676286e-05,
        1.1554616470134775e-05,
        5.4e-322,
        -2.3610032090092297e-06,
        -7.295968011360347e-09,
        5.4e-322,
        -0.09342441617556133
      ]
    ],
    "weights": [
      [
        -0.05305091010864617,
        -0.056948473482011756,
        -0.05151833642163422,
        -0.06807527070211512,
        5.277656745635875e-07,
        -6.4747515429777064e-06,
        -3.1879712789294e-06,
        -5.4e-322,
        5.60346367857517e-06,
        5.4e-322,
        5.4e-322,
        -0.10334885036676203
      ],
      [
        -0.07321711844728881,
        -0.035524188219332224,
        -0.05648935333706522,
        -0.03187482418371552,
        6.135245234717454e-06,
        -8.022624001224051e-06,
        -4.936525188703944e-07,
        5.4e-322,
        -2.6769254118768533e-05,
        -6.349090279254991e-298,
        5.4e-322,
        -0.11704442079157241
      ],
      [
        -0.05718317487874146,
        -0.03632116282760967,
        -0.06151840299152353,
        -0.056202353851544554,
        1.820877913401689e-06,
        -1.3314769674529053e-05,
        5.474392620294758e-06,
        -1.709745427944007e-89,
        3.1700249657153544e-05,
        2.3631579114263018e-293,
        5.4e-322,
        -0.11307276692812698
      ],
      [
        -0.08553558292912436,
        -0.07902513485783634,
        -0.04381609994138061,
        -0.05038640497317583,
        -5.076893996695769e-06,
        -2.0410495073319806e-05,
        2.0166233124410587e-05,
        5.4e-322,
        1.7451236840176907e-06,
        -5.551773524165009e-06,
        5.4e-322,
        -0.09338706478412002
      ]
    ]
  },
  "cues": [
    [
      7,
      4
    ],
    [
      8,
      5
    ],
    [
      2,
      6
    ],
    [
      0,
      5
    ],
    [
      7,
      9
    ]
  ],
  "env": {
    "delay": 5,
    "grid_size": 10,
    "max_steps": 200,
    "noise": 0.16,
    "num_cues": 5,
    "reward_sparse_prob": 0.18
  },
  "seed": 12
}