{
  "agent": {
    "action_size": 4,
    "cue_exploration_bias": 0.25555555555555554,
    "cue_regularization": 0.018611111111111113,
    "epsilon": 0.05,
    "state_size": 11,
    "target_weights": [
      [
        0.04637738118332564,
        0.04609861613839922,
        -0.013932309005873517,
        0.01876022425418337,
        -1.2453128349985407e-05,
        1.7411428488856264e-05,
        2.5863754689071604e-199,
        8.023824585136448e-163,
        9.933245391528264e-62,
        0.0003346746846268259,
        3.793507396673338e-238,
        0.0541856950104007
      ],
      [
        0.18132695913542396,
        0.10771526246597052,
        -0.045876989555299404,
        -0.023178890431587475,
        0.0001245935231314664,
        -4.524205828701277e-06,
        3.3904583244986994e-42,
        -1.864656897896522e-11,
        3.0420713232397267e-06,
        -0.00024062021926616106,
        2.725447834865809e-228,
        0.1123841690468908
      ],
      [
        0.0732182617289409,
        0.04507792634458669,
        -0.0011868222478639075,
        -0.012828530245076093,
        -2.1705975741238258e-05,
        1.1587988311119264e-05,
        1.6031591474291962e-203,
        2.44092685016606e-31,
        3.9611076217934785e-100,
        1.6662955063273363e-09,
        3.180849864954482e-242,
        0.08815894899366904
      ],
      [
        0.13342707735268283,
        0.14279226497244044,
        0.0017781908627851847,
        -0.049610652931452226,
        -3.110102727351149e-05,
        -6.257744021836264e-05,
        -8.924820531777274e-45,
        2.640584290850765e-105,
        -1.665158075704423e-21,
        0.0003892933086552792,
        -8.910435524157278e-232,
        0.13941958342746807
      ]
    ],
    "weights": [
      [
        0.04656468556558231,
        0.04622348572657033,
        -0.013838656814745182,
        0.01891631123939726,
        1.351040342474482e-06,
        -1.2514334849019638e-06,
        5.195747045259692e-201,
        1.6118990989935495e-164,
        1.995480973792245e-63,
        6.723250450978761e-06,
        7.620743810938056e-240,
        0.054466651583785705
      ],
      [
        0.18501213644372191,
        0.11091409431801219,
        -0.04532337372251942,
        -0.022138929142551167,
        -0.0002627489853732319,
        0.0001865866129960861,
        6.811062057062278e-44,
        -3.7458929239545446e-13,
        6.528458727832156e-05,
        -6.684810567390444e-05,
        5.4751283041657015e-230,
        0.1166229621879688
      ],
      [
        0.0738581181340323,
        0.045741201296399976,
        -0.0010341156921944805,
        -0.012699242236128536,
        5.575632901749664e-06,
        2.516348950104037e-05,
        3.2205723814941137e-205,
        4.903556587939694e-33,
        7.95743443645686e-102,
        1.6415855955879717e-05,
        6.389981457036915e-244,
        0.08895151195442987
      ],
      [
        0.1325748058734603,
        0.141678663812871,
        0.001624655019550001,
        -0.04950285909434035,
        -0.00016974838351639586,
        0.00012017501123495273,
        -1.7928993862228477e-46,
        5.304646673262853e-107,
        -3.345121485933069e-23,
        -0.0004159492365379492,
        -1.7900095946308646e-233,
        0.13841377610501043
      ]
    ]
  },
  "cues": [
    [
      3,
      9
    ],
    [
      8,
      2
    ],
    [
      5,
      9
    ],
    [
      7,
      9
    ],
    [
      1,
      9
    ]
  ],
  "env": {
    "delay": 1,
    "grid_size": 10,
    "max_steps": 200,
    "noise": 0.05,
    "num_cues": 5,
    "reward_sparse_prob": 0.65
  },
  "seed": 3
}