{
  "agent": {
    "action_size": 4,
    "cue_exploration_bias": 0.5666666666666667,
    "cue_regularization": 0.010833333333333334,
    "epsilon": 0.05,
    "state_size": 11,
    "target_weights": [
      [
        0.016502620134144528,
        -0.0021779618082997487,
        -0.012316774720405224,
        -0.036102487132767806,
        -1.335940395663067e-05,
        -2.7547680986517802e-05,
        -6.219371194892256e-224,
        -1.843093473e-315,
        2.9434363979066277e-29,
        1.288924670775158e-07,
        -2.345169322752093e-241,
        -0.032676638182101064
      ],
      [
        0.005986134139278984,
        0.011704027226647281,
        -0.03870149979819194,
        -0.023286867144526234,
        -9.719304391829032e-06,
        3.3417005203412186e-05,
        -1.514927512682823e-82,
        -3.080175032594767e-239,
        4.768261266596681e-05,
        2.6997786083919497e-05,
        -1.344823838378554e-224,
        -0.00281062426981591
      ],
      [
        -0.00796798054343967,
        0.013149672564137724,
        -0.047893119874773765,
        -0.02869155162578285,
        -4.942128776844861e-05,
        -4.271325992869076e-06,
        1.1109296615208746e-140,
        -6.505528801839111e-295,
        4.193666315857189e-17,
        3.2093515348720584e-07,
        7.225749262525565e-182,
        -0.014768178655023818
      ],
      [
        0.025052728994942892,
        0.04620714361109175,
        -0.03314273842030315,
        -0.10246417456583348,
        0.00017548602165285259,
        7.922774324598232e-05,
        1.8637371384622054e-122,
        2.6623377755827937e-174,
        1.448142079676201e-25,
        -0.00012076433692940104,
        1.6692284566432465e-152,
        -0.027422693482513374
      ]
    ],
    "weights": [
      [
        0.01672623864650337,
        -0.0019505033104889097,
        -0.012270016216413951,
        -0.03605956861422852,
        -3.937650885161949e-06,
        -1.1940690832851771e-05,
        -1.6006241847634948e-225,
        -4.743405e-317,
        7.575260162428866e-31,
        3.317190654378983e-09,
        -6.035553463098065e-243,
        -0.03240626116575094
      ],
      [
        0.00588734017202934,
        0.011636988795394345,
        -0.038637232695979774,
        -0.02325435557831082,
        2.452867632532078e-05,
        4.230201609292769e-05,
        -3.8988340444370924e-84,
        -7.927172210793377e-241,
        2.7701743233463494e-05,
        1.562879832132228e-05,
        -3.4610533645636135e-226,
        -0.002845151134853408
      ],
      [
        -0.007690001716670727,
        0.013406738153901539,
        -0.04788189991305841,
        -0.02865941842706237,
        -2.4338230051902017e-05,
        -1.0992731372602403e-07,
        2.8591007484193767e-142,
        -1.6742700200063447e-296,
        1.0792865576992343e-18,
        8.259622272333346e-09,
        1.8596267468540682e-183,
        -0.014478979866539525
      ],
      [
        0.02396596062844436,
        0.04545691189655397,
        -0.033338438336911295,
        -0.10299641113440239,
        0.00032743396553707333,
        7.434508673997922e-05,
        4.796534318958905e-124,
        6.851821668253213e-176,
        3.72695432233899e-27,
        -4.853942545435703e-05,
        4.2959446443603154e-154,
        -0.028705161765620067
      ]
    ]
  },
  "cues": [
    [
      7,
      4
    ],
    [
      4,
      3
    ],
    [
      1,
      1
    ],
    [
      4,
      8
    ],
    [
      5,
      4
    ]
  ],
  "env": {
    "delay": 3,
    "grid_size": 10,
    "max_steps": 200,
    "noise": 0.1,
    "num_cues": 5,
    "reward_sparse_prob": 0.3
  },
  "seed": 27
}